2706
2711
2759
2761
2762
2763
2768
2769
2770
2771
2774
2777
2781
2782
2784
2785
2786
2787
2788
2791
2794
2797
2798
2799
2800
2802
2803
2804
2806
2807
2808
2809
2811
2819
2820
2821
2822
2825
2828
2829
2830
2831
2833
2836
2838
2842
2849
2850
2852
2853
2856
2857
2858
2864
2865
2866
2867
2870
2871
2872
2873
2874
2875
2876
2877
2878
2879
2880
2882
2885
2886
2887
2891
2892
2893
2896
2898
2902
2903
2910
2912
2918
2924
2925
2926
2932
2942
2943
2944
2949
2950
2951
2953
2955
2960
2961
2964
2965
2966
2968
2969
2974
2975
2976
2977
2978
2979
2980
2985
2986
2988
2989
2991
3004
3005
3009
3010
3011
3014
3015
3027
3028
3030
3035
3036
3037
3038
3039
3040
3041
3042
3043
3044
3046
3047
3048
3049
3051
3052
3054
3055
3065
3066
3067
3068
3070
3071
3072
3074
3075
3076
3077
3078
3082
3083
3086
3087
3088
3090
3098
3099
3102
3103
3104
3105
3106
3107
3108
3109
3110
3111
3112
3113
3114
3117
3118
3119
3120
3122
3123
3124
3125
3127
3128
3130
3131
3132
3133
3134
3136
3142
3143
3144
3146
3148
3158
3159
3161
3164
3166
3171
3172
3173
3174
3175
3176
3178
3179
3182
3183
3187
3189
3190
3191
3193
3195
3196
3197
3199
3200
3201
3204
3208
3210
3211
3212
3213
3214
3215
3216
3217
3218
3219
3220
3221
3222
3223
3224
3225
3226
3227
3233
3234
3237
3238
3239
3240
3244
3245
3246
3249
3250
3255
3256
3257
3258
3262
3264
3265
3266
3268
3272
3275
3276
3277
3278
3280
3281
3282
3283
3284
3287
3289
3296
3297
3298
3299
3303
3305
3308
3309
3310
3311
3313
3315
3316
3318
3319
3321
3322
3323
3324
3325
3328
3329
3330
3331
3332
3335
3337
3339
3342
3343
3344
3346
3347
3348
3349
3350
3352
3353
3354
3355
3356
3357
3358
3359
3362
3363
3367
3368
3369
3370
3371
3372
3374
3375
3376
3377
3378
3379
3380
3381
3382
3383
3385
3386
3387
3389
3394
3395
3396
3398
3400
3401
3402
3404
3406
3407
3410
3411
3413
3414
3415
3417
3418
3424
3427
3428
3429
3432
3433
3434
3435
3440
3441
3445
3450
3452
3455
3458
3459
3462
3465
3468
3469
3474
3475
3479
3481
3482
3483
3484
3486
3487
3493
3494
3497
3498
3499
3500
3501
3502
3503
3504
3505
3511
3512
3514
3515
3517
3520
3521
3523
3524
3525
3526
3527
3536
3537
3538
3542
3543
3544
3550
3554
3555
3558
3559
3561
3562
3563
3564
3565
3568
3569
3570
3573
3581
3582
3590
3593
3594
3602
3603
3605
3608
3609
3615
3616
3617
3618
3620
3623
3624
3625
3627
3629
3633
3634
3635
3636
3640
3641
3642
3644
3645
3646
3647
3648
3649
3650
3651
3652
3653
3654
3655
3656
3659
3660
3661
3662
3663
3664
3667
3668
3669
3670
3671
3673
3680
3681
3683
3684
3688
3689
3690
3691
3693
3694
3695
3696
3699
3700
3701
3702
3705
3707
3708
3710
3711
3712
3714
3716
3718
3719
3720
3721
3723
3724
3725
3726
3727
3728
3729
3730
3733
3734
3735
3737
3744
3745
3746
3747
3749
3750
3752
3754
3755
3759
3760
3761
3764
3766
3767
3769
3770
3781
3784
3792
3794
3798
3801
3803
3804
3805
3807
3808
3810
3812
3814
3815
3816
3817
3818
3820
3821
3826
3827
3831
3832
3846
3847
3848
3849
3850
3853
3855
3859
3860
3862
3863
3864
3865
3867
3869
3870
3871
3873
3877
3878
3879
3880
3883
3885
3886
3887
3888
3892
3894
3895
3896
3897
3898
3899
3900
3904
3906
3907
3908
3911
3913
3914
3915
3916
3917
3921
3922
3928
3929
3931
3932
3934
3939
3940
3942
3950
3954
3958
3963
3971
3972
3974
3977
3980
3981
3982
3983
3984
3986
3987
3988
3990
3993
3995
3997
3998
3999
4000
4001
4002
4004
4005
4006
4011
4012
4014
4022
4026
4027
4028
4030
4031
4033
4034
4036
4037
4038
4039
4040
4042
4043
4044
4045
4046
4047
4048
4049
4050
4051
4052
4053
4054
4055
4056
4057
4058
4065
4069
4070
4071
4072
4073
4074
4076
4078
4079
4081
4082
4083
4084
4085
4090
4092
4096
4097
4098
4100
4101
4102
4103
4107
4108
4109
4111
4112
4113
4118
4119
4120
4121
4122
4123
4128
4129
4130
4136
4139
4143
4144
4145
4146
4147
4149
4150
4151
4152
4153
4155
4173
4176
4177
4178
4179
4180
4181
4182
4185
4196
4197
4199
4200
4201
4204
4206
4209
4210
4211
4212
4216
4217
4219
4221
4222
4223
4226
4227
4229
4230
4231
4232
4233
4234
4235
4236
4239
4264
4265
4268
4269
4274
4275
4277
4278
4281
4283
4289
4290
4294
4295
4305
4306
4307
4310
4311
4312
4321
4322
4323
4328
4329
4335
4339
4340
4341
4345
4346
4348
4349
4360
4361
4362
4363
4366
4371
4374
4375
4376
4377
4378
4381
4382
4390
4391
4392
4398
4401
4402
4403
4405
4406
4407
4410
4411
4413
4414
4415
4418
4420
4421
4422
4423
4424
4425
4426
4427
4428
4429
4430
4431
4432
4434
4435
4436
4437
4439
4441
4442
4443
4447
4449
4450
4454
4459
4460
4464
4465
4469
4472
4473
4479
4480
4486
4487
4496
4498
4499
4501
4504
4505
4508
4509
4510
4511
4512
4513
4517
4519
4520
4521
4522
4523
4524
4525
4527
4528
4529
4530
4532
4533
4535
4536
4537
4538
4539
4540
4543
4544
4545
4546
4547
4549
4550
4554
4555
4556
4557
4558
4562
4563
4564
4565
4567
4568
4570
4571
4572
4573
4575
4577
4579
4580
4581
4582
4583
4585
4586
4587
4588
4590
4591
4592
4593
4594
4595
4605
4606
4608
4609
4610
4611
4613
4614
4615
4618
4619
4620
4621
4626
4627
4628
4630
4631
4633
4634
4637
4640
4641
4642
4645
4650
4652
4653
4656
4657
4658
4660
4663
4664
4667
4668
4671
4672
4674
4677
4678
4679
4682
4684
4685
4686
4688
4690
4692
4697
4703
4710
4711
4713
4714
4717
4718
4719
4721
4722
4731
4732
4733
4734
4736
4737
4739
4740
4741
4747
4748
4751
4753
4754
4756
4757
4758
4761
4762
4763
4764
4765
4768
4769
4770
4772
4774
4776
4777
4778
4779
4780
4781
4782
4783
4784
4785
4787
4792
4797
4801
4802
4803
4805
4806
4807
4808
4810
4812
4813
4814
4815
4819
4821
4823
4827
4828
4829
4830
4836
4837
4838
4839
4840
4841
4842
4843
4844
4846
4847
4849
4850
4851
4852
4853
4854
4855
4857
4858
4859
4860
4861
4862
4863
4865
4866
4867
4869
4870
4871
4872
4873
4874
4875
4876
4880
4881
4883
4890
4891
4892
4893
4894
4895
4896
4897
4899
4903
4909
4910
4911
4914
4919
4920
4921
4922
4924
4926
4927
4929
4930
4931
4932
4934
4943
4944
4948
4950
4951
4952
4953
4954
4955
4956
4957
4958
4959
4967
4968
4970
4972
4975
4976
4978
4979
4983
4988
4989
4990
4992
4993
4995
4997
4998
4999
5000
5002
5003
5007
5008
5009
5010
5011
5012
5014
5016
5017
5020
5021
5022
5023
5024
5025
5027
5028
5036
5037
5039
5042
5044
5046
5047
5051
5052
5053
5057
5058
5059
5061
5062
5063
5066
5067
5068
5073
5074
5075
5076
5077
5078
5079
5082
5083
5086
5087
5088
5093
5094
5095
5097
5098
5100
5101
5103
5104
5105
5110
5111
5112
5113
5114
5115
5116
5117
5120
5121
5125
5127
5129
5130
5133
5139
5140
5141
5142
5144
5146
5147
5148
5149
5151
5152
5153
5157
5158
5159
5160
5163
5169
5174
5178
5179
5180
5181
5182
5185
5186
5187
5188
5189
5190
5191
5192
5193
5197
5198
5199
5204
5206
5207
5208
5209
5210
5211
5212
5215
5217
5218
5220
5221
5222
5223
5224
5226
5227
5230
5234
5237
5238
5250
5254
5257
5258
5259
5260
5261
5262
5263
5264
5265
5267
5268
5269
5270
5272
5277
5278
5279
5280
5281
5286
5288
5296
5297
5302
5303
5304
5305
5307
5308
5314
5315
5317
5318
5319
5320
5321
5322
5323
5324
5325
5327
5330
5331
5332
5333
5334
5338
5339
5340
5341
5345
5346
5351
5352
5353
5354
5357
5365
5368
5369
5373
5375
5379
5382
5384
5385
5394
5395
5398
5399
5401
5402
5404
5405
5406
5408
5410
5412
5413
5414
5416
5417
5418
5422
5426
5427
5428
5429
5432
5433
5434
5435
5436
5438
5440
5442
5444
5446
5450
5453
5454
5455
5467
5468
5475
5476
5477
5478
5479
5480
5481
5482
5483
5486
5488
5489
5490
5493
5498
5499
5500
5501
5502
5503
5506
5507
5508
5514
5515
5516
5518
5526
5529
5530
5533
5535
5537
5538
5539
5540
5541
5543
5544
5547
5549
5550
5551
5552
5554
5569
5570
5579
5580
5581
5583
5584
5587
5592
5593
5594
5595
5596
5598
5599
5600
5605
5606
5607
5610
5612
5613
5615
5616
5617
5618
5619
5620
5621
5624
5626
5627
5629
5630
5631
5637
5644
5647
5653
5654
5655
5656
5657
5658
5659
5660
5661
5663
5664
5665
5671
5679
5681
5683
5684
5688
5689
5690
5691
5692
5693
5694
5695
5696
5697
5698
5699
5702
5706
5708
5709
5710
5712
5714
5718
5719
5721
5722
5723
5738
5739
5740
5741
5742
5747
5748
5752
5754
5755
5756
5757
5758
5759
5761
5762
5763
5765
5774
5775
5776
5778
5782
5786
5789
5790
5791
5792
5793
5794
5796
5799
5800
5801
5802
5803
5804
5806
5807
5808
5809
5810
5811
5812
5819
5820
5821
5823
5824
5825
5826
5827
5833
5849
5850
5851
5854
5855
5857
5858
5860
5861
5863
5864
5865
5866
5867
5868
5870
5871
5872
5873
5874
5875
5877
5878
5884
5885
5886
5888
5889
5890
5897
5901
5905
5907
5908
5911
5931
5932
5934
5935
5936
5940
5941
5943
5944
5948
5949
5957
5959
5961
5970
5985
5986
5988
6020
6021
6029
6032
6033
6035
6036
6038
6039
6040
6042
6045
6046
6047
6049
6050
6051
6052
6054
6055
6056
6057
6060
6061
6063
6065
6072
6073
6074
6077
6078
6080
6082
6083
6087
6088
6094
6095
6096
6099
6100
6101
6102
6103
6104
6105
6106
6107
6115
6116
6125
6126
6127
6132
6133
6134
6137
6142
6143
6144
6145
6146
6147
6148
6151
6157
6159
6160
6161
6163
6169
6170
6171
6178
6179
6180
6181
6182
6183
6184
6185
6186
6189
6191
6192
6193
6194
6196
6197
6198
6199
6200
6201
6202
6203
6204
6205
6206
6207
6208
6209
6210
6211
6212
6213
6214
6215
6216
6217
6218
6219
6222
6223
6225
6226
6227
6228
6229
6230
6231
6232
6233
6236
6237
6238
6239
6243
6244
6246
6247
6248
6249
6250
6251
6252
6253
6254
6257
6258
6259
6260
6264
6265
6266
6267
6268
6269
6270
6274
6276
6277
6278
6279
6280
6281
6282
6286
6287
6288
6289
6290
6292
6293
6295
6296
6298
6300
6301
6303
6304
6306
6312
6313
6315
6318
6319
6324
6325
6326
6329
6332
6333
6334
6335
6336
6337
6340
6341
6346
6347
6348
6349
6350
6354
6358
6359
6360
6362
6373
6374
6378
6379
6381
6382
6383
6385
6386
6391
6392
6393
6396
6397
6398
6400
6406
6407
6411
6412
6416
6417
6420
6421
6423
6425
6426
6427
6428
6429
6430
6431
6432
6433
6440
6445
6446
6447
6448
6451
6452
6453
6454
6455
6456
6462
6463
6465
6466
6467
6470
6471
6475
6479
6483
6484
6486
6487
6489
6490
6494
6495
6496
6497
6498
6499
6500
6501
6514
6521
6522
6523
6524
6525
6526
6527
6528
6529
6533
6534
6535
6544
6545
6546
6547
6548
6549
6550
6551
6552
6553
6554
6560
6562
6563
6564
6565
6566
6573
6576
6577
6578
6579
6580
6581
6582
6584
6585
6588
6589
6592
6595
6596
6599
6601
6602
6603
6604
6605
6606
6608
6609
6610
6612
6613
6615
6623
6624
6625
6626
6627
6628
6632
6636
6637
6638
6643
6645
6646
6647
6650
6651
6652
6654
6655
6656
6657
6658
6659
6660
6661
6662
6665
6668
6669
6670
6671
6672
6673
6674
6675
6676
6677
6679
6681
6682
6683
6684
6685
6687
6689
6692
6694
6695
6696
6701
6702
6703
6704
6705
6706
6707
6712
6713
6714
6717
6719
6720
6722
6723
6724
6725
6726
6728
6730
6731
6734
6735
6736
6737
6738
6739
6740
6741
6744
6745
6746
6749
6750
6752
6753
6754
6755
6757
6758
6759
6760
6761
6762
6763
6764
6768
6769
6770
6771
6772
6774
6775
6778
6779
6782
6789
6790
6796
6800
6804
6805
6812
6813
6814
6815
6816
6817
6818
6819
6820
6821
6828
6829
6830
6831
6832
6833
6835
6836
6837
6838
6839
6840
6843
6844
6845
6846
6847
6848
6849
6850
6851
6853
6854
6855
6856
6865
6868
6875
6876
6886
6887
6888
6893
6894
6895
6896
6905
6906
6913
6914
6916
6923
6927
6928
6930
6931
6932
6933
6934
6935
6936
6937
6938
6939
6940
6941
6942
6943
6944
6945
6946
6947
6948
6949
6951
6952
6953
6954
6956
6960
6961
6962
6964
6970
6972
6973
6974
6977
6978
6979
6983
6984
6993
6994
6995
6996
6997
6998
6999
7000
7001
7002
7003
7004
7006
7007
7008
7009
7010
7011
7020
7021
7022
7023
7024
7028
7029
7033
7036
7037
7038
7041
7042
7043
7044
7045
7047
7048
7049
7050
7051
7052
7053
7054
7055
7056
7059
7062
7063
7064
7065
7066
7067
7069
7070
7071
7073
7080
7081
7083
7088
7089
7090
7091
7092
7096
7100
7101
7102
7106
7107
7108
7110
7111
7112
7113
7114
7115
7116
7117
7118
7119
7121
7126
7127
7128
7129
7130
7135
7136
7137
7139
7140
7141
7143
7145
7147
7148
7149
7150
7153
7154
7155
7157
7158
7159
7160
7164
7165
7167
7173
7174
7175
7176
7177
7178
7180
7184
7190
7191
7197
7198
7199
7200
7203
7205
7208
7209
7211
7212
7213
7214
7215
7217
7220
7222
7224
7225
7226
7227
7229
7230
7232
7233
7234
7237
7238
7240
7241
7243
7244
7245
7246
7250
7253
7260
7263
7264
7266
7274
7282
7291
7296
7354
7366
7367
7368
7369
7370
7371
7372
7373
7374
7375
7376
7377
7380
7381
7382
7384
7385
7386
7387
7388
7389
7392
7393
7394
7396
7399
7400
7401
7402
7405
7408
7419
7421
7422
7423
7424
7425
7434
7438
7439
7440
7443
7444
7445
7446
7449
7451
7454
7455
7456
7458
7459
7460
7461
7462
7463
7464
7469
7479
7489
7490
7493
7496
7501
7502
7503
7504
7505
7506
7507
7509
7511
7514
7515
7516
7520
7521
7524
7527
7533
7538
7539
7540
7543
7544
7548
7551
7553
7558
7561
7563
7568
7570
7571
7574
7578
7579
7580
7581
7586
7587
7588
7592
7594
7599
7600
7601
7602
7604
7608
7609
7610
7612
7618
7620
7621
7622
7623
7624
7625
7633
7634
7635
7638
7639
7640
7649
7650
7652
7653
7654
7655
7656
7664
7666
7667
7668
7670
7671
7672
7673
7674
7675
7676
7677
7678
7681
7682
7683
7684
7687
7688
7691
7705
7706
7707
7711
7712
7713
7716
7717
7718
7719
7720
7721
7724
7725
7726
7727
7728
7729
7730
7732
7733
7735
7736
7737
7739
7740
7741
7742
7745
7746
7748
7752
7753
7756
7757
7761
7762
7763
7764
7765
7769
7772
7776
7777
7778
7780
7782
7790
7791
7792
7796
7797
7800
7801
7802
7805
7806
7807
7808
7811
7814
7815
7816
7818
7819
7822
7823
7824
7826
7829
7830
7839
7844
7845
7847
7848
7850
7851
7855
7856
7857
7858
7860
7861
7863
7864
7865
7866
7867
7868
7869
7870
7871
7872
7878
7879
7880
7881
7883
7884
7885
7886
7888
7889
7890
7892
7894
7895
7896
7897
7898
7899
7900
7901
7902
7903
7904
7906
7908
7909
7911
7912
7913
7914
7915
7916
7917
7918
7921
7922
7923
7924
7925
7926
7927
7928
7930
7931
7932
7933
7934
7935
7936
7937
7938
7939
7940
7941
7942
7943
7944
7945
7948
7949
7950
7952
7953
7954
7955
7956
7957
7958
7959
7961
7962
7963
7965
7968
7969
7971
7972
7973
7979
7980
7982
7983
7986
7987
7991
7992
7993
7994
7995
7996
7997
7998
7999
8000
8001
8002
8004
8005
8006
8007
8008
8009
8010
8012
8013
8014
8015
8016
8017
8018
8019
8020
8021
8022
8023
8028
8030
8032
8033
8034
8036
8038
8040
8041
8042
8043
8045
8048
8049
8052
8055
8056
8057
8058
8059
8060
8061
8062
8063
8064
8065
8067
8068
8070
8071
8072
8073
8075
8076
8077
8078
8079
8080
8081
8082
8083
8084
8087
8088
8089
8090
8092
8095
8098
8100
8101
8102
8103
8107
8108
8111
8112
8113
8121
8127
8128
8130
8139
8142
8143
8145
8148
8150
8152
8153
8154
8155
8157
8158
8160
8161
8162
8163
8164
8165
8166
8167
8168
8169
8172
8174
8175
8176
8177
8180
8181
8182
8184
8186
8187
8189
8190
8192
8193
8196
8202
8203
8204
8205
8206
8207
8208
8211
8213
8214
8217
8218
8219
8220
8221
8222
8224
8225
8226
8227
8228
8234
8235
8236
8237
8238
8240
8241
8242
8243
8244
8245
8247
8252
8253
8254
8255
8256
8257
8259
8260
8261
8262
8264
8265
8266
8267
8274
8275
8276
8277
8279
8283
8285
8286
8287
8288
8289
8290
8292
8293
8294
8295
8296
8298
8304
8305
8314
8315
8317
8319
8322
8323
8325
8326
8327
8328
8329
8330
8332
8333
8335
8342
8343
8344
8345
8346
8348
8350
8352
8353
8354
8355
8359
8360
8361
8363
8364
8365
8372
8380
8382
8383
8384
8387
8397
8399
8400
8404
8406
8407
8409
8410
8412
8416
8417
8418
8421
8423
8425
8426
8427
8431
8432
8434
8435
8438
8439
8442
8443
8445
8446
8447
8449
8450
8451
8452
8453
8454
8455
8456
8457
8459
8460
8461
8464
8465
8466
8467
8468
8469
8471
8472
8473
8474
8475
8476
8477
8478
8479
8484
8485
8486
8487
8492
8493
8495
8496
8497
8499
8500
8501
8502
8503
8504
8505
8506
8507
8508
8509
8511
8515
8516
8517
8518
8519
8520
8522
8523
8524
8526
8536
8540
8541
8548
8549
8550
8554
8555
8556
8560
8561
8565
8568
8569
8570
8572
8573
8574
8578
8579
8587
8591
8592
8594
8602
8612
8613
8616
8627
8630
8634
8637
8638
8649
8656
8661
8663
8664
8665
8672
8673
8689
8690
8703
8707
8710
8711
8715
8721
8724
8728
8729
8733
8737
8738
8751
8752
8764
8765
8769
8782
8783
8784
8785
8786
8787
8788
8789
8790
8792
8793
8794
8795
8796
8797
8798
8799
8800
8801
8802
8803
8804
8805
8806
8808
8809
8810
8811
8816
8817
8819
8820
8821
8822
8823
8824
8825
8826
8827
8828
8830
8831
8832
8835
8839
8842
8843
8845
8846
8850
8851
8852
8853
8854
8855
8867
8868
8869
8870
8877
8883
8884
8888
8892
8893
8894
8895
8896
8897
8899
8900
8901
8902
8906
8907
8910
8911
8917
8918
8920
8922
8926
8927
8928
8929
8930
8931
8932
8936
8937
8938
8939
8940
8941
8944
8946
8947
8948
8949
8952
8953
8954
8955
8956
8957
8958
8959
8960
8962
8963
8965
8968
8969
8976
8977
8982
8990
8991
8992
8995
8996
9001
9002
9003
9005
9008
9009
9013
9014
9016
9017
9018
9030
9031
9032
9033
9034
9039
9041
9044
9046
9048
9049
9050
9051
9053
9054
9055
9058
9059
9060
9061
9062
9063
9064
9066
9067
9069
9071
9072
9077
9078
9082
9083
9087
9088
9089
9090
9095
9096
9102
9103
9104
9108
9109
9111
9114
9117
9118
9119
9120
9121
9122
9123
9124
9125
9126
9133
9134
9135
9146
9153
9154
9157
9158
9159
9160
9161
9162
9170
9171
9172
9173
9183
9184
9186
9187
9188
9190
9191
9193
9205
9206
9207
9209
9211
9212
9214
9215
9216
9217
9219
9220
9223
9224
9225
9226
9230
9231
9232
9233
9234
9235
9237
9238
9239
9242
9243
9244
9254
9255
9256
9257
9258
9259
9260
9261
9263
9265
9266
9267
9273
9274
9275
9277
9278
9280
9282
9292
9293
9294
9295
9300
9301
9302
9304
9305
9307
9309
9310
9312
9315
9317
9319
9321
9331
9332
9333
9335
9336
9337
9338
9342
9343
9347
9348
9349
9350
9351
9352
9353
9355
9357
9358
9359
9360
9361
9362
9363
9364
9365
9366
9367
9368
9369
9370
9371
9373
9374
9375
9376
9377
9378
9379
9389
9392
9393
9394
9397
9398
9399
9401
9402
9406
9407
9415
9416
9417
9420
9421
9422
9423
9425
9429
9430
9431
9432
9434
9436
9443
9445
9446
9447
9452
9454
9455
9456
9459
9460
9461
9462
9463
9465
9467
9468
9469
9470
9471
9472
9473
9475
9476
9477
9479
9480
9481
9483
9486
9490
9493
9494
9495
9498
9499
9502
9503
9504
9506
9507
9513
9514
9515
9516
9518
9519
9520
9523
9524
9526
9527
9528
9529
9530
9531
9533
9534
9537
9538
9539
9540
9541
9542
9543
9544
9545
9546
9551
9554
9555
9556
9557
9561
9564
9565
9567
9568
9569
9570
9573
9577
9578
9579
9580
9586
9587
9589
9590
9592
9593
9595
9596
9597
9598
9599
9600
9601
9604
9605
9606
9608
9611
9612
9614
9615
9621
9622
9625
9627
9629
9632
9633
9634
9635
9636
9637
9638
9639
9642
9643
9644
9645
9646
9647
9648
9649
9650
9651
9653
9654
9655
9656
9657
9658
9659
9660
9661
9662
9665
9666
9668
9669
9673
9674
9675
9676
9677
9678
9681
9682
9683
9685
9688
9689
9690
9691
9694
9696
9697
9699
9702
9703
9704
9705
9706
9707
9708
9709
9710
9711
9712
9713
9714
9715
9716
9717
9718
9719
9720
9721
9722
9723
9724
9725
9726
9727
9728
9729
9731
9732
9733
9734
9735
9737
9738
9739
9740
9741
9742
9747
9748
9749
9750
9751
9753
9755
9756
9757
9759
9760
9761
9762
9763
9764
9765
9766
9767
9768
9769
9770
9771
9772
9773
9774
9775
9776
9778
9779
9780
9782
9783
9784
9785
9787
9788
9789
9791
9792
9793
9794
9796
9798
9799
9800
9802
9803
9804
9805
9806
9807
9808
9809
9810
9811
9812
9813
9815
9816
9817
9818
9821
9822
9823
9825
9827
9829
9831
9832
9833
9834
9835
9836
9837
9838
9839
9840
9843
9844
9845
9846
9847
9848
9850
9851
9852
9855
9857
9858
9859
9860
9863
9865
9867
9869
9870
9871
9872
9874
9880
9881
9882
9883
9885
9886
9887
9888
9889
9890
9891
9892
9893
9894
9895
9896
9897
9898
9899
9900
9901
9902
9903
9904
9906
9909
9913
9915
9916
9917
9918
9922
9923
9925
9926
9927
9928
9929
9931
9933
9935
9938
9940
9944
9945
9946
9947
9948
9950
9952
9954
9957
9958
9959
9961
9962
9963
9965
9966
9969
9970
9971
9972
9973
9974
9975
9976
9977
9978
9979
9980
9981
9983
9984
9986
9989
9991
9992
9993
9994
9995
9996
9999
10001
10015
10016
10020
10026
10028
10029
10030
10033
10034
10035
10036
10040
10041
10042
10043
10044
10045
10046
10047
10049
10053
10061
10062
10066
10067
10068
10069
10088
10089
10090
10091
10092
10093
10095
10096
10097
10098
10114
10115
10116
10117
10118
10119
10120
10121
10122
10128
10129
10139
10140
10141
10150
10151
10158
10159
10160
10161
10162
10167
10168
10169
10180
10181
10184
10185
10190
10191
10193
10194
10195
10197
10199
10205
10206
10207
10210
10211
10212
10219
10220
10221
10222
10224
10226
10227
10228
10229
10230
10232
10233
12912
12922
12929
12947
12952
12953
12956
12957
12958
12965
12967
12968
12979
12981
12989
12990
12992
13001
13005
13006
13008
13012
13013
13024
13036
13037
13038
13044
13049
13050
13054
13067
13073
13084
13085
13092
13093
13095
13097
13099
13100
13103
13105
13106
13118
13122
13123
13124
13125
13138
13139
13145
13146
13149
13150
13151
13152
13157
13158
13163
13164
13165
13171
13179
13180
13190
13191
13196
13201
13202
13203
13204
13205
13215
13216
13220
13228
13239
13244
13248
13249
13253
13257
13258
13259
13260
13261
13262
13267
13268
13273
13274
13278
13282
13287
13288
13289
13305
13306
13326
13327
13330
13331
13332
13333
13336
13338
13339
13340
13342
13344
13346
13347
13348
13352
13353
13364
13365
13366
13368
13370
13382
13386
13390
13392
13393
13396
13397
13398
13402
13406
13408
13412
13413
13414
13415
13418
13419
13422
13426
13427
13428
13429
13432
13436
13440
13441
13442
13443
13444
13450
13451
13466
13467
13468
13469
13476
13477
13488
13489
13492
13493
13502
13511
13513
13515
13522
13528
13529
13532
13536
13537
13550
13551
13556
13557
13560
13561
13562
13563
13567
13574
13578
13579
13580
13598
13599
13601
13602
13603
13604
13605
13607
13608
13615
13616
13621
13625
13632
13633
13634
13637
13641
13642
13648
13650
13651
13657
13658
13661
13662
13663
13673
13674
13675
13676
13677
13678
13679
13684
13685
13686
13691
13699
13707
13708
13712
13714
13715
13718
13720
13721
13723
13726
13727
13730
13732
13733
13734
13735
13736
13747
13748
13749
13750
13757
13761
13762
13778
13786
13788
13790
13792
13798
13802
13803
13804
13805
13809
13810
13811
13813
13814
13815
13817
13818
13819
13820
13821
13823
13824
13825
13827
13828
13829
13833
13836
13837
13838
13893
13894
14026
14027
14081
14097
14101
14107
14146
14366
15095
15170
15297
15303
15314
15324
15367
15368
15369
15437
15451
15452
15488
15543
15560
15636
15644
15679
15740
15745
15747
15869
15906
15945
15949
15956
15957
15970
16046
16107
16150
16195
16360
16362
16367
16376
16398
16399
16404
16464
16472
16480
16711
16712
16714
16718
16727
16728
16733
16736
16737
16739
16748
16751
16752
16896
16897
16908
16914
16915
16921
16922
16923
16924
17514
17515
18794
19013
19151
19205
19373
19952
19953
19955
20008
20019
20025
20339
20340
20400
20483
20685
20997
21015
21019
21020
21024
21199
21472
21496
21555
21556
21559
21561
21562
21563
21566
21571
21634
21819
21861
21880
21910
22009
22027
22042
22097
22118
22140
22302
22303
22527
22531
22662
22663
22665
22774
22788
22868
22910
22973
22977
22978
22986
23012
23013
23066
23080
23081
23089
23090
23097
23109
23110
23136
23138
23143
23146
23149
23166
23170
23186
23199
23201
23204
23205
23207
23209
23211
23212
23214
23216
23224
23242
23249
23250
23261
23412
23461
23513
23672
23808
23809
24028
24051
24079
24208
24579
24609
24646
24647
24663
24735
24902
24921
24942
24943
24945
24952
24955
24956
24957
24966
25168
25443
25473
25608
25610
25611
25613
25623
25624
25625
25628
25629
25641
25645
25664
25666
25673
25692
25733
25913
25926
25996
26122
26316
26319
26324
26336
26339
26378
26478
26766
26818
26867
27029
27065
27239
27254
27257
27288
27289
27291
27292
27293
27294
27299
27300
27304
27308
27312
27314
27315
27319
27320
27322
27327
27330
27331
27332
27334
27335
27337
27345
27349
27350
27353
27354
27357
27372
27374
27376
27381
27386
27387
27394
27395
27404
27405
27406
27420
27422
27423
27427
27428
27434
27437
27439
27450
27452
27454
27455
27456
27457
27471
27474
27479
27482
27483
27484
27485
27486
27487
27488
27492
27508
27511
27524
27528
27529
27532
27544
27545
27548
27549
27551
27563
27564
27567
27577
27578
27580
27583
27584
27585
27591
27592
27596
27601
27602
27603
27604
27605
27606
27607
27609
27610
27615
27616
27621
27622
27634
27637
27638
27641
27642
27659
27661
27666
27667
27671
27673
27674
27675
27679
27680
27686
27687
27688
27689
27690
27693
27694
27695
27696
27697
27699
27703
27704
27705
27706
27707
27708
27710
27715
27716
27717
27718
27719
27720
27723
27724
27726
27760
27767
27768
27769
27770
27771
27772
27773
27778
27779
27780
27786
27787
27788
27789
27790
27791
27792
27793
27794
27799
27800
27813
27818
27819
27827
27828
27829
27830
27833
27834
27835
27838
27840
27841
27843
27847
27848
27850
27852
27853
27871
27872
27884
27901
27907
27908
27911
27914
27915
27917
27921
27922
27923
27925
27929
27932
27933
27943
27945
27946
27947
27964
27965
27966
27967
27970
27971
27973
27974
27977
27978
27989
27991
27994
27997
27998
27999
28000
28002
28005
28007
28009
28010
28013
28014
28017
28021
28022
28023
28024
28376
28377
28378
28379
28380
28456
28459
28460
28462
28466
28470
28494
28498
28502
28523
28526
28528
28529
28532
28542
28548
28549
28550
28551
28556
28557
28564
28565
28568
28572
28574
28578
28581
28583
28584
28585
28586
28588
28593
28607
28609
28610
28612
28632
28641
28644
28651
28680
28683
28707
28708
28710
28712
28725
28728
28729
28731
28732
28733
28734
28735
28736
28737
28738
28741
28742
28743
28744
28745
28756
28758
28761
28762
28771
28778
28779
28781
28791
28793
28795
28799
28800
28817
28819
28821
28824
28828
28829
28832
28833
28834
28835
28838
28840
28843
28844
28859
28908
28909
28929
28930
28960
28964
28966
28968
28971
28974
28977
28979
28980
28982
28983
28985
28986
28992
28995
28997
29000
29001
29002
29003
29006
29007
29012
29017
29019
29020
29021
29022
29026
29029
29030
29031
29051
29052
29053
29056
29057
29058
29064
29065
29073
29077
29078
29079
29080
29081
29082
29083
29084
29085
29086
29087
29088
29132
29135
29136
29137
29138
29139
29140
29142
29143
29144
29146
29148
29150
29151
29158
29159
29160
29164
29166
29169
29170
29171
29172
29175
29176
29178
29179
29185
29186
29187
29189
29196
29197
29202
29203
29204
29205
29214
29216
29217
29226
29247
29582
29583
29585
29587
29588
29595
29596
29600
29603
29607
29614
29616
29619
29626
29635
29637
29638
29642
29646
29649
29650
29655
29656
29659
29661
29662
29664
29665
29674
29678
29679
29684
29687
29695
29710
29712
29722
29727
29729
29730
29753
29760
29780
29788
29808
29811
29820
29823
29824
29825
29826
29827
29828
29829
29830
29832
29833
29834
29840
29845
29849
29850
29852
29855
29856
29875
29879
29880
29882
29883
29884
29892
29893
29898
29899
29901
29902
29907
29908
29909
29910
29917
29922
29923
29924
29932
29933
29960
29961
29962
29964
29965
29966
29967
29979
29994
29997
29999
30001
30002
30005
30007
30009
30010
30019
30023
30025
30033
30062
30063
30066
30068
30069
30073
30075
30076
30078
30079
30083
30084
30085
30086
30087
30089
30092
30093
30095
30098
30099
30102
30121
30137
30147
30161
30176
30189
30190
30192
30195
30203
30207
30213
30225
30248
30252
30261
30262
30263
30264
30265
30266
30267
30268
30273
30274
30298
30300
30301
30302
30304
30307
30309
30311
30312
30316
30319
30320
30331
30335
30340
30346
30348
30352
30356
30357
30364
30365
30366
30367
30378
30380
30384
30385
30386
30387
30388
30389
30390
30396
30397
30403
30407
30409
30410
30411
30412
30413
30414
30415
30416
30417
30418
30419
30420
30424
30426
30427
30443
30444
30445
30446
30447
30448
30449
30451
30454
30455
30457
30458
30459
30462
30464
30467
30468
30469
30475
30483
30491
30495
30496
30500
30501
30503
30507
30511
30521
30522
30527
30531
30532
30533
30538
30539
30546
30548
30550
30552
30553
30554
30558
30559
30560
30562
30577
30578
30587
30588
30591
30595
30596
30599
30600
30601
30602
30603
30608
30609
30610
30611
30613
30614
30615
30617
30619
30636
30637
30639
30640
30644
30645
30648
30649
30650
30656
30657
30659
30660
30662
30666
30667
30700
30717
30718
30719
30721
30723
30724
30725
30726
30727
30732
30747
30757
30759
30761
30762
30763
30764
30766
30767
30768
30769
30771
30790
30799
30803
30806
30828
30840
30842
30843
30846
30848
30849
30850
30851
30852
30853
30854
30857
30858
30859
30860
30861
30862
30863
30864
30865
30866
30867
30869
30870
30871
30874
30875
30876
30887
30892
30907
30908
30910
30917
30942
30943
30947
30948
30949
30950
30955
30959
30960
30962
30972
30983
30987
30988
30989
30991
30992
30993
30994
30995
30996
30997
30998
31000
31001
31002
31004
31006
31007
31008
31009
31012
31013
31014
31016
31017
31018
31019
31022
31023
31024
31025
31026
31027
31028
31029
31031
31032
31033
31034
31089
31090
31091
31092
31093
31097
31098
31101
31102
31103
31136
31138
31139
31140
31141
31142
31155
31172
31173
31174
31175
31176
31179
31180
31181
31183
31184
31185
31192
31198
31199
31210
31212
31213
31216
31218
31220
31234
31237
31239
31241
31242
31243
31244
31245
31248
31262
31265
31271
31272
31275
31276
31277
31281
31285
31286
31298
31299
31300
31301
31302
31306
31311
31312
31314
31317
31319
31320
31321
31323
31324
31325
31330
31337
31338
31339
31345
31346
31347
31351
31352
31353
31354
31355
31356
31359
31360
31361
31362
31364
31365
31366
31370
31371
31377
31380
31384
31386
31388
31392
31395
31396
31399
31412
31427
31428
31430
31436
31441
31444
31450
31451
31452
31453
31454
31455
31468
31469
31473
31477
31478
31479
31481
31484
31487
31497
31498
31501
31502
31869
31870
31908
31919
32071
32084
32087
32088
32100
32101
32109
32110
32111
32128
32129
32132
32141
32142
32143
32157
32159
32160
32162
32186
32201
32203
32220
32221
32222
32224
32228
32229
32233
32237
32243
32244
32245
32247
32260
32261
32262
32263
32264
32275
32277
32278
32280
32281
32304
32305
32306
32307
32320
32321
32323
32324
32335
32341
32346
32347
32348
32349
32350
32351
32352
32353
32354
32355
32356
32357
32358
32365
32367
32374
32378
32381
32382
32386
32388
32389
32390
32391
32399
32400
32406
32407
32408
32426
32427
32431
32432
32434
32436
32439
32440
32443
32446
32457
32458
32459
32473
32506
32507
32512
32513
32516
32517
32519
32521
32523
32524
32525
32535
32536
32538
32541
32542
32543
32544
32561
32569
32570
32577
32578
32584
32585
32586
32594
32595
32597
32635
32638
32639
32643
33083
33084
33085
33090
33092
33093
33096
33097
33100
33101
33103
33104
33105
33106
33111
33113
33128
33152
33153
33154
33159
33160
33169
33170
33174
33176
33178
33179
33181
33183
33184
33186
33187
33188
33190
33191
33194
33196
33202
33203
33208
33213
33218
33253
33256
33259
33264
33265
33266
33275
33278
33283
33284
33285
33286
33310
33313
33317
33339
33340
33341
33342
33343
33344
33345
33346
33347
33348
33349
33350
33351
33352
33353
33354
33355
33356
33357
33358
33359
33361
33362
33365
33366
33367
33368
33370
33371
33372
33373
33375
33377
33378
33379
33380
33381
33382
33383
33384
33385
33386
33387
33388
33392
33393
33406
33407
33408
33411
33412
33415
33416
33419
33424
33425
33427
33428
33431
33433
33443
33446
33464
33467
33476
33477
33484
33491
33504
33508
33511
33512
33513
33518
33519
33527
33528
33535
33541
33542
33543
33548
33550
33551
33553
33554
33556
33558
33559
33561
33562
33574
33577
33579
33580
33581
33582
33583
33584
33592
33594
33595
33596
33597
33611
33615
33616
33617
33627
33629
33630
33632
33634
33636
33637
33639
33640
33641
33642
33644
33651
33652
33653
33656
33657
33658
33674
33677
33678
33680
33682
33789
33823
33825
33829
33831
33832
33833
33834
33836
33837
33838
33839
33840
33841
33843
33844
33845
33846
33847
33848
33849
33850
33851
33852
33853
33854
33855
33856
33859
34111
34114
34115
34116
34143
34144
34145
34147
34148
34156
34157
34158
34160
34161
34176
34193
34199
34201
34245
34254
34270
34273
34274
34275
34276
34277
34278
34280
34281
34282
34284
34285
34287
34292
34301
34305
34307
34314
34315
34316
34317
34318
34319
34320
34328
34330
34341
34343
34346
34348
34349
34353
34356
34358
34363
34365
34366
34368
34371
34372
34373
34374
34378
34379
34381
34384
34387
34388
34390
34391
34392
34395
34397
34399
34406
34416
34418
34419
34420
34426
34433
34435
34444
34446
34448
34450
34451
34453
34458
34474
34475
34478
34479
34480
34481
34482
34484
34485
34486
34487
34488
34489
34493
34498
34499
34502
34503
34504
34506
34507
34508
34509
34512
34513
34517
34528
34531
34542
34552
34553
34554
34555
34569
34570
34571
34572
34573
34575
34576
34585
34586
34587
34590
34594
34597
34598
34600
34601
34603
34605
34606
34607
34611
34612
34613
34615
34619
34620
34621
34622
34625
34630
34631
34632
34634
34636
34637
34638
34639
34640
34641
34643
34646
34649
34652
34654
34655
34667
34672
34673
34675
34676
34680
34687
34690
34695
34699
34717
34720
34725
34735
34739
34740
34746
34752
34753
34756
34757
34758
34759
34760
34761
34763
34765
34767
34771
34772
34773
34774
34779
34781
34782
34784
34788
34815
34816
34820
34822
34823
34825
34826
34827
34828
34829
34837
34839
34854
34855
34856
34865
34866
34868
34869
34870
34871
34872
34873
34874
34875
34876
34877
34878
34879
34880
34881
34882
34883
34884
34885
34886
34887
34888
34891
34892
34898
34899
34902
34903
34907
34912
34915
34923
34924
34944
34975
34977
34978
34979
34984
34989
34999
35005
35019
35024
35033
35051
35052
35054
35063
35069
35070
35072
35073
35076
35078
35079
35080
35082
35086
35087
35088
35089
35094
35098
35102
35103
35105
35106
35107
35121
35123
35124
35127
35128
35129
35131
35135
35140
35143
35150
35151
35162
35163
35164
35165
35167
35168
35171
35199
35203
35205
35206
35218
35225
35226
35231
35232
35235
35422
35423
35424
35426
35428
35429
35432
35433
35434
35435
35436
35439
35443
35445
35455
35459
35460
35461
35466
35472
35475
35478
35484
35490
35491
35492
35493
35497
35499
35500
35523
35524
35525
35527
35536
35539
35540
35547
35549
35550
35557
35559
35569
35570
35571
35573
35581
35582
35583
35584
35585
35587
35588
35590
35608
35609
35627
35629
35630
35632
35634
35658
35670
35671
35675
35676
35680
35681
35682
35685
35686
35688
35704
35707
35709
35710
35711
35713
35715
35717
35718
35719
35721
35722
35726
35729
35732
35737
35845
35862
35864
35866
35868
35869
35872
35880
35883
35884
35885
35886
35899
35912
35924
35925
35934
35935
35937
35938
35939
35973
35974
36011
36012
36014
36015
36022
36025
36033
36034
36035
36038
36044
36048
36050
36054
36055
36056
36064
36065
36066
36075
36080
36081
36086
36087
36094
36095
36097
36100
36103
36113
36114
36119
36120
36136
36137
36138
36141
36147
36149
36150
36151
36158
36161
36162
36164
36165
36166
36176
36177
36181
36182
36184
36185
36186
36187
36188
36189
36190
36199
36200
36203
36211
36212
36213
36224
36225
36229
36230
36238
36239
36240
36241
36242
36244
36245
36249
36250
36252
36254
36255
36256
36257
36270
36274
36275
36291
36292
36294
36297
36298
36300
36302
36304
36305
36307
36310
36311
36312
36316
36325
36327
36329
36330
36331
36459
36590
36596
36627
36630
36638
36643
36646
36650
36651
36655
36656
36657
36658
36659
36666
36667
36668
36670
36672
36673
36695
36703
36707
36713
36715
36719
36721
36722
36723
36734
36735
36736
36747
36750
36751
36752
36753
36754
36756
36757
36763
36764
36776
36779
36793
36794
36801
36802
36825
36880
36881
36882
36894
36902
36906
36907
36908
36909
36910
36911
36913
36914
36919
36922
36930
36931
36932
36933
36939
36940
36941
36952
36953
36954
36955
36975
36977
36981
36982
36983
36985
36986
36987
36988
36989
36998
36999
37000
37003
37010
37011
37012
37028
37029
37031
37032
37036
37038
37040
37041
37044
37046
37049
37064
37067
37074
37075
37082
37083
37090
37093
37096
37098
37099
37104
37163
37169
37170
37173
37174
37175
37176
37178
37179
37180
37181
37184
37186
37189
37191
37200
37228
37229
37231
37232
37234
37236
37237
37240
37241
37242
37243
37266
37267
37273
37293
37306
37307
37308
37309
37310
37314
37319
37336
37343
37344
37347
37348
37349
37350
37353
37357
37358
37359
37360
37389
37397
37398
37404
37405
37406
37411
37412
37413
37414
37417
37418
37419
37420
37421
37424
37425
37427
37428
37429
37433
37434
37442
37463
37466
37467
37468
37471
37500
37502
37506
37509
37510
37511
37512
37513
37516
37517
37520
37521
37522
37526
37528
37530
37531
37535
37536
37538
37539
37540
37543
37546
37550
37553
37562
37567
37568
37569
37570
37571
37572
37573
37576
37577
37579
37581
37582
37592
37597
37598
37599
37604
37606
37607
37608
37609
37611
37612
37613
37616
37617
37621
37623
37629
37639
37652
37653
37657
37662
37671
37675
37682
37690
37696
37698
37699
37702
37723
37724
37727
37737
37743
37751
37769
37776
37777
37782
37796
37797
37806
37810
37818
37820
37822
37831
37837
37840
37842
37844
37845
37846
37847
37849
37850
37852
37853
37854
37858
37861
37862
37867
37870
37871
37877
37886
37887
37888
37889
37890
37891
37894
37895
37896
37897
37898
37901
37909
37937
37945
37948
37987
37989
37990
37991
37992
37994
37997
37998
38002
38006
38009
38010
38032
38033
38037
38038
38039
38041
38066
38068
38069
38070
38074
38096
38099
38102
38105
38106
38110
38118
38122
38123
38124
38125
38127
38130
38131
38132
38135
38136
38137
38152
38157
38162
38190
38204
38206
38222
38224
38236
38241
38254
38255
38257
38258
38262
38266
38268
38269
38271
38273
38274
38275
38276
38278
38295
38352
38358
38367
38368
38377
38386
38390
38410
38413
38447
38448
38457
38489
38526
38527
38543
38544
38563
38566
38567
38568
38569
38574
38578
38579
38581
38582
38585
38586
38588
38593
38594
38595
38596
38605
38606
38607
38608
38609
38610
38611
38612
38613
38614
38615
38616
38622
38624
38625
38626
38627
38630
38631
38632
38633
38654
38657
38658
38662
38663
38667
38668
38669
38674
38683
38684
38685
38686
38687
38690
38691
38692
38699
38701
38702
38703
38705
38709
38715
38716
38721
38722
38723
38725
38727
38728
38729
38730
38732
38734
38736
38744
38747
38748
38749
38758
38761
38762
38771
38775
38783
38785
38820
38832
38833
38834
38835
38836
38851
38868
38871
38873
38877
38879
38880
38881
38931
38933
38934
38937
38942
38944
38945
38946
38948
38949
39024
39026
39030
39051
39053
39087
39088
39089
39090
39095
39097
39107
39109
39119
39126
39127
39130
39131
39145
39161
39162
39163
39166
39169
39172
39173
39174
39176
39177
39181
39182
39183
39186
39189
39193
39202
39211
39214
39215
39216
39217
39219
39226
39234
39236
39237
39238
39239
39241
39242
39246
39249
39251
39259
39268
39271
39274
39288
39293
39298
39303
39304
39305
39310
39325
39329
39346
39347
39350
39352
39358
39367
39384
39395
39397
39400
39411
39412
39414
39416
39426
39432
39442
39447
39449
39451
39452
39453
39465
39466
39475
39476
39500
39502
39509
39510
39536
39540
39550
39553
39556
39567
39568
39583
39584
39588
39611
39616
39617
39620
39630
39633
39634
39638
39677
39682
39684
39698
39700
39701
39707
39708
39709
39715
39716
39717
39757
39758
39812
39814
39816
39819
39820
39821
39829
39832
39847
39848
39855
39875
39892
39899
39930
39931
39932
39933
39934
39937
39940
39941
39946
39947
39965
39966
39987
39998
40008
40029
40030
40037
40040
40079
40080
40081
40082
40083
40084
40085
40092
40093
40096
40098
40099
40100
40102
40105
40106
40107
40109
40111
40125
40127
40138
40139
40141
40144
40145
40147
40148
40149
40150
40151
40155
40156
40157
40163
40172
40175
40176
40191
40199
40204
40219
40221
40231
40232
40233
40234
40235
40236
40237
40238
40247
40248
40249
40253
40254
40255
40283
40289
40290
40297
40302
40304
40307
40308
40312
40317
40322
40338
40339
40340
40342
40343
40345
40347
40348
40349
40352
40354
40355
40364
40370
40374
40380
40382
40409
40410
40411
40415
40417
40420
40424
40436
40443
40444
40458
40459
40465
40466
40468
40470
40490
40492
40493
40510
40525
40532
40548
40550
40551
40552
40553
40559
40562
40563
40568
40573
40580
40583
40588
40593
40595
40601
40602
40634
40635
40637
40657
40658
40665
40667
40674
40678
40685
40686
40690
40695
40696
40697
40716
40810
40811
40816
40817
40818
40829
40830
40843
40886
40888
40910
40916
40917
40918
40921
40922
40929
40931
40932
40948
40949
40951
40952
40978
40981
40984
40986
40994
40995
40996
40997
41011
41015
41016
41020
41021
41024
41025
41026
41027
41029
41030
41042
41043
41047
41057
41058
41061
41062
41063
41066
41067
41068
41069
41070
41071
41073
41074
41078
41084
41085
41086
41087
41088
41093
41094
41097
41102
41105
41108
41110
41111
41112
41113
41116
41117
41119
41138
41139
41140
41142
41145
41154
41155
41156
41158
41165
41166
41168
41169
41191
41196
41197
41209
41212
41218
41219
41220
41225
41242
41243
41247
41249
41253
41254
41260
41261
41266
41299
41300
41302
41303
41310
41311
41317
41318
41320
41321
41322
41324
41356
41360
41361
41362
41363
41372
41377
41385
41393
41395
41396
41399
41412
41413
41425
41426
41427
41433
41438
41439
41442
41443
41445
41446
41447
41448
41449
41479
41485
41487
41503
41549
41550
41552
41561
41562
41568
41574
41603
41623
41629
41665
41666
41667
41687
41688
41697
41702
41703
41704
41705
41710
41711
41712
41725
41736
41743
41746
41747
41748
41753
41754
41755
41757
41758
41759
41768
41773
41775
41776
41779
41781
41782
41795
41796
41807
41809
41811
41817
41819
41820
41824
41827
41828
41829
41830
41831
41832
41833
41834
41845
41847
41850
41851
41860
41871
41872
41873
41874
41875
41878
41879
41880
41881
41882
41885
41886
41888
41891
41895
41910
41912
41913
41934
41937
41938
41943
41944
41945
41946
41947
41953
41954
41955
41958
41959
41960
41972
41990
41993
42024
42026
42043
42045
42046
42047
42049
42062
42068
42071
42072
42073
42074
42082
42083
42100
42111
42113
42148
42156
42163
42164
42167
42168
42169
42170
42183
42185
42188
42192
42195
42196
42210
42216
42219
42226
42228
42229
42241
42242
42243
42248
42251
42254
42258
42260
42261
42265
42266
42267
42270
42274
42275
42279
42282
42287
42288
42289
42290
42291
42295
42297
42298
42300
42302
42305
42308
42315
42316
42324
42325
42329
42344
42345
42349
42360
42364
42367
42373
42374
42377
42382
42383
42384
42398
42399
42400
42410
42413
42424
42425
42434
42449
42450
42451
42452
42458
42461
42467
42472
42476
42479
42480
42485
42486
42487
42489
42491
42492
42495
42496
42504
42509
42513
42514
42520
42525
42526
42527
42528
42530
42545
42550
42551
42552
42555
42556
42558
42562
42563
42576
42580
42583
42585
42595
42600
42604
42610
42611
42612
42619
42620
42624
42627
42634
42636
42644
42645
42647
42648
42649
42650
42651
42653
42655
42656
42657
42658
42659
42660
42661
42662
42663
42666
42669
42673
42676
42677
42695
42712
42724
42725
42732
42736
42737
42740
42742
42743
42745
42746
42747
42749
42756
42759
42760
42803
42805
42807
42813
42822
42823
42824
42826
42829
42834
42839
42840
42863
42890
42891
42892
43041
43043
43045
43049
43062
43068
43075
43085
43086
43107
43108
43111
43120
43124
43125
43146
43147
43148
43149
43150
43151
43162
43167
43168
43174
43179
43183
43184
43215
43216
43219
43220
43222
43224
43228
43229
43233
43257
43258
43261
43265
43271
43277
43278
43288
43319
43321
43326
43327
43328
43331
43332
43333
43334
43335
43338
43346
43363
43365
43366
43430
43433
43443
43453
43455
43467
43469
43470
43471
43480
43486
43488
43506
43507
43508
43512
43513
43537
43540
43541
43559
43564
43565
43566
43567
43568
43581
43589
43592
43593
43602
43603
43646
43651
43653
43689
43693
43694
43695
43697
43698
43699
43700
43707
43718
43733
43734
43735
43737
43738
43739
43740
43741
43742
43743
43744
43745
43746
43747
43749
43750
43752
43753
43754
43755
43756
43779
43780
43781
43782
43784
43785
43786
43787
43788
43789
43790
43791
43792
43793
43801
43808
43809
43813
43816
43817
43818
43823
43831
43838
43845
43848
43852
43853
43860
43866
43867
43868
43871
43873
43876
43889
43898
43901
43910
43911
43912
43913
43914
43915
43916
43917
43921
43925
43926
43938
43940
43941
43942
43943
43944
43946
43951
43953
43954
43959
43963
43971
43987
44015
44040
44042
44045
44049
44051
44052
44055
44056
44057
44058
44067
44069
44070
44077
44085
44089
44093
44108
44146
44147
44164
44165
44168
44169
44170
44185
44186
44191
44192
44196
44204
44207
44212
44215
44226
44277
44281
44295
44296
44297
44298
44299
44317
44318
44326
44328
44329
44330
44331
44341
44342
44351
44352
44353
44386
44387
44393
44394
44395
44397
44398
44412
44413
44414
44415
44417
44431
44439
44440
44450
44451
44456
44477
44482
44483
44484
44485
44486
44487
44488
44489
44490
44491
44494
44495
44496
44499
44503
44504
44505
44509
44510
44515
44516
44521
44522
44525
44529
44530
44532
44533
44534
44535
44536
44537
44538
44539
44541
44542
44543
44544
44545
44546
44547
44548
44549
44550
44551
44552
44556
44565
44566
44570
44573
44578
44580
44581
44586
44588
44598
44599
44604
44615
44630
44631
44643
44649
44653
44654
44662
44664
44669
44670
44685
44689
44732
44734
44744
44745
44759
44926
44927
44928
44931
44932
44941
44945
44947
44974
44975
44976
44978
44981
44985
44990
45005
45049
45053
45057
45059
45080
45081
45082
45083
45085
45086
45087
45088
45095
45096
45098
45105
45106
45108
45118
45120
45123
45124
45125
45126
45127
45128
45130
45131
45132
45133
45141
45142
45147
45148
45151
45153
45154
45156
45157
45171
45172
45173
45183
45186
45187
45234
45244
45249
45264
45277
45279
45285
45286
45303
45311
45312
45322
45324
45325
45349
45350
45351
45354
45357
45366
45372
45375
45381
45382
45383
45385
45426
45436
45437
45438
45443
45449
45450
45464
45474
45478
45480
45489
45493
45502
45506
45510
45511
45513
45515
45518
45524
45525
45535
45537
45538
45548
45549
45551
45552
45553
45554
45558
45560
45567
45568
45569
45573
45575
45577
45579
45583
45584
45588
45593
45601
45607
45609
45618
45620
45623
45625
45627
45628
45639
45650
45664
45676
45689
45690
45762
45779
45782
45783
45784
45787
45789
45790
45792
45793
45794
45796
45806
45807
45834
45847
45882
45918
45919
45926
45927
45931
45948
45949
45950
45951
45954
45970
45971
45981
45986
45992
45993
46000
46001
46002
46005
46011
46012
46034
46036
46066
46070
46083
46086
46093
46101
46104
46105
46108
46111
46117
46118
46147
46207
46213
46218
46245
46260
46270
46272
46275
46287
46304
46305
46324
46332
46338
46347
46366
46367
46394
46396
46397
46398
46414
46451
46458
46459
46472
46514
46524
46562
46567
46569
46570
46572
46573
46579
46580
46583
46589
46593
46596
46597
46598
46603
46604
46612
46625
46634
46660
46681
46682
46683
46684
46685
46697
46699
46700
46701
46703
46706
46718
46719
46721
46724
46725
46729
46730
46731
46736
46741
46744
46745
46746
46749
46750
46751
46752
46756
46761
46786
46794
46835
46841
46842
46844
46877
46900
46903
46905
46906
46944
46945
46949
46968
46977
46997
47010
47021
47022
47023
47025
47032
47056
47061
47063
47069
47070
47071
47085
47094
47097
47122
47133
47135
47136
47144
47166
47167
47188
47189
47190
47198
47199
47203
47204
47205
47216
47244
47248
47278
47284
47285
47287
47314
47316
47341
47346
47353
47360
47376
47389
47396
47424
47429
47446
47453
47454
47455
47456
47459
47473
47520
47521
47522
47523
47526
47527
47528
47529
47530
47536
47537
47538
47539
47546
47567
47569
47570
47571
47572
47573
47600
47602
47605
47614
47615
47622
47623
47634
47637
47664
47690
47691
47692
47693
47694
47697
47698
47699
47700
47702
47707
47718
47720
47721
47722
47724
47727
47729
47732
47743
47747
47755
47757
47766
47767
47773
47777
47780
47781
47789
47790
47801
47817
47828
47830
47832
47833
47887
47890
47893
47894
47904
47905
47906
47907
47911
47932
47933
47969
48000
48031
48032
48035
48037
48043
48086
48087
48095
48100
48101
48106
48109
48118
48119
48120
48134
48138
48139
48148
48155
48156
48163
48164
48165
48167
48168
48169
48170
48171
48193
48194
48195
48196
48219
48220
48227
48230
48233
48250
48252
48253
48254
48270
48271
48275
48276
48279
48283
48284
48286
48300
48301
48302
48384
48385
48386
48387
48399
48415
48416
48419
48420
48423
48424
48427
48438
48439
48457
48469
48482
48483
48485
48490
48491
48495
48497
48498
48516
48517
48522
48524
48525
48526
48528
48531
48532
48533
48534
48545
48547
48558
48560
48563
48578
48586
48587
48595
48610
48611
48640
48667
48668
48691
48698
48699
48701
48703
48704
48705
48706
48708
48715
48716
48717
48722
48723
48731
48732
48738
48741
48742
48743
48744
48746
48747
48750
48752
48772
48781
48783
48784
48791
48796
48799
48808
48809
48823
48846
48847
48849
48850
48851
48852
48857
48858
48860
48861
48865
48867
48881
48883
48890
48891
48896
48897
48910
48911
48924
48929
48940
48942
48966
48969
48970
48991
49005
49009
49012
49044
49077
49102
49104
49168
49169
49188
49197
49198
49212
49224
49229
49230
49236
49237
49244
49247
49248
49249
49250
49261
49266
49274
49292
49314
49323
49329
49330
49332
49336
49353
49369
49390
49408
49442
49448
49451
49455
49495
49503
49510
49526
49541
49551
49556
49559
49562
49564
49565
49577
49588
49589
49599
49606
49613
49633
49647
49656
49657
49662
49663
49666
49669
49674
49684
49693
49697
49721
49722
49743
49761
49762
49763
49786
49800
49801
49827
49895
49972
50007
50022
50023
50024
50025
50026
50028
50036
50037
50039
50041
50045
50053
50116
50117
50118
50119
50122
50123
50132
50147
50148
50176
50178
50179
50180
50181
50183
50187
50188
50190
50193
50225
50234
50235
50236
50237
50241
50247
50248
50250
50271
50272
50289
50304
50341
50347
50352
50362
50365
50368
50370
50374
50376
50384
50385
50386
50387
50389
50390
50391
50402
50403
50416
50424
50425
50426
50428
50429
50435
50439
50443
50451
50452
50457
50458
50459
50460
50461
50462
50463
50482
50483
50488
50489
50502
50507
50509
50514
50515
50518
50519
50527
50533
50547
50548
50549
50550
50553
50554
50555
50557
50558
50560
50562
50581
50582
50587
50588
50589
50592
50599
50600
50601
50606
50607
50613
50616
50619
50622
50623
50626
50629
50633
50636
50637
50638
50650
50654
50655
50657
50670
50671
50672
50673
50674
50676
50680
50681
50694
50698
50732
50733
50735
50768
50791
50792
50794
50795
50827
50861
50885
50898
50900
50908
50931
50932
50934
50935
50949
50954
50966
51005
51006
51019
51022
51025
51026
51027
51028
51029
51030
51031
51037
51038
51039
51050
51062
51063
51064
51065
51069
51070
51105
51106
51108
51109
51122
51137
51139
51156
51207
51208
51213
51222
51238
51239
51240
51241
51242
51292
51293
51294
51295
51298
51299
51300
51314
51315
51316
51318
51321
51323
51324
51325
51326
51328
51329
51337
51338
51343
51351
51357
51358
51359
51377
51383
51428
51431
51432
51433
51447
51453
51466
51474
51475
51499
51502
51503
51509
51511
51516
51518
51519
51532
51538
51543
51549
51551
51570
51571
51621
51622
51637
51644
51647
51653
51654
51655
51657
51660
51684
51693
51695
51707
51711
51712
51714
51727
51730
51750
51751
51754
51769
51774
51788
51797
51799
51800
51804
51805
51812
51814
51822
51823
51826
51829
51832
51842
51843
51844
51846
51852
51853
51909
51914
51918
51922
51952
51953
51961
51964
51980
51985
51996
51998
52000
52027
52028
52030
52031
52032
52033
52035
52050
52051
52061
52066
52071
52091
52092
52100
52108
52109
52110
52163
52168
52170
52173
52178
52185
52186
52187
52188
52190
52195
52201
52205
52215
52221
52223
52224
52231
52233
52234
52236
52237
52238
52239
52247
52248
52253
52255
52256
52281
52282
52283
52288
52317
52318
52344
52361
52370
52372
52376
52382
52383
52388
52392
52394
52399
52407
52434
52435
52455
52456
52545
52552
52555
52556
52564
52579
52581
52586
52632
52633
52641
52644
52651
52669
52670
52675
52676
52683
52684
52687
52688
52705
52713
52714
52721
52722
52723
52729
52730
52735
52737
52747
52748
52749
52751
52753
52754
52759
52775
52791
52793
52798
52813
52821
52822
52824
52831
52836
52838
52847
52853
52884
52888
52902
52903
52904
52905
52906
52914
52919
52921
52922
52926
52929
52930
52939
52965
52966
52974
52975
52976
52989
52990
52997
53001
53004
53005
53006
53007
53009
53015
53016
53018
53019
53042
53046
53061
53064
53069
53081
53104
53124
53134
53158
53161
53171
53175
53268
53271
53273
53274
53275
53300
53309
53324
53337
53469
53472
53475
53477
53478
53479
53485
53488
53495
53527
53541
53542
53545
53549
53550
53551
53552
53553
53590
53617
53618
53619
53621
53625
53646
53655
53656
53660
53661
53663
53685
53689
53690
53692
53693
53694
53695
53700
53701
53710
53736
53737
53747
53751
53862
53896
53907
53911
53922
54001
54020
54021
54023
54026
54031
54049
54057
54092
54096
54113
54124
54125
54126
54131
54132
54133
54134
54135
54136
54137
54172
54173
54177
54180
54181
54195
54196
54201
54263
54267
54273
54274
54279
54281
54282
54283
54284
54287
54316
54318
54319
54341
54343
54367
54368
54369
54372
54373
54374
54375
54378
54379
54380
54381
54382
54383
54384
54385
54386
54409
54414
54415
54444
54445
54446
54469
54483
54504
54507
54508
54544
54550
54551
54555
54556
54559
54584
54588
54600
54601
54602
54637
54695
54723
54732
54740
54741
54742
54757
54769
54773
54790
54793
54798
54799
54800
54803
54810
54821
54855
54860
54863
54899
54903
54904
54905
54906
54907
54908
54912
54916
54921
54922
54923
54924
54954
54955
54968
54969
54970
54971
54972
54973
54976
54977
54986
55007
55033
55039
55040
55053
55054
55056
55057
55062
55070
55071
55077
55081
55086
55087
55098
55111
55112
55115
55116
55117
55118
55119
55120
55129
55130
55132
55133
55134
55135
55136
55137
55139
55140
55141
55142
55149
55151
55152
55153
55155
55169
55170
55176
55181
55182
55184
55185
55188
55190
55193
55194
55199
55200
55270
55271
55272
55275
55276
55286
55287
55288
55291
55292
55293
55303
55307
55320
55363
55372
55390
55403
55408
55410
55412
55434
55447
55448
55493
55494
55495
55497
55500
55501
55512
55513
55514
55521
55522
55528
55529
55533
55534
55538
55541
55542
55543
55544
55546
55552
55553
55556
55557
55564
55566
55567
55571
55575
55577
55584
55585
55586
55587
55588
55605
55616
55617
55618
55648
55649
55650
55660
55661
55669
55670
55689
55700
55708
55709
55710
55711
55717
55718
55719
55720
55731
55745
55746
55751
55752
55780
55781
55782
55799
55805
55806
55824
55832
55836
55837
55843
55860
55867
55871
55872
55873
55876
55877
55879
55885
55886
55887
55892
55893
55957
55960
55961
55962
55977
55979
55985
55986
55991
55992
55993
55995
55998
55999
56016
56017
56029
56038
56060
56064
56065
56073
56082
56084
56086
56096
56139
56140
56141
56158
56187
56194
56195
56200
56201
56247
56251
56256
56257
56258
56259
56260
56261
56262
56266
56267
56271
56278
56288
56290
56291
56295
56296
56297
56298
56301
56302
56303
56308
56309
56310
56312
56313
56325
56326
56328
56333
56335
56347
56350
56364
56418
56436
56451
56452
56465
56478
56487
56488
56489
56494
56549
56556
56612
56615
56621
56625
56627
56628
56634
56638
56646
56662
56676
56692
56696
56708
56715
56716
56717
56718
56723
56724
56725
56732
56733
56740
56741
56742
56757
56782
56783
56785
56788
56789
56790
56795
56796
56797
56798
56856
56867
56871
56874
56885
56901
56916
56917
56992
56997
56998
57048
57052
57060
57061
57067
57068
57070
57071
57073
57075
57077
57078
57109
57110
57111
57115
57123
57133
57138
57197
57237
57242
57247
57284
57285
57294
57295
57302
57303
57379
57380
57381
57382
57383
57384
57385
57386
57387
57388
57390
57391
57396
57397
57401
57405
57409
57412
57420
57421
57424
57426
57433
57434
57435
57438
57439
57445
57471
57473
57475
57486
57503
57506
57508
57509
57512
57514
57515
57540
57542
57547
57549
57550
57553
57559
57560
57561
57562
57577
57610
57612
57613
57614
57623
57642
57649
57654
57655
57658
57679
57693
57707
57731
57737
57771
57791
57846
57847
57865
57888
57892
57893
57894
57896
57906
57918
57926
57937
57950
57970
57974
57976
57977
57978
57979
57980
57981
57982
57983
57984
57985
57986
57987
57990
57991
57993
57999
58000
58001
58002
58005
58006
58007
58017
58019
58023
58024
58029
58030
58032
58033
58039
58042
58043
58044
58046
58047
58055
58060
58064
58065
58066
58068
58139
58147
58148
58149
58151
58154
58167
58206
58209
58214
58215
58219
58220
58227
58228
58233
58234
58236
58238
58241
58243
58247
58248
58250
58252
58253
58254
58255
58262
58264
58269
58270
58277
58291
58316
58317
58322
58323
58324
58326
58327
58331
58336
58363
58364
58368
58369
58370
58410
58414
58415
58511
58513
58518
58530
58536
58539
58540
58541
58543
58544
58547
58549
58550
58551
58555
58557
58558
58559
58560
58561
58593
58605
58606
58608
58627
58641
58669
58670
58732
58733
58738
58754
58762
58766
58767
58770
58774
58776
58777
58797
58798
58799
58800
58816
58823
58824
58839
58853
58856
58859
58860
58871
58875
58878
58879
58889
58890
58904
58908
58914
58918
58919
58923
58932
58934
58949
59011
59036
59044
59045
59051
59052
59059
59061
59062
59070
59096
59097
59130
59131
59140
59142
59144
59171
59186
59187
59189
59191
59237
59238
59239
59247
59263
59264
59268
59278
59279
59291
59292
59295
59296
59312
59329
59331
59334
59352
59382
59386
59403
59419
59445
59463
59472
59475
59476
59479
59481
59482
59484
59488
59495
59514
59515
59516
59517
59522
59523
59524
59525
59526
59527
59528
59529
59531
59534
59535
59536
59537
59538
59539
59541
59542
59543
59544
59549
59550
59551
59552
59553
59554
59555
59560
59585
59586
59634
59655
59660
59676
59678
59679
59683
59689
59691
59728
59729
59747
59755
59756
59761
59762
59764
59765
59783
59785
59786
59798
59800
59811
59812
59818
59855
59857
59861
59866
59894
59895
59896
59897
59899
59916
59945
59946
59977
59979
60004
60005
60010
60011
60079
60086
60087
60092
60108
60117
60118
60129
60130
60141
60152
60153
60154
60161
60162
60169
60171
60172
60175
60182
60186
60187
60201
60202
60249
60253
60419
60429
60444
60461
60468
60496
60516
60517
60522
60527
60528
60533
60560
60568
60574
60582
60583
60585
60587
60591
60592
60593
60660
60661
60690
60698
60710
60711
60712
60746
60789
60792
60793
60797
60800
60804
60820
60838
60839
60840
60849
60851
60872
60873
60882
60883
60884
60885
60889
60925
60944
60945
60960
61081
61082
61083
61084
61094
61124
61125
61126
61127
61134
61137
61143
61147
61153
61156
61180
61181
61193
61221
61225
61235
61262
61315
61316
61317
61318
61319
61322
61328
61344
61346
61354
61359
61360
61366
61369
61372
61374
61376
61378
61379
61382
61383
61384
61386
61387
61388
61392
61393
61394
61395
61396
61397
61398
61403
61404
61405
61407
61408
61409
61410
61411
61412
61417
61418
61420
61421
61422
61451
61452
61453
61454
61455
61458
61459
61462
61463
61498
61499
61508
61517
61518
61531
61564
61607
61615
61616
61620
61621
61622
61640
61674
61679
61691
61692
61693
61816
61818
61819
61841
61845
61851
61852
61853
61862
61871
61879
61880
61881
61882
61893
61894
61964
61970
61971
61972
61975
61976
61977
61985
61986
61987
61989
61993
62007
62017
62018
62020
62025
62046
62051
62061
62062
62066
62067
62074
62075
62129
62131
62132
62133
62134
62149
62150
62155
62164
62165
62275
62282
62283
62287
62291
62294
62295
62313
62324
62330
62335
62336
62337
62343
62344
62610
62611
62621
62624
62625
62633
62634
62635
62636
62645
62690
62698
62701
62727
62746
62747
62751
62752
62759
62764
62765
62768
62771
62772
62773
62778
62781
62784
62785
62791
62802
62806
62808
62887
62890
62891
62907
62910
62911
62912
62913
62914
62916
62919
62920
62921
62924
62941
62942
62944
62946
62949
62951
62953
62955
62958
62960
63050
63051
63055
63056
63057
63059
63060
63061
63062
63076
63077
63083
63084
63091
63103
63114
63115
63120
63121
63155
63176
63214
63221
63222
63225
63226
63232
63233
63255
63256
63259
63261
63265
63282
63292
63298
63344
63345
63346
63347
63348
63350
63351
63352
63353
63359
63367
63383
63396
63399
63400
63402
63405
63406
63408
63409
63413
63414
63415
63417
63429
63430
63433
63436
63448
63457
63459
63460
63461
63479
63484
63501
63577
63585
63588
63589
63593
63594
63600
63602
63604
63605
63626
63629
63632
63671
63676
63677
63681
63682
63688
63691
63707
63708
63710
63711
63712
63715
63716
63719
63720
63729
63761
63776
63777
63778
63787
63796
63797
63820
63821
63823
63824
63826
63839
63840
63907
63908
63909
63912
63952
63966
63978
63990
64107
64108
64142
64143
64144
64149
64176
64233
64277
64357
64363
64372
64387
64390
64391
64459
64478
64480
64491
64492
64493
64495
64501
64504
64515
64517
64518
64523
64534
64560
64561
64566
64567
64571
64574
64580
64585
64607
64609
64615
64616
64618
64619
64623
64628
64629
64632
64633
64636
64644
64646
64647
64648
64649
64651
64652
64653
64656
64657
64659
64660
64663
64668
64671
64672
64673
64674
64677
64679
64680
64685
64686
64693
64694
64696
64697
64709
64782
64785
64786
64791
64792
64793
64794
64795
64797
64800
64801
64802
64803
64804
64805
64806
64810
64811
64812
64813
64814
64838
64862
64884
64899
64936
64937
64938
64939
64960
64961
65009
65022
65055
65070
65140
65144
65149
65170
65186
65192
65206
65207
65210
65216
65219
65225
65231
65355
65356
65357
65386
65409
65412
65462
65463
65464
65465
65466
65468
65476
65477
65483
65484
65489
65495
65540
65544
65550
65561
65574
65582
65583
65588
65589
65590
65591
65598
65611
65615
65619
65623
65632
65633
65634
65637
65640
65641
65642
65647
65670
65672
65692
65693
65717
65718
65729
65731
65739
65742
65816
65947
65948
65962
65968
65970
65975
65991
65999
66000
66001
66003
66007
66008
66011
66013
66017
66021
66023
66042
66044
66056
66062
66063
66064
66065
66172
66220
66236
66265
66275
66276
66277
66288
66289
66337
66360
66361
66367
66368
66379
66386
66387
66403
66416
66420
66434
66437
66440
66441
66442
66443
66444
66448
66468
66470
66489
66491
66495
66516
66526
66527
66535
66542
66544
66547
66548
66551
66553
66559
66561
66575
66576
66579
66580
66590
66593
66600
66601
66603
66611
66612
66613
66626
66627
66635
66636
66651
66655
66656
66670
66671
66672
66679
66683
66684
66704
66718
66735
66737
66739
66775
66776
66777
66780
66781
66782
66783
66786
66787
66801
66802
66803
66804
66814
66843
66844
66845
66846
66847
66912
66913
66919
66921
67003
67233
67235
67238
67432
67433
67435
67440
67474
67517
67522
67529
67540
67548
67549
67551
67555
67557
67558
67593
67608
67620
67677
67728
67778
67781
67808
67809
67896
67912
67917
67918
67937
67940
67959
67960
68038
68294
68401
68408
68410
68412
68415
68455
68459
68460
68464
68468
68507
68508
68509
68510
68511
68512
68514
68515
68516
68543
68549
68550
68557
68562
68563
68564
68723
68727
68728
68729
68730
68732
68743
68756
68758
68763
68764
68773
68776
68779
68781
68787
68804
68808
68809
68813
68825
68826
68859
68877
68878
68882
68883
68886
68888
68889
69028
69030
69034
69038
69067
69073
69078
69082
69128
69235
69255
69266
69291
69292
69293
69297
69298
69299
69300
69301
69302
69304
69306
69307
69310
69311
69319
69332
69336
69339
69364
69384
69401
69450
69453
69461
69467
69468
69469
69488
69489
69501
69502
69504
69548
69555
69569
69574
69595
69597
69614
69618
69624
69638
69644
69675
69676
69679
69681
69683
69691
69694
69695
69697
69698
69720
69721
69763
69766
69767
69771
69775
69776
69777
69781
69785
69788
69789
69791
69818
69819
69820
69826
69871
69889
69890
69919
69935
69941
69943
69944
69956
69957
69975
69977
69978
69979
69980
70070
70077
70085
70090
70094
70096
70102
70109
70110
70113
70115
70116
70124
70127
70128
70129
70130
70136
70137
70143
70179
70185
70186
70187
70188
70189
70201
70208
70210
70215
70217
70222
70224
70225
70226
70227
70230
70236
70240
70241
70274
70285
70320
70321
70325
70332
70336
70337
70338
70404
70405
70408
70410
70415
70426
70433
70445
70446
70447
70448
70541
70542
70543
70544
70546
70548
70550
70551
70558
70562
70588
70589
70608
70666
70667
70673
70689
70701
70738
70742
70751
70762
70778
70779
70782
70783
70804
70832
70833
70849
70851
70852
70893
70894
70895
70898
70905
70906
70907
70910
70914
70916
70919
70920
70921
70922
70928
70930
70964
70987
70999
71000
71001
71005
71006
71008
71010
71028
71112
71114
71115
71139
71150
71154
71156
71167
71168
71175
71178
71187
71192
71193
71195
71203
71223
71224
71225
71233
71239
71240
71243
71245
71246
71271
71274
71275
71286
71287
71288
71291
71294
71297
71300
71301
71302
71317
71323
71377
71378
71396
71402
71403
71407
71408
71412
71419
71431
71468
71469
71481
71489
71490
71491
71492
71493
71495
71496
71510
71511
71523
71525
71526
71527
71528
71529
71531
71533
71561
71578
71582
71598
71599
71605
71610
71617
71620
71621
71626
71632
71633
71636
71643
71647
71650
71672
71673
71674
71679
71684
71688
71703
71729
71743
71752
71757
71759
71760
71804
71810
71811
71812
71814
71854
71884
71913
71917
71922
71927
71929
71934
71935
71937
71941
71950
71953
71966
71967
72004
72005
72008
72011
72016
72018
72019
72025
72033
72034
72035
72036
72037
72040
72041
72045
72046
72048
72049
72053
72105
72117
72130
72143
72144
72171
72205
72228
72232
72244
72248
72256
72358
72359
72364
72365
72366
72419
72420
72421
72426
72430
72434
72435
72446
72449
72450
72491
72515
72520
72530
72537
72540
72542
72543
72544
72545
72558
72559
72630
72645
72651
72652
72653
72656
72657
72658
72664
72672
72674
72691
72693
72702
72703
72714
72726
72732
72766
72767
72771
72772
72773
72779
72781
72801
72852
72872
72873
72874
72875
72876
72917
72924
72962
72967
72983
73018
73020
73024
73025
73026
73028
73031
73096
73103
73106
73107
73108
73114
73123
73153
73154
73173
73178
73188
73194
73230
73239
73258
73260
73272
73282
73283
73285
73288
73291
73293
73297
73321
73325
73326
73334
73335
73337
73348
73375
73377
73401
73421
73430
73431
73493
73496
73499
73501
73504
73518
73579
73580
73615
73722
73736
73815
73822
73823
73824
73839
73862
73863
73868
73885
73950
73951
74035
74036
74037
74051
74068
74074
74089
74098
74099
74122
74128
74130
74131
74132
74133
74150
74353
74361
74362
74363
74369
74380
74381
74388
74394
74398
74404
74410
74434
74451
74468
74488
74489
74490
74491
74523
74533
74556
74557
74588
74613
74628
74645
74647
74649
74650
74663
74694
74695
74708
74718
74721
74741
74819
74820
74824
74825
74837
74855
74864
74868
74869
74873
74907
74908
74909
74915
74916
74919
74920
74923
74924
74925
74926
74933
74934
74940
74970
74971
74972
74973
74974
74975
74980
74989
75019
75021
75023
75024
75025
75026
75027
75029
75030
75031
75032
75033
75037
75038
75039
75040
75041
75042
75043
75044
75045
75058
75116
75117
75125
75126
75140
75144
75184
75187
75189
75190
75299
75329
75330
75331
75332
75333
75334
75335
75336
75341
75347
75348
75349
75351
75352
75354
75355
75356
75357
75358
75359
75360
75361
75362
75365
75366
75368
75369
75371
75372
75380
75381
75382
75383
75389
75390
75391
75392
75398
75399
75402
75445
75485
75542
75543
75545
75546
75547
75553
75556
75557
75565
75566
75569
75581
75702
75706
75708
75712
75727
75735
75736
75738
75739
75740
75741
75742
75743
75750
75800
75838
75839
75844
75854
75865
75882
75883
75913
75915
75932
75934
75935
75936
75937
75938
75939
75966
75981
76002
76003
76004
76024
76036
76056
76066
76071
76072
76098
76111
76132
76164
76177
76178
76193
76194
76195
76196
76199
76201
76202
76203
76204
76207
76212
76214
76215
76216
76218
76229
76230
76232
76233
76234
76235
76238
76239
76253
76312
76317
76331
76339
76340
76349
76350
76405
76451
76453
76570
76571
76593
76641
76657
76712
76717
76720
76721
76768
76770
76771
76773
76774
76775
76776
76777
76780
76781
76806
76838
76839
76840
76841
76867
76872
76893
76895
76896
76906
76909
76910
76912
76914
76917
76920
76958
76959
76984
77009
77020
77054
77056
77057
77065
77071
77099
77101
77105
77108
77115
77149
77151
77156
77166
77184
77188
77225
77241
77259
77300
77301
77325
77335
77336
77338
77339
77340
77341
77518
77519
77521
77522
77529
77572
77573
77588
77592
77606
77633
77634
77646
77650
77658
77663
77689
77690
77691
77692
77695
77705
77706
77707
77713
77756
77794
77803
77815
77850
77912
77921
77922
77924
77930
77931
77932
78060
78083
78091
78093
78094
78102
78141
78143
78145
78156
78168
78169
78170
78171
78173
78178
78191
78192
78194
78195
78197
78204
78216
78230
78238
78261
78367
78380
78381
78388
78421
78424
78425
78449
78451
78457
78536
78542
78545
78579
78593
78596
78606
78607
78608
78609
78630
78633
78706
78707
78740
78773
78779
78793
78804
78815
78828
78861
78866
78869
78872
78874
78879
78880
78882
78898
78899
78902
78903
78904
78906
78907
78908
78909
78910
78912
78913
78916
78917
78918
78919
78924
78925
78998
79002
79012
79018
79043
79078
79081
79085
79164
79167
79196
79200
79220
79255
79257
79258
79272
79273
79274
79276
79303
79304
79305
79306
79327
79342
79343
79456
79495
79504
79510
79512
79514
79556
79564
79566
79574
79591
79626
79643
79674
79683
79684
79690
79705
79706
79707
79716
79723
79724
79725
79726
79728
79731
79735
79736
79738
79754
79760
79782
79784
79798
79807
79808
79828
79829
79830
79835
79856
79857
79858
79901
79904
79922
79923
80276
80345
80365
80368
80369
80391
80419
80427
80461
80586
80602
80611
80612
80614
80628
80634
80635
80637
80649
80650
80662
80720
80744
80747
80754
80755
80764
80765
80771
80772
80780
80789
80790
80791
80792
80797
80798
80799
80800
80803
80805
80806
80809
80810
80825
80827
80828
80830
80835
80836
80839
80863
80884
80887
80888
80965
80966
80969
80970
80971
80972
80973
80990
80991
80992
80999
81000
81001
81049
81055
81056
81059
81062
81064
81069
81093
81097
81099
81339
81361
81368
81369
81370
81377
81378
81379
81380
81382
81383
81384
81385
81386
81390
81391
81393
81394
81419
81473
81522
81525
81526
81529
81530
81531
81532
81533
81534
81535
81541
81542
81544
81572
81573
81578
81601
81604
81605
81628
81630
81635
81636
81637
81638
81641
81687
81689
81729
81824
81835
81878
81887
81890
81891
81897
81906
81907
81927
81928
81929
81930
81934
81936
81952
81953
81954
81955
81957
81969
81970
81971
81972
81985
82034
82047
82095
82096
82103
82105
82106
82107
82110
82113
82145
82146
82152
82154
82156
82167
82168
82173
82174
82204
82236
82267
82268
82270
82286
82316
82318
82328
82329
82331
82365
82366
82368
82377
82378
82462
82464
82468
82481
82490
82502
82508
82509
82510
82511
82513
82515
82516
82517
82518
82519
82520
82522
82524
82525
82526
82538
82562
82565
82582
82587
82592
82593
82594
82595
82596
82599
82600
82616
82617
82655
82719
82738
82741
82746
82747
82761
82762
82763
82764
82804
82860
82876
82879
82881
82882
82885
82886
82888
82895
82899
82927
82928
82932
82956
82999
83000
83136
83137
83138
83139
83141
83142
83143
83145
83146
83147
83148
83155
83158
83161
83162
83163
83173
83174
83186
83202
83203
83226
83232
83235
83281
83282
83284
83285
83307
83308
83310
83311
83312
83319
83321
83323
83372
83373
83386
83393
83484
83485
83566
83579
83620
83652
83653
83679
83755
83756
83758
83760
83761
83774
83785
83791
83799
83822
83848
83850
83875
83877
83878
83879
83881
83882
83883
83884
83886
83887
83891
83905
83906
83910
83911
83912
83913
83914
83916
83938
83954
83955
83970
83971
83972
84005
84072
84073
84074
84098
84099
84132
84220
84227
84275
84279
84280
84288
84308
84310
84315
84318
84322
84323
84328
84329
84332
84333
84334
84335
84337
84343
84344
84347
84348
84349
84350
84381
84383
84394
84413
84414
84507
84524
84525
84526
84544
84562
84609
84613
84614
84619
84620
84644
84645
84660
84661
84686
84701
84702
84741
84742
84750
84751
84753
84782
84794
84795
84796
84800
84802
84803
84806
84807
84811
84812
84817
84818
84819
84830
84831
84832
84833
84834
84835
84838
84839
84840
84841
84848
84849
84850
84967
84968
84986
84990
85051
85057
85066
85097
85119
85120
85123
85163
85174
85189
85222
85223
85227
85229
85243
85249
85254
85255
85264
85275
85276
85281
85283
85289
85293
85298
85299
85308
85309
85310
85358
85431
85432
85451
85460
85471
85509
85510
85512
85513
85545
85546
85549
85551
85552
85553
85554
85556
85557
85572
85584
85585
85590
85594
85595
85604
85610
85636
85661
85679
85681
85692
85705
85706
85707
85712
85771
85772
85775
85789
85807
85815
85816
85817
85819
85822
85823
85828
85841
85844
85856
85861
85864
85865
85896
85904
85912
85915
85929
85947
85951
85952
85954
85957
85982
85995
85996
86008
86009
86011
86014
86015
86017
86018
86026
86044
86049
86051
86052
86053
86056
86076
86078
86090
86091
86093
86095
86196
86197
86200
86203
86204
86205
86210
86219
86220
86223
86224
86231
86232
86235
86240
86241
86243
86249
86250
86337
86359
86360
86362
86365
86367
86372
86373
86374
86376
86377
86513
86514
86515
86531
86538
86539
86541
86542
86543
86547
86555
86559
86560
86580
86581
86589
86595
86596
86598
86599
86606
86619
86620
86626
86628
86629
86630
86631
86632
86636
86637
86638
86650
86652
86653
86656
86657
86694
86698
86699
86722
86726
86730
86737
86752
86757
86768
86770
86778
86798
86828
86829
86830
86831
86835
86836
86838
86845
86847
86853
86864
86915
86917
86918
86924
86961
86963
86964
86965
86966
86967
86968
86972
86973
86974
86975
86978
86979
86988
86989
86990
87049
87088
87091
87098
87099
87100
87102
87110
87111
87137
87139
87149
87174
87175
87229
87254
87258
87259
87260
87265
87266
87267
87270
87287
87289
87297
87301
87309
87325
87476
87627
87657
87658
87660
87663
87669
87670
87672
87674
87679
87681
87684
87685
87688
87753
87754
87755
87862
87864
87871
87873
87876
88013
88014
88015
88022
88023
88024
88026
88027
88028
88029
88032
88036
88055
88056
88081
88082
88083
88087
88111
88112
88123
88126
88147
88149
88154
88165
88166
88167
88178
88199
88200
88201
88270
88271
88288
88320
88323
88327
88345
88347
88348
88359
88410
88414
88415
88456
88467
88472
88474
88516
88530
88544
88545
88547
88548
88550
88551
88555
88556
88581
88583
88631
88634
88639
88640
88641
88646
88654
88655
88656
88658
88659
88660
88661
88662
88663
88664
88666
88667
88673
88678
88680
88681
88682
88691
88694
88699
88700
88701
88706
88707
88709
88711
88713
88726
88728
88730
88731
88733
88741
88743
88746
88747
88748
88770
88845
88854
88885
88886
88925
88927
89020
89054
89055
89073
89094
89129
89137
89138
89139
89141
89149
89151
89191
89194
89248
89337
89368
89399
89443
89460
89462
89488
89489
89521
89526
89564
89572
89574
89588
89589
89590
89593
89631
89632
89643
89664
89669
89673
89674
89684
89725
89791
89792
89793
89802
89803
89824
89825
89829
89881
89887
89892
89913
89922
89924
89928
89931
89933
89938
89940
89954
89955
89956
89957
89963
89972
89999
90013
90037
90069
90187
90248
90251
90254
90255
90264
90268
90277
90313
90387
90392
90397
90402
90549
90670
90675
90696
90707
90708
90723
90724
90734
90735
90751
90752
90753
90758
90883
90886
90893
90913
90914
90915
90936
90951
90988
91021
91050
91051
91052
91118
91144
91146
91189
91190
91192
91197
91200
91201
91202
91203
91216
91229
91233
91237
91242
91337
91351
91354
91367
91373
91374
91411
91479
91492
91493
91501
91528
91561
91588
91625
91632
91645
91712
91718
91720
91721
91732
91733
91737
91739
91742
91743
91744
91746
91752
91768
91774
91778
91811
91812
91820
91825
91827
91829
91830
91831
91834
91835
91836
91882
91883
91888
91889
91896
91903
91906
91907
91908
91920
91921
91922
91924
91926
91928
91930
91938
91939
91942
91943
91951
91974
91975
91979
91989
92005
92010
92013
92062
92068
92088
92103
92169
92179
92180
92211
92251
92417
92437
92439
92443
92557
92558
92562
92566
92572
92579
92586
92590
92609
92615
92616
92621
92622
92624
92625
92629
92637
92650
92651
92683
92690
92691
92692
92724
92738
92739
92860
92866
92898
92901
92907
92920
92921
92929
92952
92954
92987
92988
92993
92994
93034
93036
93111
93127
93129
93132
93133
93162
93163
93199
93201
93212
93213
93214
93277
93279
93280
93292
93293
93296
93303
93304
93315
93318
93412
93415
93468
93482
93483
93484
93495
93504
93591
93600
93607
93608
93612
93613
93620
93621
93625
93669
93670
93674
93676
93677
93692
93694
93700
93701
93704
93705
93706
93708
93758
93759
93779
93808
93809
93827
93843
93844
93845
93873
93875
93884
93892
93925
93926
93934
93949
93976
93977
94006
94010
94015
94016
94017
94020
94028
94029
94032
94034
94035
94037
94117
94125
94128
94130
94172
94189
94193
94195
94196
94218
94219
94229
94231
94232
94233
94234
94236
94237
94238
94240
94243
94247
94285
94286
94288
94289
94298
94304
94305
94309
94311
94316
94317
94318
94324
94326
94328
94394
94398
94399
94400
94418
94419
94420
94422
94443
94468
94469
94483
94579
94582
94610
94642
94643
94777
94796
94797
94826
94827
94833
94834
94835
94850
94852
94885
94908
94916
94917
94918
94919
94920
94922
94927
94929
94930
94935
94936
94938
94939
94941
94943
94946
94950
94957
94958
94959
94960
94961
94963
94964
94986
94987
94988
94992
94993
95052
95169
95178
95179
95182
95186
95227
95228
95244
95294
95295
95313
95314
95323
95324
95343
95462
95463
95468
95472
95504
95512
95585
95599
95601
95602
95603
95620
95654
95683
95685
95691
95729
95735
95773
95774
95791
95911
95912
96030
96050
96235
96236
96312
96317
96318
96332
96340
96403
96444
96445
96446
96448
96453
96454
96459
96460
96475
96476
96477
96503
96504
96513
96515
96541
96567
96568
96583
96584
96649
96652
96653
96656
96736
96738
96740
96741
96764
96776
96777
96783
96784
96792
96841
96854
96855
96856
96867
96882
96885
96886
96888
96890
96902
96903
96907
96908
96910
96925
96931
96932
96939
96944
96997
96998
97005
97014
97024
97044
97051
97093
97095
97096
97097
97100
97104
97105
97170
97224
97225
97246
97264
97269
97270
97271
97306
97307
97331
97340
97341
97343
97360
97361
97362
97363
97421
97463
97479
97485
97700
97723
97854
97956
97979
97987
97990
98005
98020
98024
98038
98039
98040
98042
98078
98079
98080
98094
98095
98126
98139
98147
98151
98155
98240
98297
98302
98309
98310
98342
98350
98351
98366
98369
98370
98373
98376
98377
98381
98398
98400
98402
98403
98433
98504
98647
98651
98652
98659
98667
98722
98750
98757
98780
98805
98808
98809
98819
98821
98822
98823
98866
98867
98868
98869
98921
98922
98923
98924
98964
98966
99010
99019
99103
99105
99112
99116
99123
99124
99157
99158
99200
99210
99238
99240
99299
99300
99387
99401
99436
99437
99487
99490
99568
99578
99657
99658
99737
99749
99751
99752
99753
99755
99756
99757
99759
99760
99762
99766
99768
99771
99773
99774
99778
99779
99802
99806
99815
99825
99837
99883
99884
99896
99900
99913
99914
99915
99916
99929
100019
100025
100037
100038
100048
100121
100127
100182
100187
100188
100189
100190
100205
100213
100224
100272
100364
100474
100479
100569
100601
100670
100712
100750
100756
100784
100788
100815
100816
100819
100826
100827
100828
100857
100858
100859
100860
100861
100897
100903
100907
100911
100913
100937
100944
100945
100951
100977
100982
101007
101015
101019
101020
101026
101028
101094
101095
101096
101098
101100
101102
101106
101107
101118
101119
101120
101121
101146
101147
101148
101149
101159
101160
101162
101165
101201
101203
101297
101364
101484
101491
101492
101493
101503
101504
101596
101608
101616
101617
101628
101629
101662
101663
101664
101672
101673
101695
101696
101697
101699
101700
101701
101707
101708
101716
101717
101728
101761
101772
101773
101774
101842
101848
101849
101851
101852
101853
101920
101992
102107
102167
102168
102169
102174
102175
102177
102178
102193
102201
102204
102210
102211
102233
102245
102246
102263
102285
102311
102312
102329
102623
102681
102697
102745
102749
102786
102804
102806
102808
102809
102810
102812
102813
102814
102815
102818
102822
102879
102908
102909
102910
102976
103031
103032
103340
103341
103349
103366
103372
103373
103376
103388
103391
103429
103435
103437
103449
103474
103479
103483
103489
103583
103584
103591
103592
103595
103596
103599
103600
103693
103695
103698
103699
103711
103713
103715
103719
103720
103775
103812
103813
103826
103827
103828
103829
103830
103832
103865
103868
103874
103875
103886
103887
103933
103934
103943
103944
103947
103965
103980
103991
103999
104002
104003
104004
104005
104007
104021
104022
104103
104117
104179
104198
104242
104245
104247
104255
104256
104259
104341
104350
104351
104355
104361
104366
104397
104403
104405
104406
104409
104410
104411
104414
104416
104421
104430
104431
104432
104434
104435
104437
104450
104451
104452
104514
104522
104532
104533
104534
104535
104536
104537
104588
104597
104630
104658
104659
104660
104666
104669
104688
104690
104701
104702
104711
104724
104737
104738
104748
104760
104777
104779
104780
104781
104782
104783
105023
105121
105135
105155
105188
105189
105206
105210
105231
105255
105267
105268
105272
105273
105295
105297
105358
105387
105389
105390
105391
105397
105401
105417
105427
105481
105594
105595
105601
105613
105615
105688
105689
105691
105694
105697
105705
105707
105708
105709
105710
105711
105713
105714
105747
105749
105767
105768
105773
105774
105785
105798
105801
105802
105806
105859
105882
105884
105886
105887
105982
105983
105984
105986
105987
105988
105996
105997
106001
106002
106006
106007
106008
106009
106010
106011
106012
106013
106016
106017
106018
106019
106021
106022
106023
106105
106106
106112
106121
106127
106132
106141
106173
106202
106203
106218
106219
106220
106221
106222
106227
106229
106230
106231
106232
106263
106274
106276
106298
106299
106324
106328
106335
106348
106349
106465
106496
106497
106556
106582
106583
106584
106585
106626
106636
106642
106734
106738
106742
106747
106755
106773
106774
106787
106818
106881
106911
106912
106913
106914
106915
106927
106928
106946
106947
106975
107214
107217
107219
107227
107241
107257
107376
107393
107394
107435
107449
107460
107465
107608
107755
107758
107764
107778
107808
107825
107826
107827
107832
107834
107843
107851
107852
107854
107870
107883
107920
107942
107943
107946
107948
107969
107992
108232
108326
108385
108388
108397
108403
108405
108410
108411
108420
108425
108521
108522
108544
108550
108555
108607
108666
108669
108790
108826
108839
108863
108864
108869
108875
108881
108921
108930
108931
109042
109043
109044
109170
109171
109174
109175
109177
109178
109215
109222
109246
109247
109248
109249
109261
109264
109269
109271
109274
109276
109280
109281
109284
109285
109286
109288
109289
109291
109293
109296
109297
109298
109299
109303
109360
109374
109376
109389
109390
109453
109454
109461
109470
109475
109478
109484
109485
109557
109564
109588
109589
109608
109609
109612
109632
109666
109669
109671
109678
109706
109711
109715
109716
109718
109720
109725
109727
109740
109741
109754
109760
109762
109763
109764
109797
109798
109800
109802
109803
109804
109871
109873
109874
109882
109883
109889
109904
109905
109911
109912
109915
109916
109923
109935
109936
109940
109943
109944
109961
109965
110010
110015
110033
110038
110040
110043
110044
110058
110071
110072
110092
110093
110104
110108
110109
110116
110158
110193
110271
110272
110284
110318
110365
110367
110368
110450
110452
110453
110476
110477
110507
110508
110509
110510
110525
110526
110545
110551
110555
110564
110567
110587
110588
110618
110660
110667
110668
110669
110670
110672
110684
110787
110788
110799
110814
110815
110835
110844
110846
110873
110874
110875
110876
110886
110891
110892
110908
110909
110912
110913
110919
110926
110931
111067
111095
111096
111107
111108
111121
111122
111125
111132
111134
111198
111201
111290
111304
111309
111367
111428
111430
111431
111462
111463
111520
111521
111522
111524
111552
111584
111591
111598
111605
111617
111638
111783
111784
111817
111818
111838
111842
111850
111851
111877
111878
111880
111885
111908
111919
111922
111932
111950
111969
112022
112044
112048
112054
112061
112071
112072
112090
112098
112100
112101
112102
112144
112145
112156
112157
112159
112161
112162
112167
112168
112177
112179
112180
112230
112252
112263
112268
112286
112290
112392
112407
112415
112416
112477
112483
112486
112488
112489
112497
112498
112503
112505
112506
112509
112526
112528
112603
112604
112607
112611
112612
112615
112780
112782
112843
112844
112863
112874
112879
112883
113071
113096
113097
113102
113103
113113
113114
113115
113238
113241
113334
113378
113379
113380
113381
113382
113383
113391
113393
113402
113403
113406
113409
113410
113411
113413
113478
113480
113505
113508
113509
113510
113523
113540
113541
113543
113544
113546
113604
113608
113624
113631
113636
113644
114064
114069
114070
114079
114080
114108
114109
114154
114155
114201
114255
114313
114328
114329
114398
114455
114457
114476
114497
114512
114524
114525
114645
114651
114653
114655
114656
114657
114658
114680
114681
114742
114767
114783
114792
114793
114796
114800
114815
114848
114849
114865
114874
114888
114889
114890
114894
114902
114905
114907
114910
114919
114937
114952
114953
114955
115080
115081
115111
115122
115150
115152
115229
115234
115263
115264
115274
115343
115353
115354
115356
115357
115360
115361
115362
115369
115371
115383
115389
115390
115392
115404
115405
115407
115424
115425
115426
115427
115440
115442
115456
115457
115460
115464
115493
115494
115505
115506
115508
115519
115526
115528
115574
115575
115576
115580
115581
115583
115586
115587
115588
115628
115635
115643
115649
115653
115655
115700
115703
115784
115837
115870
115877
115910
115911
115915
115943
115944
115983
116118
116139
116140
116144
116150
116151
116152
116153
116172
116556
116557
116561
116563
116564
116569
116570
116571
116603
116608
116609
116660
116670
116674
116677
116681
116693
116697
116704
116705
116706
116707
116711
116712
116795
116796
116872
116925
116960
116970
116978
116981
116991
116992
117008
117010
117062
117066
117070
117179
117187
117202
117248
117272
117500
117505
117544
117558
117565
117569
117570
117571
117677
117776
117778
117781
117839
117840
117841
117851
117853
117858
117861
117864
117867
117868
117870
117873
117882
117884
117885
117886
117887
117888
117893
117916
117921
117934
117957
117982
117983
117987
118007
118009
118010
118040
118072
118077
118078
118088
118129
118130
118131
118137
118138
118141
118143
118144
118145
118146
118148
118149
118152
118153
118154
118155
118156
118157
118158
118159
118162
118167
118169
118170
118175
118176
118177
118179
118180
118200
118206
118221
118222
118228
118229
118230
118241
118250
118251
118253
118254
118255
118259
118262
118263
118266
118357
118369
118378
118379
118449
118450
118451
118452
118453
118454
118461
118462
118464
118471
118474
118489
118498
118504
118506
118512
118523
118529
118531
118541
118550
118561
118564
118565
118574
118601
118623
118624
118630
118631
118642
118654
118683
118713
118781
118786
118796
118797
118841
118842
118848
118850
118975
118988
119041
119071
119088
119089
119093
119158
119194
119195
119196
119197
119203
119230
119237
119243
119271
119287
119397
119424
119428
119429
119430
119486
119487
119488
119489
119496
119497
119500
119561
119562
119574
119582
119608
119664
119665
119666
119669
119670
119676
119689
119691
119692
119693
119694
119711
119720
119724
119729
119743
119745
119758
119825
119829
119830
119922
119923
119933
119947
119950
119951
119952
119953
119954
119956
119957
119985
119987
120017
120042
120072
120088
120091
120202
120214
120215
120259
120273
120289
120290
120318
120384
120385
120389
120430
120431
120435
120436
120472
120490
120494
120495
120496
120497
120498
120502
120507
120510
120557
120565
120566
120569
120602
120644
120697
120712
120713
120732
120749
120794
120807
120830
120839
120855
120862
120864
120865
120982
120983
121069
121072
121073
121087
121127
121131
121147
121148
121155
121156
121164
121168
121175
121178
121179
121212
121213
121214
121215
121216
121221
121222
121224
121225
121236
121276
121279
121280
121281
121282
121283
121284
121285
121327
121342
121343
121345
121349
121402
121422
121466
121475
121476
121480
121491
121492
121493
121494
121495
121496
121530
121554
121588
121612
121621
121624
121627
121759
121774
121776
121785
121787
121826
121831
121832
121835
121844
121845
122182
122196
122232
122238
122242
122245
122246
122247
122249
122250
122368
122623
122624
122625
122737
122754
122765
122809
122811
122814
122821
122830
122898
122938
122966
123088
123097
123217
123222
123226
123229
123230
123231
123232
123246
123337
123349
123351
123352
123354
123356
123357
123365
123366
123367
123368
123369
123378
123379
123380
123403
123405
123484
123495
123509
123516
123517
123518
123599
123600
123601
123683
123685
123700
123717
123731
123757
123758
123760
123763
123764
123767
123768
124011
124099
124128
124129
124130
124131
124132
124133
124286
124287
124301
124327
124343
124351
124353
124389
124406
124410
124418
124426
124763
124768
124778
124781
124916
124917
124929
124942
124943
124952
124960
125007
125045
125046
125047
125052
125053
125054
125282
125283
125285
125286
125294
125295
125296
125366
125369
125431
125444
125764
125765
125787
125878
125896
125897
125906
125909
125945
126177
126184
126189
126191
126192
126230
126246
126247
126255
126269
126270
126273
126282
126284
126287
126288
126297
126305
126308
126315
126353
126357
126358
126359
126370
126387
126391
126428
126429
126431
126484
126593
126650
126654
126670
126671
126716
126747
126785
126793
126820
126827
126835
126838
126839
126857
126859
126903
126904
126905
126908
126910
126911
126913
126919
126941
126955
126956
126957
126998
127010
127176
127218
127248
127250
127252
127258
127259
127268
127297
127300
127312
127315
127316
127320
127322
127329
127339
127345
127352
127353
127362
127364
127368
127369
127378
127379
127383
127387
127388
127390
127396
127397
127398
127399
127400
127401
127403
127404
127405
127406
127542
127544
127559
127560
127563
127582
127599
127816
127817
127820
127821
127822
127824
127873
127874
127875
127916
127946
127971
127986
127999
128013
128016
128017
128106
128122
128123
128124
128125
128126
128161
128389
128390
128416
128434
128436
128439
128440
128442
128466
128467
128512
128608
128609
128617
128652
128654
128655
128686
128733
128735
128741
128810
128959
128961
128964
128965
128966
129017
129034
129035
129042
129043
129105
129109
129132
129195
129211
129222
129223
129225
129227
129228
129230
129231
129246
129247
129258
129311
129320
129356
129358
129369
129371
129375
129384
129396
129397
129492
129517
129518
129566
129654
129788
129884
129885
129892
129912
129914
129917
129918
129920
129946
130058
130081
130136
130138
130185
130260
130264
130269
130453
130454
130456
130459
130551
130582
130583
130584
130586
130591
130592
130625
130626
130642
130671
130701
130704
130720
130807
130825
130830
130929
130930
130972
130975
130990
130991
130992
130994
130995
131000
131038
131041
131158
131209
131210
131211
131213
131214
131220
131221
131246
131247
131256
131260
131261
131289
131309
131310
131316
131324
131541
131578
131581
131607
131644
131688
131699
131704
132109
132113
132114
132115
132116
132136
132185
132186
132191
132199
132200
132259
132261
132364
132388
132389
132412
132413
132418
132430
132459
132577
132580
132583
132587
132684
132691
132692
132908
132934
132935
132959
133065
133076
133175
133199
133407
133408
133409
133429
133430
133432
133433
133434
133490
133550
133551
133705
133710
133711
133727
133732
133735
133737
133738
133741
133746
133894
133901
133930
133939
133944
133946
133960
133961
133971
134355
134358
134359
134360
134362
134396
134510
134520
134545
134557
134558
134564
134565
134569
134573
134600
134612
134613
134615
134617
134618
134629
134758
134759
134760
134761
134762
134902
134904
134919
134920
134992
134993
134994
135166
135167
135174
135190
135206
135217
135218
135219
135220
135250
135261
135266
135425
135432
135453
135457
135458
135491
135494
135513
135516
135584
135587
135588
135594
135595
135596
135631
135647
135651
135751
135752
135753
135754
135755
135758
135759
135761
135764
135765
135769
135770
135771
135773
135779
135832
135833
135860
135865
135866
135869
135916
135966
135981
136037
136087
136088
136089
136122
136141
136168
136193
136195
136215
136217
136219
136281
136300
136419
136463
136488
136489
136490
136498
136499
136504
136690
136836
136837
136838
136861
136868
136933
136968
137042
137059
137067
137071
137080
137193
137196
137221
137228
137246
137247
137249
137263
137301
137494
137503
137519
137520
137521
137522
137543
137544
137579
137580
137581
137614
137615
137620
137622
137627
137670
137689
137755
137768
137881
137888
137893
137943
138025
138044
138046
138054
138055
138061
138062
138063
138094
138173
138174
138176
138177
138195
138274
138277
138278
138328
138550
138560
138596
138608
138668
138698
138707
139035
139036
139047
139055
139071
139077
139086
139089
139117
139131
139133
139146
139271
139272
139276
139308
139309
139379
139380
139415
139456
139475
139594
139619
139641
139644
139649
139679
139715
139719
139720
139721
139722
139723
139729
139753
139764
139825
139826
139830
139831
139832
139869
139925
139926
139979
139980
139992
140003
140016
140060
140095
140101
140106
140192
140243
140315
140446
140453
140460
140461
140462
140471
140472
140473
140484
140485
140486
140487
140493
140594
140595
140628
140635
140688
140689
140690
140693
140695
140696
140697
140701
140703
140707
140730
140758
140783
140814
140842
140914
140993
140995
140996
141001
141002
141064
141186
141207
141261
141262
141263
141264
141411
141458
141467
141490
141527
141556
141576
141597
141598
141608
141612
141613
141643
141652
141678
141711
141715
141716
141754
141755
141757
141782
141787
141788
141790
141795
141798
141853
141886
141911
141914
141915
141916
141917
141918
141920
141969
141976
142104
142111
142113
142389
142473
142474
142475
142494
142615
142620
142642
142645
142658
142686
142700
142737
142738
142796
142831
143015
143016
143017
143020
143033
143040
143165
143232
143281
143291
143292
143294
143297
143299
143300
143301
143302
143303
143304
143305
143306
143307
143308
143309
143310
143312
143313
143314
143315
143321
143322
143323
143324
143325
143326
143327
143328
143329
143330
143331
143332
143333
143334
143335
143336
143337
143338
143339
143340
143341
143342
143343
143344
143345
143346
143347
143348
143350
143398
143399
143401
143402
143404
143405
143406
143451
143452
143453
143472
143513
143525
143526
143527
143558
143568
143603
143605
143606
143608
143611
143612
143614
143615
143623
143629
143630
143642
143671
143672
143699
143727
143733
143734
143743
143748
143751
143752
143754
143756
143767
143769
143771
143773
143780
143885
143894
143895
143896
143897
143899
143900
143942
143947
143948
143949
143950
143958
143959
143960
143995
143999
144001
144004
144010
144012
144015
144017
144019
144030
144034
144046
144197
144305
144456
144512
144533
144536
144537
144539
144545
144551
144561
144562
144700
144703
144708
144715
144739
144766
144794
144867
145161
145264
145265
145266
145284
145286
145345
145346
145347
145349
145350
145351
145353
145388
145426
145427
145428
145431
145432
145471
145474
145475
145522
145609
145610
145629
145636
145637
145668
145674
145675
145710
145744
145745
145793
145835
145881
145882
145971
145981
145986
145987
145988
145989
146057
146129
146130
146131
146132
146133
146134
146136
146139
146143
146146
146270
146272
146277
146291
146292
146307
146308
146494
146496
146584
146625
146626
146639
146652
146655
146677
146711
146712
146774
146780
146807
146845
146848
146862
146911
146912
146913
146995
146996
147072
147099
147100
147208
147232
147240
147241
147243
147271
147273
147282
147297
147334
147364
147365
147366
147367
147368
147369
147370
147371
147372
147373
147374
147376
147377
147379
147380
147381
147382
147383
147384
147385
147386
147387
147388
147389
147425
147426
147427
147428
147429
147430
147431
147432
147435
147436
147442
147443
147464
147465
147466
147498
147537
147538
147539
147541
147545
147547
147548
147549
147550
147551
147553
147554
147555
147556
147568
147569
147570
147582
147704
147828
147914
147917
147918
147926
147949
148022
148031
148033
148039
148054
148056
148060
148066
148074
148076
148087
148099
148101
148303
148305
148311
148313
148317
148322
148328
148337
148344
148566
148594
148605
148606
148607
148627
148633
148634
148687
148819
148883
148890
148910
148944
148947
148958
148959
148960
148988
149040
149086
149087
149088
149347
149353
149371
149392
149404
149405
149438
149440
149535
149536
149616
149618
149977
149978
149979
149980
149981
149982
149983
149984
149986
149990
149991
150114
150173
150206
150234
150276
150278
150287
150288
150297
150307
150308
150324
150325
150329
150362
150366
150368
150372
150373
150374
150420
150421
150425
150431
150436
150446
150447
150448
150636
150705
150780
150781
150804
150844
150878
150883
150884
150886
150914
150983
151065
151068
151069
151076
151077
151208
151229
151230
151231
151293
151303
151316
151440
151521
151525
151526
151527
151541
151542
151543
151544
151550
151555
151562
151564
151566
151761
151771
151773
151794
151997
151998
152089
152093
152096
152218
152250
152299
152312
152316
152317
152451
152459
152496
152539
152599
152600
152601
152621
152637
152641
152642
152643
152655
152704
152767
152838
152892
152963
152965
153220
153249
153250
153251
153269
153279
153280
153284
153287
153296
153343
153348
153471
153490
153571
153609
153640
153641
153753
153946
153976
153977
153982
153999
154025
154026
154137
154138
154140
154165
154210
154220
154225
154289
154293
154321
154335
154344
154348
154350
154422
154493
154509
154538
154572
154579
154580
154587
154600
154611
154619
154652
154653
154674
154679
154746
154761
154765
154798
154810
154811
154812
154813
154814
154815
154816
154817
154818
154819
154821
154826
154827
154966
154967
154968
154970
154990
155063
155086
155132
155202
155205
155323
155415
155416
155462
155555
155616
155619
155635
155695
155721
155726
155766
155768
155891
155904
155915
156082
156113
156128
156132
156133
156152
156201
156227
156228
156229
156230
156249
156250
156271
156300
156304
156309
156310
156312
156330
156331
156332
156410
156411
156504
156509
156511
156512
156514
156531
156532
156542
156562
156563
156566
156567
156568
156587
156593
156630
156631
156707
156858
156870
156982
156983
156986
156987
156988
156989
156990
156991
156992
156996
157056
157069
157072
157106
157107
157124
157167
157240
157293
157304
157308
157315
157316
157324
157325
157363
157392
157394
157409
157413
157414
157460
157461
157478
157480
157538
157565
157566
157567
157574
157578
157595
157598
157608
157611
157625
157644
157668
157669
157670
157677
157684
157702
157729
157739
157791
157820
157821
157822
157824
157883
157922
158019
158023
158024
158025
158060
158091
158093
158098
158103
158121
158122
158136
158140
158155
158156
158207
158314
158329
158330
158331
158332
158333
158338
158339
158340
158345
158349
158350
158356
158360
158366
158377
158378
158379
158383
158385
158386
158387
158389
158391
158393
158396
158397
158404
158406
158408
158409
158418
158424
158427
158429
158440
158441
158449
158450
158451
158455
158456
158501
158506
158507
158541
158586
158587
158603
158607
158621
158622
158623
158624
158697
158720
158779
158814
158826
158829
158975
159030
159033
159045
159075
159076
159077
159162
159185
159298
159309
159310
159314
159330
159337
159362
159367
159368
159377
159395
159396
159415
159416
159417
159639
159646
159719
159720
159736
159740
159741
159749
159753
159822
159855
159856
159859
159957
159969
159970
159971
159972
159981
159987
160014
160015
160059
160063
160064
160068
160069
160070
160075
160148
160150
160205
160206
160389
160394
160427
160428
160437
160439
160479
160513
160538
160544
160595
160598
160618
160619
160620
160621
160676
160677
160685
160701
160702
160708
160709
160715
160734
160745
160760
160761
160764
160766
160818
160819
160821
160822
160838
160964
160965
160989
161013
161014
161068
161069
161095
161109
161112
161121
161126
161227
161228
161229
161261
161274
161395
161447
161448
161449
161450
161453
161454
161455
161456
161466
161468
161469
161571
161572
161573
161578
161584
161590
161592
161620
161621
161648
161671
161679
161681
161683
161696
161697
161699
161701
161703
161712
161717
161718
161740
161753
161755
161756
161767
161865
161921
161924
161929
161930
161934
161997
162053
162061
162062
162258
162265
162266
162300
162313
162316
162317
162331
162386
162394
162405
162409
162425
162454
162474
162475
162477
162479
162480
162481
162482
162483
162484
162629
162630
162640
162641
162647
162677
162678
162719
162732
162786
162790
162809
163034
163079
163088
163089
163091
163092
163093
163096
163097
163103
163119
163120
163122
163123
163124
163125
163127
163128
163130
163131
163133
163134
163135
163136
163137
163138
163139
163140
163141
163142
163144
163145
163146
163147
163149
163303
163306
163307
163308
163309
163310
163315
163316
163317
163318
163319
163330
163343
163474
163475
163485
163486
163487
163513
163514
163515
163516
163611
163618
163620
163623
163631
163638
163685
163694
163699
163703
163715
163722
163725
163728
163729
163731
163733
163734
163735
163738
163739
163742
163743
163747
163822
163845
163860
163861
163893
163898
163899
163991
164016
164242
164262
164263
164273
164324
164328
164440
164528
164570
164571
164592
164645
164646
164647
164648
164651
164674
164846
164860
164862
164872
164882
164968
164972
164973
165004
165005
165097
165100
165198
165200
165219
165353
165398
165417
165430
165440
165443
165445
165446
165447
165449
165450
165451
165453
165459
165469
165470
165471
165472
165473
165481
165482
165595
165598
165599
165648
165790
165795
165808
165819
165821
166009
166010
166020
166029
166040
166041
166044
166045
166052
166053
166057
166114
166117
166126
166235
166252
166253
166254
166255
166256
166260
166261
166262
166264
166329
166331
166333
166361
166378
166401
166413
166480
166482
166735
166740
166741
166744
166745
166753
166754
166763
166764
166784
166789
166816
166818
166933
166955
167043
167044
167106
167107
167156
167177
167180
167233
167234
167333
167335
167337
167340
167341
167346
167356
167374
167378
167385
167439
167444
167449
167475
167483
167484
167485
167487
167488
167489
167490
167491
167492
167495
167496
167497
167498
167499
167500
167501
167502
167503
167752
167760
167767
167768
167794
167798
167799
167803
167804
167815
167828
167839
167851
167887
167898
167900
167930
167933
167934
167982
168076
168096
168097
168130
168131
168172
168195
168377
168475
168561
168575
168630
168631
168633
168634
168635
168636
168684
168713
168714
168727
168730
168731
168747
168757
168758
168759
168764
168766
168772
168773
168774
168775
168788
168797
168830
168831
168834
168853
168854
168915
168917
168925
169067
169157
169179
169194
169254
169289
169290
169291
169297
169303
169306
169324
169388
169417
169418
169422
169489
169520
169531
169617
169618
169619
169620
169623
169624
169626
169627
169628
169636
169639
169640
169642
169649
169654
169655
169656
169657
169659
169660
169663
169680
169697
169698
169699
169700
169701
169703
169704
169705
169709
169722
169725
169726
169729
169731
169733
169734
169735
169736
169737
169738
169740
169744
169745
169746
169747
169748
169749
169750
169754
169756
169862
169863
169883
169941
169998
169999
170000
170012
170021
170179
170189
170193
170194
170195
170196
170197
170198
170199
170200
170201
170202
170203
170204
170205
170206
170207
170351
170426
170427
170436
170437
170511
170624
170625
170722
170819
170820
170843
170865
170919
170926
170927
170944
170974
170975
170976
170979
171004
171009
171122
171195
171196
171245
171251
171274
171275
171294
171366
171367
171406
171414
171415
171416
171473
171474
171485
171524
171525
171526
171527
171529
171530
171576
171577
171578
171580
171585
171586
171587
171596
171605
171627
171631
171637
171638
171642
171643
171645
171647
171649
171650
171651
171652
171793
171797
171798
171801
171802
171822
171875
171883
171916
171917
171928
171929
171968
171969
172050
172121
172122
172123
172124
172125
172129
172135
172136
172137
172185
172190
172236
172239
172268
172293
172312
172515
172519
172520
172532
172535
172567
172614
172620
172621
172634
172644
172661
172662
172663
172670
172671
172675
172679
172797
172808
172809
172820
172821
172822
172903
172905
172906
172907
172908
172909
172910
172911
172913
172914
172915
172917
172918
172949
172966
172968
172976
172978
172989
173043
173107
173108
173216
173218
173221
173222
173223
173224
173226
173227
173228
173242
173245
173246
173247
173250
173280
173310
173311
173316
173321
173323
173324
173326
173330
173339
173342
173352
173353
173369
173370
173385
173386
173423
173436
173455
173467
173468
173492
173494
173495
173496
173497
173545
173647
173667
173678
173679
173680
173701
173709
173784
173794
173795
173823
173827
173869
173887
173908
173909
173944
173947
173977
174080
174150
174155
174156
174214
174260
174275
174391
174403
174599
174620
174621
174623
174624
174628
174634
174643
174652
174679
174680
174683
174684
174685
174720
174810
174815
174914
174915
174917
174918
174920
175000
175006
175023
175104
175121
175122
175127
175129
175130
175131
175132
175138
175139
175169
175197
175228
175240
175241
175245
175246
175247
175270
175275
175276
175281
175282
175332
175333
175340
175429
175436
175439
175518
175597
175693
175694
175773
175774
175775
175777
175778
175779
175780
175781
175783
175784
175786
175787
175788
175789
175792
175793
175794
175795
175796
175797
175798
175799
175801
175809
175823
175829
175830
175833
175834
175835
175836
175842
175843
175857
175859
175930
175933
175946
175947
176017
176021
176022
176023
176024
176042
176057
176065
176066
176112
176113
176129
176160
176165
176168
176169
176171
176173
176176
176178
176181
176185
176187
176188
176192
176196
176242
176248
176251
176252
176265
176275
176285
176448
176453
176508
176536
176537
176601
176616
176627
176848
176909
176910
176936
176938
176939
176946
177060
177082
177111
177115
177116
177147
177207
177236
177245
177246
177250
177615
177649
177685
177686
177937
177938
178002
178025
178032
178035
178044
178049
178078
178079
178080
178082
178132
178133
178174
178215
178221
178223
178231
178295
178298
178299
178369
178426
178427
178445
178475
178513
178514
178536
178537
178539
178550
178552
178554
178748
178769
178771
178805
178841
178870
178879
178880
178889
178890
178893
178894
178897
179104
179119
179143
179152
179153
179210
179291
179337
179350
179357
179359
179360
179373
179410
179422
179445
179503
179643
179644
179645
179646
179676
179681
179730
179731
179741
179783
179808
179837
179839
179844
179895
179908
179915
179927
179994
180010
180062
180217
180225
180227
180228
180229
180245
180246
180279
180438
180449
180454
180480
180498
180528
180536
180539
180540
180675
180772
180784
180785
180786
180787
180814
180930
180932
180933
180934
180936
180937
180950
180999
181014
181017
181019
181088
181089
181093
181094
181095
181096
181118
181119
181124
181172
181199
181204
181205
181206
181343
181389
181390
181391
181392
181393
181395
181396
181397
181398
181399
181400
181401
181402
181403
181404
181405
181406
181407
181408
181411
181412
181413
181415
181416
181417
181420
181421
181422
181423
181424
181425
181428
181430
181431
181432
181433
181434
181435
181436
181437
181438
181439
181440
181442
181443
181444
181445
181446
181447
181448
181449
181450
181453
181455
181456
181457
181458
181459
181462
181463
181464
181465
181466
181467
181468
181472
181473
181475
181476
181477
181478
181483
181520
181527
181532
181550
181606
181636
181671
181762
181804
181834
181926
181937
181948
181967
181990
181999
182030
182043
182070
182083
182084
182096
182099
182134
182163
182222
182229
182230
182234
182235
182236
182237
182238
182292
182295
182296
182301
182302
182306
182309
182312
182317
182322
182350
182395
182415
182428
182430
182434
182439
182440
182442
182642
182659
182669
182671
182683
182724
182725
182771
182780
182800
182803
182873
182948
182954
182955
182985
182988
183030
183141
183150
183218
183314
183385
183409
183410
183418
183477
183478
183501
183502
183508
183539
183540
183652
183653
183662
183663
183674
183675
183715
183716
183721
183746
183747
183748
183749
183750
183751
183752
183803
183804
183827
183836
183838
183851
183858
183863
183864
183865
183873
183877
183912
183979
184025
184062
184083
184108
184169
184208
184234
184236
184237
184238
184239
184240
184241
184242
184244
184245
184277
184385
184386
184430
184431
184434
184439
184440
184460
184462
184484
184485
184488
184493
184494
184507
184508
184512
184539
184576
184584
184585
184612
184613
184647
184648
184712
184739
184757
184780
184922
184980
185002
185214
185238
185313
185366
185431
185452
185453
185493
185542
185573
185574
185578
185665
185686
185689
185702
185727
185728
185729
185730
185733
185735
185736
185737
185739
185767
185809
185810
185812
185814
185816
185822
185881
185883
185886
185953
186035
186039
186041
186042
186043
186064
186066
186067
186074
186092
186093
186108
186121
186126
186140
186148
186170
186193
186265
186267
186270
186273
186275
186276
186282
186283
186343
186344
186345
186347
186350
186359
186370
186376
186449
186463
186466
186569
186572
186577
186578
186592
186619
186620
186621
186622
186623
186624
186625
186626
186627
186628
186630
186632
186633
186634
186644
186648
186744
186745
186746
186747
186748
186749
186751
186752
186755
186756
186759
186760
186770
186771
186774
186781
186782
186784
186785
186787
186788
186790
186798
186799
186924
186954
186976
186978
186980
186981
186982
186987
186990
186992
186994
186995
187014
187017
187021
187105
187106
187110
187111
187119
187121
187155
187248
187258
187267
187285
187298
187299
187300
187318
187331
187382
187416
187417
187444
187451
187461
187510
187517
187522
187523
187528
187529
187530
187531
187532
187533
187538
187546
187559
187563
187564
187592
187595
187596
187598
187599
187607
187619
187620
187621
187622
187623
187629
187632
187722
187731
187734
187767
187796
187810
188013
188047
188061
188111
188132
188184
188257
188262
188263
188316
188339
188341
188342
188343
188344
188373
188374
188375
188376
188379
188380
188382
188477
188482
188518
188543
188544
188547
188550
188572
188706
188755
188765
188929
188935
188941
188944
188949
188956
188961
188963
188970
188971
188975
189054
189055
189058
189200
189290
189291
189314
189315
189317
189318
189320
189322
189359
189427
189428
189429
189431
189435
189450
189451
189476
189478
189479
189482
189485
189491
189492
189493
189494
189504
189506
189513
189527
189528
189537
189538
189613
189615
189616
189617
189622
189639
189647
189650
189793
189838
189907
189911
189913
189929
189957
189963
189975
189978
190068
190223
190242
190260
190261
190275
190322
190324
190325
190327
190330
190385
190435
190456
190457
190504
190525
190526
190558
190559
190560
190561
190583
190595
190675
190676
190679
190680
190693
190712
190760
190765
190802
190812
190925
191034
191045
191078
191096
191097
191119
191121
191122
191189
191197
191327
191328
191330
191332
191334
191382
191392
191395
191404
191418
191422
191456
191477
191479
191480
191504
191554
191672
191674
191721
191812
191814
191816
191870
191871
191923
191938
192010
192012
192172
192173
192188
192194
192204
192205
192212
192213
192248
192250
192258
192264
192300
192314
192329
192370
192373
192376
192377
192379
192380
192381
192382
192383
192404
192413
192422
192427
192434
192466
192467
192468
192469
192486
192514
192523
192524
192603
192649
192656
192730
192734
192752
192808
192809
192813
192871
192874
192875
192923
192924
192931
192972
193033
193047
193058
193059
193075
193076
193079
193125
193126
193127
193150
193160
193161
193205
193206
193209
193238
193240
193244
193245
193289
193294
193302
193303
193309
193335
193516
193537
193538
193540
193551
193559
194263
194264
194286
194287
194331
194338
194351
194365
194366
194367
194370
194371
194401
194407
194408
194415
194525
194526
194529
194530
194544
194596
194597
194713
194872
194915
195065
195070
195106
195107
195108
195119
195120
195164
195166
195189
195262
195264
195290
195296
195299
195307
195315
195321
195326
195330
195335
195526
195536
195537
195544
195578
195580
195581
195595
195596
195601
195603
195604
195613
195614
195615
195618
195620
195621
195624
195629
195632
195633
195640
195641
195642
195646
195651
195656
195657
195658
195770
195777
195789
195849
195857
195875
195881
195882
195883
195936
195944
195966
195967
195968
195969
195973
195974
195980
195983
195993
195994
195995
196000
196001
196026
196036
196072
196074
196075
196121
196244
196251
196252
196253
196469
196480
196577
196632
196634
196635
196636
196637
196665
196820
196889
196897
196898
196901
196978
196981
196982
196984
196992
196993
196996
196997
196998
196999
197043
197054
197086
197092
197097
197130
197146
197151
197152
197157
197161
197177
197178
197179
197200
197206
197371
197531
197539
197540
197546
197562
197563
197571
197572
197616
197809
197815
197859
197892
197905
197907
197924
197992
198003
198037
198116
198230
198231
198256
198266
198299
198323
198433
198505
198506
198507
198509
198511
198613
198614
198624
198625
198627
198697
198719
198806
198824
198914
199090
199091
199129
199219
199225
199306
199476
199477
199478
199487
199549
199623
199627
199699
199889
199890
200221
200222
200334
200361
200489
200492
200554
200604
200642
200676
200728
200749
200751
200839
200870
200887
200888
200890
200983
201152
201291
201311
201312
201316
201335
201346
201348
201355
201358
201370
201377
201378
201429
201452
201456
201498
201515
201538
201572
201574
201691
201703
201705
201708
201709
201710
201780
201784
201799
201800
201855
201859
201919
201955
201956
201960
201961
202256
202257
202265
202279
202280
202347
202376
202377
202396
202402
202428
202457
202459
202460
202533
202584
202595
202614
202687
202692
202696
202697
202698
202796
202808
202913
202914
202946
203081
203109
203117
203118
203143
203165
203166
203167
203191
203261
203289
203381
203397
203438
203496
203525
203536
203537
203638
203811
203864
203898
203899
203903
203904
203908
203993
204043
204045
204053
204231
204235
204236
204266
204267
204285
204340
204373
204413
204414
204509
204510
204529
204542
204550
204585
204586
204638
204754
204813
204814
204816
204818
204919
204942
204943
204957
204958
204961
204965
204968
204969
204989
204990
204992
204998
205004
205042
205061
205073
205120
205123
205130
205131
205132
205135
205337
205338
205341
205353
205354
205393
205394
205398
205466
205467
205485
205486
205524
205596
205648
205649
205655
205744
205924
205932
206008
206099
206100
206105
206106
206107
206118
206122
206123
206124
206125
206126
206128
206140
206141
206143
206144
206145
206152
206153
206154
206316
206318
206417
206448
206483
206542
206751
206768
206779
206864
206868
207245
207289
207296
207390
207560
207572
207598
207650
207696
207710
207927
207929
207931
208014
208062
208091
208194
208332
208333
208348
208450
208451
208452
208471
208472
208473
208481
208518
208674
208675
208677
208678
208679
208681
208682
208695
208757
208758
208799
208829
208830
208873
208881
208936
208960
208975
208979
209041
209118
209184
209195
209228
209285
209402
209533
209534
209559
209564
209661
209663
209687
209688
209689
209691
209712
209713
209780
209926
209927
209928
209929
209938
209977
209978
209979
209983
209984
209985
209986
209987
210010
210138
210139
210143
210166
210202
210203
210205
210207
210225
210245
210251
210329
210368
210372
210377
210382
210409
210425
210441
210445
210567
210581
210584
210586
210587
210596
210597
210607
210619
210620
210628
210631
210632
210638
210804
210850
210851
210852
210969
211030
211084
211085
211086
211102
211104
211105
211106
211154
211158
211159
211161
211167
211168
211169
211170
211184
211185
211186
211187
211224
211225
211228
211382
211401
211462
211463
211488
211491
211510
211536
211565
211566
211568
211588
211597
211598
211600
211650
211651
211825
211834
211853
211925
211926
211936
211937
211938
211939
211974
211979
211984
211995
211996
211997
212002
212003
212004
212017
212056
212100
212112
212129
212130
212142
212376
212507
212511
212527
212534
212535
212575
212585
212613
212708
212711
212734
212739
212740
212746
212818
212925
213157
213317
213494
213498
213547
213548
213598
213638
213639
213657
213859
213895
213896
213899
213900
213924
213927
213934
213944
213984
214002
214089
214232
214276
214277
214430
214431
214438
214483
214486
214487
214501
214503
214504
214506
214508
214509
214514
214597
214607
214684
214687
214693
214697
214812
214907
214908
214909
214911
214912
214915
214929
214933
214966
214981
214982
214988
214992
214993
214994
215035
215053
215062
215063
215071
215237
215243
215248
215249
215250
215251
215252
215327
215330
215337
215338
215339
215341
215342
215343
215344
215345
215346
215347
215348
215349
215350
215356
215357
215358
215359
215361
215362
215363
215365
215366
215367
215369
215370
215373
215378
215382
215387
215389
215390
215391
215392
215393
215394
215395
215396
215399
215400
215401
215402
215403
215404
215405
215406
215407
215448
215450
215451
215697
215699
215708
215716
215733
215734
215746
215752
215755
215768
215769
215770
215771
215786
215788
215789
215790
215794
216096
216126
216133
216140
216208
216209
216210
216245
216246
216260
216270
216272
216274
216275
216276
216278
216281
216284
216285
216288
216291
216293
216294
216297
216298
216303
216304
216305
216307
216318
216320
216325
216331
216333
216334
216335
216336
216351
216363
216364
216365
216366
216367
216368
216423
216439
216441
216442
216467
216510
216574
216691
216692
216693
216695
216701
216702
216703
216706
216718
216719
216720
216722
216729
216751
216752
216753
216768
216770
216772
216775
216776
216780
216785
216794
216795
216800
216808
216811
216812
216817
216818
216823
216837
216885
216891
216892
216967
216968
217026
217032
217033
217035
217037
217038
217039
217040
217043
217046
217062
217164
217165
217233
217246
217443
217475
217509
217619
217632
217634
217682
217683
217703
217708
217853
218102
218105
218126
218191
218192
218448
218467
218469
218471
218531
218556
218633
218659
218663
218705
218706
218710
218718
218719
218722
218723
218724
218729
218743
218752
218755
218756
218758
218797
218815
218819
218843
218851
218924
218925
219025
219087
219103
219112
219115
219120
219121
219124
219126
219128
219129
219131
219134
219137
219171
219298
219316
219327
219328
219335
219336
219362
219375
219378
219382
219384
219398
219406
219407
219423
219430
219443
219452
219541
219593
219594
219595
219597
219601
219677
219678
219680
219681
219696
219698
219769
219787
219809
219820
219829
219850
219896
219897
220106
220391
220392
220438
220482
220499
220611
220639
220671
220672
220713
220734
220736
220872
220873
221038
221087
221102
221103
221128
221163
221166
221260
221269
221270
221383
221414
221427
221428
221557
221568
221670
221671
221673
221678
221721
221722
221723
221724
221728
221756
221757
221762
221765
221863
221865
221866
221867
221868
221869
221902
221903
221975
221976
221999
222000
222011
222012
222032
222043
222047
222051
222431
222432
222438
222439
222440
222543
222544
222545
222546
222567
222581
222803
222804
222816
222823
222825
222831
222862
222863
222885
222929
223055
223093
223102
223104
223107
223125
223129
223138
223139
223140
223142
223145
223146
223151
223152
223153
223192
223210
223211
223374
223380
223383
223453
223472
223515
223528
223529
223561
223634
223649
223781
223794
223795
223797
223818
223819
223820
223846
223851
223852
223868
223987
223998
224085
224089
224103
224105
224106
224108
224125
224127
224129
224130
224131
224132
224141
224144
224168
224313
224329
224352
224419
224420
224704
224705
224706
224708
224712
224713
224715
224716
224734
224735
224736
224740
224846
225064
225065
225066
225107
225117
225159
225164
225338
225342
225343
225344
225386
225387
225391
225397
225398
225400
225401
225552
225553
225580
225615
225723
225727
225728
225748
225749
225757
225974
226050
226051
226115
226126
226208
226209
226230
226511
226512
226518
226545
226546
226547
226549
226557
226558
226576
226577
226727
226728
226742
226749
226820
226822
226861
226881
226895
226899
226940
226991
227062
227085
227086
227087
227089
227090
227091
227148
227232
227233
227280
227282
227283
227287
227288
227308
227321
227323
227327
227329
227330
227331
227332
227334
227336
227354
227356
227365
227453
227458
227466
227508
227527
227528
227550
227565
227570
227572
227575
227578
227579
227580
227581
227589
227595
227601
227602
227606
227608
227609
227611
227614
227618
227619
227627
227707
227713
227871
227898
227899
227908
227909
227976
228183
228217
228248
228249
228250
228251
228252
228261
228262
228265
228297
228300
228345
228346
228353
228393
228395
228457
228458
228488
228492
228493
228518
228540
228563
228586
228608
228629
228650
228689
228709
228871
228895
228914
228945
228946
229045
229049
229056
229057
229059
229060
229062
229100
229219
229289
229290
229347
229420
229533
229535
229536
229537
229543
229546
229639
229640
229657
229677
229695
229728
229760
229761
229787
229794
229795
229880
229881
229883
229884
229889
229891
229894
229990
230008
230080
230081
230390
230439
230556
230597
230603
230730
230742
230743
230833
230837
230844
231006
231028
231076
231077
231078
231212
231213
231259
231260
231269
231409
231570
231594
231595
231613
231623
231624
231663
231665
231675
231682
231739
231751
231753
231932
231936
231959
231972
232080
232082
232088
232192
232193
232233
232242
232245
232253
232264
232275
232276
232287
232314
232320
232323
232347
232376
232378
232382
232392
232417
232418
232419
232508
232509
232554
232556
232557
232596
232597
232598
232639
232741
232788
232803
232804
232847
232989
233110
233137
233142
233186
233271
233272
233737
233779
233781
233783
233875
234597
234634
234792
234882
234950
234975
235142
235145
235152
235153
235156
235188
235191
235211
235238
235252
235261
235402
235443
235541
235600
235629
235631
235633
235880
235882
235883
235887
235892
235893
235895
235902
236025
236234
236304
236305
236322
236345
236346
236347
236375
236381
236385
236386
236388
236389
236391
236403
236404
236405
236406
236409
236410
236420
236421
236434
236436
236450
236463
236466
236473
236519
236520
236635
236637
236640
236659
236662
236710
236711
236727
236742
236746
236789
236793
236829
236831
236837
236854
236855
236878
236879
236884
236915
236919
236936
237025
237073
237075
237168
237172
237173
237179
237185
237200
237219
237232
237378
237412
237561
237571
237578
237584
237585
237660
237863
237871
237895
237963
238031
238032
238060
238069
238070
238088
238106
238220
238224
238232
238240
238244
238245
238555
238559
238572
238577
238613
238617
238640
238641
238654
238679
238682
238695
238696
238707
238721
238742
238743
238744
238745
238746
238750
238751
238758
238775
238819
238855
238859
238860
238884
238894
238896
238897
239094
239095
239225
239430
239497
239565
239931
240151
240152
240153
240154
240155
240156
240158
240159
240160
240161
240162
240163
240164
240165
240176
240206
240213
240345
240369
240395
240428
240448
240449
240450
240451
240496
240499
240516
240560
240563
240564
240565
240574
240576
240818
240823
240824
240830
240835
240836
240864
240869
240871
240872
240887
240888
240906
241045
241046
241064
241073
241076
241078
241153
241257
241267
241271
241275
241317
241345
241346
241355
241407
241409
241442
241444
241445
241446
241450
241451
241460
241466
241472
241473
241698
241715
241722
241727
241728
241746
241747
241749
241750
241766
241778
241780
241781
241782
241785
241787
241788
241789
241792
241793
241799
241800
241801
241806
241818
241819
241820
241826
241835
241836
241838
242058
242060
242088
242120
242159
242228
242229
242290
242395
242507
242508
242522
242542
242543
242544
242545
242548
242549
242614
242717
242718
242748
242801
242802
242806
242820
242837
242841
242842
242915
242930
242954
242956
242957
242958
242959
242960
242962
242963
242967
242970
242971
242972
242978
243006
243007
243023
243148
243281
243283
243290
243410
243411
243427
243439
243440
243470
243499
243502
243518
243561
243562
243652
243676
243706
243707
243708
243881
243919
244016
244023
244133
244134
244176
244216
244217
244427
244428
244447
244448
244449
244453
244454
244455
244478
244518
244529
244580
244709
244710
244711
244712
244713
244719
244720
244767
244937
244939
244981
245037
245059
245073
245079
245147
245174
245175
245239
245469
245589
245590
245701
245702
245703
245704
245705
245706
245707
245741
245746
245834
245875
245933
245934
245975
246000
246045
246048
246088
246120
246121
246299
246305
246360
246387
246409
246410
246437
246455
246709
246881
246892
246950
246984
247091
247094
247496
247498
247499
247501
247577
247616
247628
247629
247971
248132
248133
248134
248137
248173
248310
248350
248352
248361
248453
248454
248742
248746
248747
248811
248898
248899
248982
249001
249006
249018
249134
249344
249349
249350
249398
249483
249492
249510
251260
251359
251712
251725
251739
251744
251764
252141
252155
252163
252166
252192
252199
252291
252293
252294
252295
252529
252545
252546
252579
252580
252581
252582
252607
252611
252617
252618
252655
252671
252678
252778
252779
252784
252810
252811
252959
252960
252961
252962
252963
252971
252972
253017
253125
253126
253170
253171
253189
253258
253288
253517
253612
253613
253616
253628
253718
253749
253867
253937
253938
253956
253960
253966
253970
253971
253974
254024
254056
254296
254369
254370
254394
254442
254453
254526
254527
254528
254575
254641
254642
254704
254709
254777
254789
254878
255024
255054
255212
255217
255365
255541
255564
255570
255571
255572
255574
255643
255644
255684
255711
255715
255791
255936
255980
255981
255982
256003
256038
256090
256091
256131
256136
256348
256424
256426
256427
256429
256680
256687
256704
256737
256803
256806
256835
257006
257019
257044
257365
257485
257559
257578
257623
257649
257707
257763
257770
257771
257845
257846
257860
257867
257877
257886
257888
257889
257905
258075
258140
258219
258242
258329
258330
258337
258338
258469
258470
258907
258930
258946
259028
259029
259040
259041
259054
259328
259378
259437
259439
259447
259834
259913
259919
259920
259995
260088
260092
260093
260129
260130
260138
260142
260168
260202
260304
260305
260499
260504
260505
260506
260613
260614
260615
260622
260624
260627
260628
260630
260631
260667
260675
260802
260803
260804
260819
260888
260902
260967
260981
260982
260983
260994
260995
260999
261001
261007
261008
261009
261076
261096
261097
261098
261099
261152
261154
261156
261205
261423
261425
261426
261447
261450
261460
261494
261497
261498
261502
261503
261658
261678
261741
261754
261884
261885
261895
261896
261907
261914
261921
261959
261960
261961
261966
261967
262014
262080
262081
262098
262110
262111
262123
262124
262132
262140
262141
262150
262156
262159
262162
262181
262247
262431
262434
262510
262585
262590
262591
262608
262662
262675
262687
262757
262771
262805
262922
263136
263139
263140
263155
263160
263286
263334
263335
263364
263418
263419
263450
263515
263517
263518
263519
263520
263523
263524
263525
263530
263533
263534
263535
263536
263537
263538
263542
263547
263549
263550
263551
263579
263631
263632
263654
263660
263665
263685
263686
263714
263715
263716
263815
263835
263836
263869
263870
263995
263999
264002
264006
264008
264009
264013
264015
264016
264018
264019
264051
264052
264056
264057
264066
264067
264068
264095
264118
264121
264141
264149
264150
264151
264392
264402
264428
264483
264485
264526
264551
264579
264950
264951
264952
265031
265032
265034
265040
265043
265046
265075
265079
265081
265082
265084
265085
265103
265104
265113
265115
265117
265316
265318
265359
265382
265456
265458
265461
265489
265496
265498
265499
265535
265545
265559
265576
265577
265578
265641
265642
266039
266040
266071
266073
266091
266149
266350
266351
266373
266374
266420
266495
266767
266811
266941
266942
266943
266944
267069
267073
267092
267121
267123
267124
267130
267213
267219
267220
267221
267246
267427
267432
267433
267434
267458
267464
267567
267834
267835
267975
267979
267980
268065
268179
268180
268291
268346
268414
268415
268443
268470
268474
268475
268476
268492
268494
268499
268517
268565
268567
268570
268573
268574
268579
268582
268618
268757
268758
268760
268767
268852
268854
268862
268864
268865
268870
269026
269027
269035
269051
269157
269181
269187
269188
269193
269272
269377
269384
269417
269548
269607
269648
269649
269715
269743
269767
269814
269891
270004
270059
270102
270329
270461
270464
270467
270524
270526
270527
270530
270531
270536
270537
270542
270543
270544
270545
270546
270549
270550
270555
270556
270559
270561
270562
270563
270564
270567
270568
270571
270572
270573
270574
270575
270576
270577
270584
270585
270587
270588
270589
270590
270602
270610
270611
270612
270643
270738
270739
270755
270820
270821
270849
270850
270857
270859
270892
270899
270988
271217
271218
271221
271260
271313
271315
271317
271357
271359
271398
271402
271408
271451
271502
271503
271711
271832
271837
271838
271843
271844
271845
271931
271932
272070
272071
272074
272199
272214
272242
272339
272343
272460
272785
272788
272797
272940
272952
273024
273030
273031
273131
273371
273372
273455
273507
273519
273520
273521
273649
273789
273790
273791
273877
274463
274464
274469
274596
274600
274613
274614
274632
274641
274642
274669
274673
274674
274686
274692
274703
274704
274705
274706
274707
274794
274795
274796
274801
274805
275430
275431
275436
275437
275448
276764
276832
276833
276836
276838
277992
277993
278021
278026
278028
278030
278074
278164
278166
278168
278169
278171
278176
278178
278181
278186
278205
278211
278212
278780
278781
278782
278783
278828
278856
278938
278977
278980
278981
278982
279094
279122
279160
279161
279260
279271
279272
279322
279402
279409
279424
279436
279438
279439
279440
279474
279480
279490
279594
279647
279648
279652
279761
279888
279890
279894
279927
279965
280036
280092
280150
280153
280161
280162
280163
280168
280188
280202
280203
280213
280222
280224
280452
280455
280463
280485
280486
280577
280587
280588
280637
280641
280671
280675
280676
280678
280681
280684
280688
280690
280691
280699
280754
280810
280839
280850
280851
280854
280976
281062
281063
281075
281085
281116
281124
281231
281242
281250
281364
281489
281668
281681
281687
281842
281844
281847
282147
282233
282260
282261
282291
282301
282304
282338
282346
282350
282351
282381
282391
282414
282425
282472
282474
282510
282511
282569
282687
282688
283007
283009
283025
283033
283034
283035
283036
283215
283354
283372
283373
283416
283492
283495
283496
283497
283512
283513
283615
283632
283643
283645
283655
283656
283669
283924
283979
283990
284015
284022
284065
284134
284363
284477
284548
284550
284551
284552
284555
284583
284584
284590
284591
284592
284593
284740
284811
284812
284813
284983
285022
285222
285223
285276
285277
285649
285658
285713
285719
285951
285953
285966
285987
286002
286008
286009
286098
286112
286113
286114
286115
286122
286127
286149
286164
286166
286167
286168
286171
286172
286173
286179
286180
286192
286306
286307
286393
286410
286411
286419
286455
286458
286459
286472
286482
286491
286506
286536
286537
286563
286565
286566
286567
286572
286589
286619
286620
286623
286660
286681
286700
286705
286706
286707
286710
286715
287010
287011
287110
287157
287184
287187
287891
287943
287944
288136
288184
288313
288314
288315
288316
288317
288382
288386
288388
288444
288494
288508
288516
288556
288635
288643
288644
288645
288646
288658
288659
288669
288788
288794
288795
288905
289074
289381
289398
289401
289454
289455
289461
289462
289672
289753
289935
289936
289951
289976
289991
290100
290102
290154
290155
290247
290251
290292
290326
290333
290403
290404
290411
290412
290503
290523
290524
290538
290576
290612
290613
290614
290616
290617
290625
290628
290629
290630
290648
290649
290712
290713
290875
290878
291208
291239
291251
291261
291262
291263
291264
291265
291268
291294
291302
291360
291363
291482
291611
291793
291814
291815
291816
291818
291819
291824
291862
291881
291889
291892
291897
291965
291982
292182
292281
292347
292386
292416
292417
292440
292447
292448
292457
292491
292502
292503
292576
292582
292631
292646
292647
292680
292681
292682
292684
292710
292717
292793
292898
292917
292918
292919
292925
293110
293138
293139
293141
293144
293227
293230
293231
293243
293275
293340
293382
293478
293488
293500
293502
293506
293507
293508
293558
293559
293801
293821
293908
293917
293939
293957
293989
293994
294118
294121
294122
294128
294368
294381
294641
294674
294691
294700
294705
294733
294746
294747
294750
294823
295125
295200
295212
295213
295299
295326
295381
295399
295643
295644
295648
295649
295659
295660
295669
295679
295805
295809
295810
295910
295916
295935
295936
295958
296134
296201
296204
296482
296543
296587
296598
296741
296905
297009
297010
297219
297228
297230
297308
297309
297313
297507
297510
297511
297637
297717
297797
297798
297907
298137
298266
298305
298306
298348
298367
298374
298378
298494
298510
298662
298886
299071
299110
299189
299205
299206
299217
299218
299256
299257
299275
299276
299316
299317
299319
299320
299321
299322
299323
299325
299330
299346
299347
299362
299363
299370
299467
299468
299576
299577
299598
299834
299835
299881
299886
300110
300111
300112
300163
300184
300221
300222
300225
300226
300227
300229
300230
300232
300233
300235
300236
300237
300238
300239
300251
300275
300276
300318
300354
300409
300413
300414
300415
300416
300417
300696
300797
300845
300877
301030
301031
301046
301069
301145
301206
301207
301336
301353
301454
301477
301648
301854
301899
301900
301916
301927
301928
301955
301957
301959
302045
302046
302047
302049
302052
302098
302418
302534
302780
302781
303120
303184
303185
303233
303304
303324
303336
303347
303368
303369
303400
303412
303518
303687
303688
303689
303690
303691
303694
303697
303699
303700
303701
303702
303709
303710
303711
303714
303717
303718
303719
303721
303723
303724
303725
303726
303732
303733
303735
303745
303746
303747
303748
303750
303751
303753
303929
303930
303931
303932
303968
303996
303997
304035
304037
304038
304045
304102
304104
304194
304224
304257
304258
304322
304445
304458
304459
304460
304461
304530
304572
304573
304574
304582
304639
304640
304656
304709
304714
304718
304728
304788
304792
304798
304808
304850
304851
304860
304863
304878
304879
304914
305399
305400
305493
305516
305537
305538
305559
305593
305659
305692
305820
306032
306034
306035
306069
306076
306088
306090
306272
306424
306582
306583
306639
306880
306901
306902
307024
307025
307026
307027
307032
307033
307165
307259
307266
307441
307491
307492
307506
307507
307582
307623
307658
307749
307750
307758
307842
307843
307844
307931
307936
307950
307955
307959
307971
307972
308056
308057
308060
308080
308174
308223
308434
308440
308472
308474
308475
308550
308559
308562
308564
308567
308572
308573
308578
308579
308586
308613
308771
308773
308774
308872
308925
308926
308927
309006
309184
309349
309357
309358
309386
309387
309532
309537
309541
309553
309840
309872
309877
309878
309910
309911
309913
309922
309926
309930
309941
309978
309979
310047
310217
310261
310288
310352
310453
310571
310659
310697
310722
310752
310761
310794
310836
310866
310915
311037
311061
311071
311072
311092
311139
311198
311200
311201
311204
311222
311223
311241
311332
311356
311384
311453
311466
311467
311468
311526
311790
311900
311902
311903
311979
312017
312068
312182
312227
312313
312314
312470
312471
312687
312688
312789
312848
312850
313031
313075
313081
313097
313104
313107
313181
313275
313441
313555
313556
313557
313558
313725
313899
313997
314013
314122
314145
314146
314147
314149
314246
314248
314249
314293
314294
314295
314331
314391
314518
314520
314521
314522
314528
314529
315323
315347
315349
315355
315370
315377
315403
315429
315492
315555
315556
315560
315563
315571
315576
315608
315626
315630
315662
315669
315723
315754
315781
315785
315797
315803
315838
315840
315943
315946
316123
316124
316125
316131
316138
316140
316143
316144
316145
316148
316149
316150
316161
316162
316340
316405
316406
316455
316456
316492
316514
317029
317045
317047
317100
317158
317241
317325
317359
317483
317513
317549
317581
317645
317662
317663
317678
317680
317792
317811
317849
317851
317852
317924
317925
318068
318077
318159
318445
318468
318477
318478
318479
318493
318506
318509
318529
318530
318545
318546
318548
318551
318552
318553
318557
318559
318560
318684
318685
318702
318703
318706
318744
318751
318774
318814
318815
318828
318829
318915
318918
318921
318923
318960
318963
319056
319057
319058
319069
319071
319078
319083
319085
319093
319094
319095
319220
319226
319321
319323
319348
319420
319427
319428
319543
319626
319627
319629
319630
319631
319703
319756
319757
319760
319761
319762
319773
319781
319782
319783
319784
319785
319798
319925
319935
320073
320155
320266
320267
320360
320381
320450
320565
320579
320582
320584
320585
320586
320614
320616
320632
320805
320986
320991
320993
321125
321164
321166
321203
321365
321384
321385
321386
321387
321388
321389
321397
321398
321550
321614
321803
321826
321831
321833
321834
321838
321839
321963
321964
322024
322070
322094
322104
322109
322125
322126
322130
322131
322636
322640
322641
322685
322853
323202
323203
323303
323359
323402
323405
323453
323529
323542
323561
323637
323638
323641
323642
323643
323647
323650
323688
323723
323732
323751
323752
323799
323800
323802
323804
323898
323905
324119
324339
324344
324346
324618
324620
324621
324673
324677
324738
324740
324754
324755
324769
324770
324777
324799
324870
324871
324885
325089
325109
325165
325166
325167
325267
325276
325284
325289
325335
325346
325429
325434
325536
325603
325628
325629
325640
325641
325644
325645
325646
325648
325670
325673
325984
326026
326071
326408
326431
326594
326606
326628
326644
326645
326647
326681
326684
326731
326921
326964
326966
326968
326972
327033
327061
327079
327092
327109
327218
327271
327281
327360
327402
327403
327405
327682
327692
327696
327697
327740
327741
327761
327762
327770
327774
327775
327776
327779
327808
327809
327818
327828
328046
328198
328230
328320
328321
328342
328401
328518
328520
328522
328523
328525
328526
328527
328528
328529
328532
328535
328542
328544
328545
328546
328565
328566
328599
328639
328815
328822
328841
328843
328846
329032
329083
329084
329090
329095
329112
329116
329146
329262
329348
329464
329626
329627
329633
329634
329652
329655
329656
329728
329772
329803
329878
329879
329881
329884
329890
329899
329933
329962
329963
329966
329967
329969
330065
330167
330420
330465
330483
330485
330523
330559
330567
330583
330728
330743
330750
330879
330899
330900
330902
330929
330935
330951
330961
331038
331039
331117
331189
331226
331400
331404
331417
331466
332116
332123
332172
332176
332213
332245
332277
332341
332420
332421
332422
332423
332435
332525
332607
332648
332669
332670
332899
332947
332952
333344
333668
333877
333970
334014
334015
334116
334125
334128
334159
334160
334426
334428
334433
334445
334516
334533
334534
334572
334574
334596
334618
334711
334750
334752
334753
334755
334758
334777
334819
334822
334873
334878
334885
334891
334895
334896
334899
334908
334913
334915
334987
334999
335011
335023
335059
335060
335152
335206
335207
335209
335438
335482
335483
335738
335752
335754
335776
335805
335848
335849
335852
335913
336127
336252
336254
336262
336647
336660
336661
336668
336669
336678
336722
336841
336963
336972
336973
336974
336983
337075
337173
337178
337181
337187
337188
337343
337344
337345
337360
337364
337368
337372
337375
337380
337410
337453
337465
337531
337533
337558
337630
337641
337664
337677
337687
337720
337724
337726
337730
337736
337738
337739
337744
337745
337748
337752
337809
337810
337816
337962
337963
338152
338153
338181
338197
338198
338264
338308
338309
338315
338474
338513
338554
338557
338574
338578
338652
338654
338881
338911
338912
338913
339208
339321
339787
339842
339843
339858
339859
339873
339960
339961
340076
340080
340170
340178
340179
340180
340209
340364
340365
340412
340415
340416
340418
340426
340433
340657
340692
341085
341086
341088
341099
341117
341118
341122
341128
341189
341340
341663
341695
341696
341728
341731
341732
341733
342380
342402
342424
342428
342429
342434
342442
342443
342668
342678
342679
342690
342758
342759
342808
342822
343494
343502
343506
343507
343525
343526
343527
343528
343529
343530
343564
343569
343581
343648
343691
343901
343904
343927
343931
343932
344069
344322
344612
344680
344694
344697
344705
344713
344715
344751
344752
344753
344871
344906
344910
344911
344958
344976
345083
345099
345155
345164
345259
345260
345428
345464
345536
345537
345571
345573
345692
345728
345840
345902
345916
346248
346249
346293
346472
346787
346807
346815
347188
347249
347259
347275
347276
347277
347311
347316
347317
347318
347319
347358
347359
347363
347396
347397
347415
347416
347421
347426
347427
347455
347460
347515
347697
347701
347742
347750
347753
347822
347889
347893
347975
347976
347977
348150
348171
348314
348535
348687
348688
348696
348802
348837
348845
349246
349298
349299
349562
349639
349641
349643
349644
349659
349709
349711
349989
350426
350427
350585
350779
350834
350843
350847
350878
350885
350889
350891
350892
351039
351076
351096
351097
351161
351233
351238
351240
351366
351368
351412
351416
351417
351431
351449
351450
351465
351509
351512
351514
351530
351532
351540
351603
351686
351712
351713
352370
352371
352451
352469
352470
352471
352472
352914
352915
352916
352917
352921
352968
353151
353152
353153
353154
353258
353259
353562
353565
353826
353830
353897
353917
353919
353963
354011
354017
354057
354069
354071
354114
354115
354116
354295
354296
354335
354353
354439
354440
354529
354587
354837
354926
355290
355393
355513
355514
355534
355586
355587
355595
355688
356171
356193
356198
356254
356292
356329
356378
356392
356393
356779
356780
356809
356810
356812
356813
356814
356903
356906
356909
357116
357168
357170
357223
357280
357281
357282
357285
357287
357288
357289
357290
357291
357317
357318
357458
357459
357590
357699
357856
357899
358128
358388
358390
358392
358599
358651
358660
358661
358662
358669
358758
358814
358905
359030
359101
359160
359342
359392
359502
359503
359504
359667
359841
359891
360145
360304
360320
360504
360505
360507
360509
360510
360513
360519
360862
361072
361077
361085
361139
361140
361171
361172
361561
361591
361618
361643
361644
361645
361646
361647
361649
361663
361669
361670
361918
361940
362088
362342
362344
362345
362346
362347
362350
362351
362354
362357
362359
362362
362364
362373
362374
362788
363178
363190
363549
364019
364024
364025
364026
364077
364108
364270
364284
364405
364406
364710
364731
364733
364772
364773
365029
365051
365052
365053
365054
365055
365056
365059
365061
365065
365066
365067
365322
365323
365324
365325
365332
365580
365792
366053
366056
366119
366209
366427
366453
366454
366501
366502
366595
366596
366599
366600
366601
366663
366892
366904
366905
366907
366931
366933
366934
366939
367072
367097
367106
367110
367194
367195
367197
367204
367269
367357
367368
367765
367766
367773
367774
367775
367834
367865
367866
367877
367899
367910
367911
367915
368095
368345
368446
368673
368674
368677
368922
368976
369043
369122
369233
369248
369263
369451
369484
369624
369629
369630
369631
369633
369638
369639
369653
369654
369658
369660
369662
369663
369674
369675
369676
369680
369698
369753
369754
369970
370024
370028
370040
370047
370246
370292
370303
370354
370355
370356
370357
370421
370422
370423
370604
370605
370628
370629
371026
371034
371035
371061
371108
371158
371416
371467
371468
371469
371518
371521
371530
371670
371681
371725
371727
371917
372077
372079
372081
372082
372085
372086
372153
372289
372310
372321
372584
372695
372701
372711
372759
372797
372798
372804
372805
373033
373097
373114
373115
373137
373177
373249
373250
373251
373319
373423
373432
373434
373955
373956
373995
374050
374051
374063
374069
374144
374175
374461
374468
374469
374590
374591
374711
374848
374971
375086
375087
375272
375287
375433
375448
375644
375763
375764
375791
375792
376136
376218
376444
376633
376643
376646
376647
376738
376870
376893
376895
376911
376912
376913
376915
376916
376917
376918
376919
377280
377600
377659
377672
377688
377694
377698
377708
377719
377787
377788
377793
377823
377831
377832
377833
377834
377891
377894
377913
377914
377922
377960
377983
378048
378056
378069
378070
378106
378192
378193
378194
378224
378289
378291
378393
378751
378752
378850
378855
379413
379499
379500
379503
379508
379532
379582
379583
379584
379588
379589
379594
379948
379952
379953
379982
379986
380651
380654
380660
380747
381036
381039
381046
381110
381124
381410
381412
381414
381415
381446
381464
381465
381597
381598
381606
381608
381747
381758
381760
381761
381861
381972
381974
381996
381997
382019
382033
382113
382440
382441
382522
382530
382532
382533
382537
382538
382539
382552
382647
382860
382865
382869
383379
383834
383837
383840
383855
383857
383858
383860
383861
383862
384371
384372
384373
384386
384591
384592
384593
384594
384595
384596
384597
384598
384660
384834
384835
384844
385039
385244
385245
385255
385256
385276
385307
385382
385388
385445
385472
385555
385652
385653
385668
385676
385678
386100
386104
386105
386106
386107
386110
386183
386311
386457
386524
386614
386628
386629
386631
386657
386815
386820
386821
386823
386850
387005
387116
387127
387290
387485
387591
387596
387616
387664
387665
387770
387771
387810
387827
387933
388026
388027
388063
388282
388283
388435
388443
388450
388451
388472
388540
388624
388625
388627
388628
388629
388630
388734
388803
388804
388970
388972
388974
389325
389337
389349
389352
389524
389951
389970
390297
390316
390319
390339
390340
390379
390417
390418
390427
390428
390452
390476
390511
390823
390835
390850
390851
390852
390856
390858
390859
390885
390887
390894
390896
390897
390973
390974
390975
391081
391082
391180
391181
391182
391189
391191
391192
391195
391196
391199
391200
391205
391206
391217
391218
391219
391221
391222
391237
391643
391658
391823
391824
391825
391826
391827
391876
391877
391893
391968
391969
392022
392227
392265
392299
392300
392318
392354
392357
392545
392546
392764
392815
392845
392846
392894
392896
392897
392898
392899
392900
392901
392902
392903
392904
392905
392907
392908
392909
392910
392911
392912
392913
392918
392919
392920
392921
392922
392923
392924
392925
392926
392927
392928
392929
392930
392931
392932
392933
393180
393181
393182
393198
393283
393446
393453
393454
393455
393622
393623
394414
394415
394661
394686
394809
395000
395010
395014
395081
395280
395340
395376
395590
395889
395991
395992
395993
396024
396313
396331
396349
396350
396380
396410
396416
396426
396427
396658
396679
396680
396705
396709
396713
396720
396721
396775
396787
396994
397005
397273
397308
397391
397392
397428
397495
397535
397536
397539
397551
397552
397553
397554
397656
397657
397661
397682
397859
398031
398260
398307
398363
398408
398412
398430
398434
398436
398437
398647
398673
398683
398684
398705
398741
398797
398859
398860
398862
398863
398869
399064
399095
399129
399233
399234
399278
399534
399537
399546
399655
399782
399993
400001
400002
400010
400053
400079
400102
400143
400389
400682
400689
400690
400691
400692
400709
400717
400718
400727
400754
400781
400782
400783
400838
400839
401042
401129
401216
401535
401550
401624
401628
401699
401701
401703
401704
401705
401861
401898
402034
402375
402403
402404
402405
402406
402429
402676
402684
402685
402686
402688
402705
402711
403086
403087
403113
403223
403224
403651
403664
403665
403666
403667
403677
404254
404256
404260
404265
404266
404267
404297
404314
404315
404429
404705
404786
405002
405012
405014
405043
405145
405146
405585
405586
405587
405588
405638
405651
405728
405732
405737
405757
406260
406334
406427
406428
406531
406538
406626
406671
406672
406718
406745
407088
407089
407120
407122
407123
407208
407255
407287
407288
407301
407939
407946
407949
407951
407953
407954
407955
407982
408188
408669
408825
408826
408830
408840
409189
409193
409227
409246
409288
409370
409849
409893
409994
409995
409996
410274
410314
410341
410366
410605
410612
410823
410829
410830
410836
411045
411519
411568
411569
411673
411678
411798
411868
411875
411919
412030
412064
412122
412127
412133
412145
412148
412149
412467
412621
412622
412623
412624
412625
412628
412629
412630
412631
412632
412633
412634
412635
412640
412641
412642
412648
412649
412652
412653
412656
412657
412658
412659
412660
412661
412662
412675
412764
412765
412766
412771
412855
413071
413233
413239
413412
413413
413430
413601
413703
413704
413706
413707
413709
414242
414294
414351
414352
414717
414732
414892
414914
414950
414974
414978
415023
415027
415028
415032
415139
415140
415179
415194
415601
415703
415704
415706
415865
415875
415892
415893
415930
415932
416018
416028
416029
416031
416032
416167
416168
416176
416404
416405
416442
416450
416556
416830
416835
416839
416997
416999
417004
417006
417008
417009
417010
417012
417013
417014
417015
417072
417298
417329
417334
417459
417460
417485
417555
417921
418086
418101
418103
418104
418106
418107
418110
418121
418128
418132
418180
418401
418435
418454
418459
418784
418793
418917
418918
418919
418920
418951
418966
418967
418969
418987
418988
418989
419612
419775
419944
419950
420087
420245
420262
420265
420266
420267
420270
420271
420274
420276
420280
420282
420383
420384
420385
420386
420416
420423
420535
420556
420590
420591
420593
420599
420600
420616
420617
420622
420628
420778
420844
420845
420854
420857
420878
420885
420948
421224
421242
421432
421452
421921
422106
422203
422564
422676
423054
423218
423220
423249
423250
423302
423303
423307
423331
423334
423454
423455
423481
423492
423536
423606
424422
424445
424551
424552
424554
424555
424559
424562
424564
424565
424566
424569
424570
424573
424574
424585
424812
424813
425011
425061
425071
425072
425074
425105
425109
425251
425253
425255
425259
425264
425265
425392
425482
425520
425620
425629
425634
425635
425655
425690
426031
426037
426050
426072
426104
426105
426106
426418
426428
426437
426438
426439
426440
426441
426442
426448
426455
426464
426497
426501
426504
426507
426514
426515
426517
426519
426587
426588
426668
426669
426698
427129
427292
427717
427719
427733
427734
427894
427904
427905
427908
427913
428215
428386
428388
428391
428444
428445
428845
429016
429017
429273
429275
429301
429310
429336
429345
429427
429428
429474
429476
429478
429504
429517
429518
429524
429525
429571
430498
430562
430564
430997
430999
431000
431241
431837
431838
431895
431935
431957
431958
431959
432002
432005
432006
432007
432008
432025
432026
432027
432096
432340
432341
432359
432386
432403
432404
432410
432411
432414
432420
432621
432622
432798
432999
433122
433125
433129
433162
433351
433377
433404
433405
433505
433514
433515
433517
433518
433628
433629
433632
433633
433634
433665
433666
433667
433668
433684
433686
433688
433693
433694
433742
433879
433880
433968
434039
434040
434042
434044
434046
434059
434060
434249
435133
435137
435138
435147
435148
435151
435155
435215
435218
435225
435228
435230
435233
435234
435258
435271
435272
435326
435411
435413
435414
435415
435416
435433
435638
435716
435718
435719
435725
435727
435728
435729
435730
435736
435737
435744
435756
435776
435999
436002
436008
436009
436017
436086
436124
436157
436160
436291
436313
436351
436352
436353
436354
436393
436463
436486
436489
436491
436492
436498
436907
436909
436910
437165
437222
437280
437487
437488
437489
437490
437492
437493
437603
437613
437757
437758
437783
437787
437790
437796
438356
438892
439312
439318
439323
439395
439396
439458
439460
439704
439828
439832
439840
440285
440359
440594
441215
441218
441219
441224
441231
441232
441237
441238
441267
441366
441368
441375
441502
441508
441509
441543
441548
441557
441894
441921
441929
441959
441960
441995
442006
442025
442070
442215
442247
442259
442261
442262
442315
442316
442318
442320
442442
442443
442446
442448
442452
442453
442463
442483
442664
442668
442738
443197
443222
443226
443256
443298
443328
443629
443630
443631
443632
443633
443634
443635
443636
443639
443640
443643
443644
443645
443646
443677
443711
443728
443729
443747
443748
443751
443752
443756
443759
443796
443798
444148
444149
444307
444603
444702
444703
444704
444774
444778
444899
445179
445187
445362
445363
445506
445774
445787
446036
446045
446133
446134
446140
446316
446485
446515
446560
446903
446904
446911
446912
447010
447093
447108
447109
447134
447135
447211
447236
447238
447245
447254
447279
447914
447962
448037
448041
448105
448114
448126
448267
448386
449092
449096
449168
449501
449632
449649
449650
449979
449980
450223
450266
450267
450360
450361
450425
450634
450812
450813
450835
450882
450940
450947
450948
450987
450991
450996
451376
451377
451380
451382
451435
451442
451449
451450
451451
451452
451453
451454
451455
451459
451460
451507
451672
451745
451786
451788
451827
451828
451861
451864
451866
451867
451868
451869
451870
451871
451879
451881
452225
452226
452227
452281
452282
452283
452284
452318
452332
452333
452334
452335
452336
452338
452339
452340
452342
452343
452396
452401
452402
452562
452563
452569
452589
452597
452646
452972
453037
453038
453070
453155
453209
453394
453447
453448
453449
453459
453565
453566
453567
453767
453770
454031
454032
454057
454058
454124
454280
454920
454922
454923
455035
455045
455156
455161
455381
455452
455453
455479
456472
456900
456999
457102
457137
457506
457511
457513
457514
457516
457519
457520
457521
457529
457560
457735
457768
457823
457831
457844
457878
457879
457904
457911
458089
458151
458186
458314
458489
458492
458493
458530
458531
458555
458581
458582
458696
459177
459218
459221
459224
459481
459530
459531
459534
459585
459588
459589
459590
459593
459594
459595
459596
459747
459759
459760
459761
459962
460130
460133
460135
460175
460509
460517
460519
460521
460523
460528
460595
460617
460620
460621
460630
460631
460675
460778
460789
460823
460824
460826
460893
461127
461129
461131
461137
461210
461250
461281
461394
461499
461633
461836
462227
462232
462233
462253
462254
462332
463046
463051
463136
463516
463521
463522
463596
463597
463598
463599
463600
463683
463684
463685
463732
463800
464287
464325
464339
464340
464692
464697
464698
464755
464756
464929
464954
464956
464968
464970
464988
465375
465377
465380
465452
465509
465791
466049
466134
466137
466205
466540
466541
466544
466552
466579
466585
466735
466736
466741
466742
466779
466809
466822
466823
466864
466865
466866
466867
466868
466870
466940
466951
466954
466963
466964
467032
467035
467213
467289
467477
467775
467798
467803
467876
467977
467980
467990
468042
468065
468108
468156
468162
468172
468219
468664
468699
468700
468701
468702
468742
468837
468930
469280
469283
469359
469460
469652
469658
469753
469875
469895
470063
470064
470084
470086
470089
470093
470095
470096
470103
470104
470105
470106
470107
470111
470130
470176
470215
470223
470286
470450
470457
470477
470517
470589
470695
470704
470935
470937
471227
471299
471300
471577
471579
471580
471704
472057
472129
472148
472190
472191
472238
472252
472368
472572
472760
472762
472783
472794
472795
472823
472926
472989
473044
473045
473047
473152
473155
473156
473158
473314
473351
473553
473627
473629
473630
473632
473639
473794
473813
473816
473817
473868
473952
473979
474019
474036
474067
474068
474069
474141
474142
474143
474206
474253
474492
474497
474922
474942
474943
474944
474995
475172
475176
475272
475273
475327
475398
475768
475769
475849
476017
476074
476139
476251
476429
476457
476589
476664
476761
476809
476914
476915
476934
476937
476938
477178
477510
477516
477521
477781
477955
478206
478207
478208
478367
478394
478400
478402
478403
478428
478634
478635
478820
478946
478950
478957
478964
478985
478986
479092
479125
479136
479152
479279
479306
479409
479584
479585
479586
479638
479639
479640
479641
479642
479643
479651
479862
479885
479886
479977
480031
480043
480117
480118
480377
480381
480382
480483
480484
480707
480914
480918
481308
481309
481310
481459
481687
481700
481701
481706
481707
481777
481877
481883
481899
481984
482236
482377
482380
482428
482429
482444
482536
482537
482539
482592
482602
482851
483074
483139
483153
483157
483260
483338
483362
483514
483870
483978
484074
484171
484215
484398
484792
484807
484866
484906
485222
485264
485271
485272
485274
485282
485299
485300
485343
485911
485912
485940
485953
485985
486041
486065
486152
486158
486288
486320
486468
486475
486640
486728
486813
486853
486854
487038
487148
487156
487417
487618
487661
488003
488176
488276
488313
488320
488323
488662
488663
489037
489059
489240
489268
489404
489668
489884
490051
490054
490055
490056
490127
490128
490145
490146
490285
490287
490305
490306
490307
490308
490309
490321
490324
490374
490388
490595
490624
490730
490731
491814
491859
491861
492019
492020
492027
492028
492029
492030
492031
492032
492033
492034
492035
492036
492037
492041
492042
492043
492044
492045
492048
492049
492050
492051
492287
492503
492510
492513
492764
493208
493409
493452
493818
494028
494041
494514
494663
494668
494671
495040
495047
495146
495276
495281
495283
495748
495852
495854
495860
495868
495869
495876
495881
496063
496070
496076
496079
496087
496091
496092
496093
496404
496405
496412
496413
496419
496424
496635
496644
496886
496980
496985
496993
497004
497005
497107
497108
497109
497110
497160
497220
497221
497222
497223
497345
497346
497489
497490
497501
497503
497515
497678
497679
497680
497704
497705
497767
497819
497867
497904
497908
497913
497986
498011
498012
498019
498257
498359
498486
498494
498504
498517
498518
498929
498930
498931
498932
498933
498946
498947
498948
498950
498951
498952
498953
499056
499202
499538
499892
499896
499898
499914
500008
500101
500102
500108
500148
500164
500392
500393
500394
500395
500485
500497
500582
500591
500592
500593
500711
500994
501396
501405
501694
501718
501719
501720
501721
501781
501941
501943
501945
501946
501951
501954
501956
501957
501958
501963
502114
502744
502779
502780
502799
502869
503140
503141
503143
503164
503174
503175
504003
504069
504295
504299
504300
504437
504438
504439
504475
504482
504493
504567
504568
504569
504571
504709
504886
505245
505324
505395
505396
505467
505692
505693
505711
505961
505991
506670
506926
507114
507470
507471
507482
507508
507510
507543
507567
507597
507870
507980
508010
508012
508032
508196
508444
508445
508457
508554
508665
508771
508870
508917
508918
508977
509063
509065
509068
509071
509072
509074
509076
509078
509176
509242
509294
509381
509382
509415
509727
509729
509921
509922
509963
510010
510300
510301
510302
510516
510833
510951
511044
511152
511155
511156
511162
511166
511232
511666
511734
511798
511814
512014
512019
512029
512072
512265
512340
512342
512386
512392
512393
512795
513067
513153
513414
513510
513511
515277
515458
515459
515460
515541
515542
515543
515547
515815
515817
515824
515849
515935
515936
515981
515997
516014
516015
516016
516032
516033
516034
516035
516036
516037
516038
516064
516494
516502
516548
516549
516756
516811
516884
516892
516931
516932
516945
516951
516952
516953
516954
517474
517475
517520
517557
517775
518099
518105
518768
519228
519230
519231
519249
519252
519253
519352
519353
519426
519443
519444
519532
519533
519541
520161
520168
520170
520515
520517
520522
520822
520877
520998
521030
521031
521032
521033
521034
521035
521036
521259
522324
522327
522413
522481
522482
522809
522810
522872
522873
523093
523101
523103
523164
523176
523720
523721
523772
523864
523908
523949
523959
524420
524694
524874
524881
525156
525304
525571
525812
526209
526221
526239
526407
526414
526418
526617
526618
526619
526620
526958
527530
527531
527532
527826
528041
528086
528101
528106
528223
528226
528273
528293
528302
529286
529467
529818
529880
530044
530045
530098
530539
530540
531291
531293
531392
531802
531857
531880
531893
532072
532073
533007
533009
533010
533011
533186
533272
533331
534403
534680
534779
534935
534936
534993
535072
535086
535359
535378
535382
535384
535385
535722
535988
536004
536035
536042
537028
537134
537174
537175
537845
537919
538574
538618
538626
539200
539820
540279
540482
540565
541010
541040
541045
541183
541185
541198
542502
542675
542676
542719
542752
542753
542754
542762
542766
542827
543395
543396
543397
543398
543400
543401
543402
543403
543559
543639
543743
543769
543791
543827
543830
543873
543901
543905
544298
544323
544400
544680
544954
544964
545214
545360
545366
545417
545418
545419
545420
545529
545632
545650
545777
545854
545931
546385
546486
546487
546501
546502
546503
546504
546522
546530
546541
546665
546858
546862
547051
547123
547196
547197
547198
547433
547814
548140
548145
548148
548465
548576
548648
548649
548651
548652
548659
548660
548677
548678
548806
548924
548925
549161
549185
549188
549293
549310
549703
550478
550789
550790
551151
551196
551222
551287
551290
551347
551351
551670
552437
552467
552513
552514
552639
552662
552666
552816
552823
552834
552843
552857
552881
552884
553040
553065
553270
553401
553411
553462
553630
553718
553985
554049
554055
554065
554066
554068
554155
554296
554455
554498
554547
554633
554674
554688
554915
555000
555045
555142
555143
555144
555214
555234
555280
555369
555392
555406
555407
555408
555451
555849
556037
556049
556143
556144
556145
556185
556234
556235
556236
556237
556238
556239
556240
556241
556242
556244
556245
556248
556249
556250
556251
556252
556253
556254
556282
556285
556484
556494
557178
557237
557415
557603
557604
558184
558764
559164
559167
559292
559295
559297
559298
559304
559305
559307
559495
559515
559561
559660
560181
560253
560604
560675
560708
560712
560776
560777
560803
560804
560872
560874
560903
560913
560921
560922
560957
560958
560959
560961
560982
560983
560994
561021
561074
561075
561076
561108
561168
561169
561301
561484
561516
561520
561572
561729
561730
561742
561790
561895
561896
561938
561961
561972
561973
561986
561987
561989
562036
563466
563838
563839
564073
564075
564076
564175
564176
564181
564289
564305
564608
564998
565003
565004
565076
565077
565078
565079
565080
565081
565088
565089
565118
565135
565240
565241
565398
565399
565400
565418
565419
565426
565428
565680
565685
565994
566037
566292
566408
566460
566642
568069
568076
568779
568780
568884
568900
568902
568998
569359
569360
569362
569364
569365
569434
569436
569446
569448
569578
569589
569598
569631
569635
569640
569643
570418
570432
570530
571299
571337
571338
571506
571825
571888
571949
572307
572384
572522
572799
572852
572853
572879
572897
573039
573324
573382
573508
573593
573652
573729
573744
573826
573841
573971
574145
574227
574458
574487
574545
574546
574566
574656
574786
574789
574935
574938
575201
575212
575411
575495
575499
575524
575834
575836
575837
575840
575841
575842
575843
575869
575876
575983
576134
576137
576178
576577
576631
576730
576756
576855
576951
576952
576966
577241
577242
577483
577651
577683
578128
578455
578456
578457
578458
578459
578460
578476
578576
578835
578869
579277
579912
580329
580330
580341
580376
581055
581057
581200
581201
581202
581279
581380
581385
581387
581389
581527
581577
581937
582016
582043
582372
582381
582428
582574
582650
582800
582868
582885
583350
583388
583399
583427
584324
584380
584654
584723
585236
585464
585568
585593
585596
585683
585896
585897
585898
586025
586132
586133
586240
586397
586785
586787
586788
586789
586790
586796
586833
586835
586839
586861
586894
587050
587282
587283
587285
587579
587602
587619
588074
588576
588596
588726
588727
588778
588779
588782
588786
588787
588809
588886
589140
589210
589304
589333
589342
589343
589344
589345
589350
589351
589438
589449
589452
589472
589473
589494
589913
589914
590039
590131
590132
590134
590154
590155
590156
590157
590635
590646
590727
590738
590984
590988
590989
590990
590991
590993
590994
590995
590996
590997
591072
591142
591214
591225
591232
591858
591932
591936
591948
591952
591990
592041
592049
592149
592150
592363
592403
592404
592438
593754
593792
593793
595190
595197
595394
595503
595528
595635
595694
595695
596302
596434
596577
596724
596826
596919
597284
597311
597315
597362
597456
599729
599730
599737
599802
599838
599839
600346
601529
602679
603422
603431
603449
603450
603452
603453
603454
603455
603456
603998
604039
604048
604053
604078
604079
604164
604195
604197
604297
604375
604432
604433
604435
604843
607660
608481
608532
608811
608827
609056
609060
609295
610277
610279
610337
610380
611136
611294
613034
613053
613086
613087
613091
613101
613120
613905
614209
614530
614534
614657
614660
615972
618406
618412
619195
619225
619300
619356
619357
619363
619372
619387
619391
619399
619403
619418
619692
620736
620741
620909
621236
621237
621282
622658
623148
624272
626211
626239
626244
626425
626543
627021
627135
627136
627230
627609
627747
627846
627860
629286
629293
629300
629714
629767
630229
630265
630277
630280
630282
630351
630373
630388
630703
630956
633452
633528
633558
633873
633874
633875
634212
634378
637379
637416
637479
637514
637517
637534
637851
637852
637853
637892
637903
637986
638295
638490
638537
638538
638842
638955
638968
639021
639385
640297
640396
640621
640622
640623
640625
640626
640628
640630
640631
640776
640861
640870
640894
640895
641010
641216
641307
641308
641309
641374
641392
641393
641482
641818
642551
642598
642599
642604
642605
642607
642610
642721
642802
642990
642994
642996
643324
643331
643342
643344
643345
643360
643365
643367
643368
643369
643374
643380
643381
643383
643386
643388
643389
643414
643418
643419
643432
643433
643434
643435
643440
643441
643443
643445
643447
643449
643452
643462
643647
643680
643729
643909
644108
644109
644132
644140
644155
644223
644269
644273
644352
644619
644710
644899
644900
644912
644913
645109
645123
645133
645134
645280
645397
645398
645698
646050
646051
646052
646100
646131
646405
646463
646464
646521
646537
646541
646687
646746
647221
647298
647326
647365
647688
647689
647690
647970
648239
648471
648571
648573
648682
649009
649195
649199
649395
649456
649474
649475
649605
649614
649615
649741
649768
649802
650164
650190
650418
650419
650642
650982
651026
651568
651656
651670
651673
651680
651684
651687
651694
651707
651720
651721
651722
651723
651724
651730
651863
651989
651990
652029
652082
652466
652551
652834
652851
653049
653098
653104
653667
653844
653948
654128
654580
654833
655095
655439
655441
655709
655819
655827
655844
655848
655863
655981
656061
656323
656325
656336
657292
657293
657294
657295
657340
657342
657343
657434
657495
657549
658123
658124
658125
658163
658196
658383
658384
658429
658857
658895
659117
659932
659948
660000
660027
660028
660029
660031
660122
660274
660469
660571
660624
660916
660917
661027
661028
661029
661037
661228
661343
661349
662019
662020
662035
662068
662560
662561
662878
663202
663331
663566
663591
663964
663965
664253
664666
664727
664885
664886
664940
664941
665024
665079
665104
665115
665143
665151
665152
665158
665596
665865
665912
665996
666331
666344
666683
666914
666915
667179
667180
667228
667725
668361
668547
668550
668551
669017
669134
669138
669453
669556
669775
670200
670287
670315
670319
670342
670343
670346
670348
670386
670459
670460
670483
670580
670798
670802
670907
671064
671079
671144
671768
671987
672022
672127
672150
672195
673105
673152
673153
673154
673158
673160
673161
673162
673163
673166
673167
673168
673169
673172
673180
673199
673200
673384
673919
673940
674061
674132
674193
674293
675001
675437
675501
675577
675636
675830
675831
675834
676058
676074
676207
676961
678550
678551
678568
678569
678581
678747
679090
679174
679334
679427
679428
679429
679435
679530
679668
679716
679940
679948
680259
680346
680436
680682
680683
681114
681117
681211
681720
681768
681918
681919
681940
681950
682059
682080
682092
682099
682105
682385
682386
682621
682655
682880
683134
683158
683832
683960
684364
684658
684659
684783
684784
685120
685122
685130
685728
685765
685766
685772
685904
686349
686567
686568
686569
686571
686581
686699
687116
687492
687505
687780
687869
687946
687947
687950
687968
688286
688353
688394
688533
688606
688607
688661
688662
689130
689154
689204
689215
689266
689624
689625
689626
689628
689639
689640
689641
689645
689646
689647
689648
689649
689652
689653
690256
690259
690276
690302
690307
690755
691124
691125
691322
691650
691651
691670
691742
691743
691745
691774
691794
691795
691796
691797
691798
691801
691882
691883
691888
692099
692100
692102
692116
692124
692125
692127
692148
692220
692275
692528
692664
692668
692669
692670
692671
692672
692678
692679
692681
692685
692689
692690
692692
692693
693069
693081
693156
693430
693431
693458
693459
693749
693760
693761
693762
693763
693765
693768
693794
693921
693930
693931
694068
694269
694444
694449
694450
694455
694456
694615
694927
695099
695185
695564
695850
696089
696090
696091
696244
696245
696354
696363
697302
697304
698012
698013
698016
698026
698440
698441
698475
698476
698492
698696
698779
699282
699839
699842
700344
700989
701151
701152
701737
701798
701936
702124
702125
702126
702127
702128
702131
702132
702134
702135
702266
702272
702275
702279
702281
702282
702283
702284
702291
702294
702324
702518
702746
702835
702836
702883
703021
703248
703251
703263
703407
703479
703480
703485
703486
703492
703500
703503
703530
703532
703533
703534
703535
703537
703538
703539
703540
703580
703913
703914
704539
704766
706124
706129
706196
706483
706495
706528
706586
706714
706778
706805
707238
707242
707309
707576
707623
707766
707972
708070
708160
708198
708286
708316
708317
708319
708320
708401
708415
709476
710149
710151
710152
710186
710235
710243
710733
711326
711330
713886
713924
713925
714205
714439
714476
714493
714518
714643
714889
714940
714941
714956
714957
714959
715274
715340
715341
715481
715485
715496
715811
715812
715881
715962
715989
716545
716546
716585
716600
716624
716626
716627
717233
717646
717648
717740
717899
717901
717944
717954
717982
717990
718227
720559
720590
721788
721789
721790
721791
721805
721806
721807
721808
721810
721811
721813
721885
721927
721929
721932
721939
721947
721957
722434
722567
722750
722751
722752
722757
722765
722766
723287
723367
723369
723415
723540
725113
728235
730330
730331
730333
732165
735337
740940
740972
740973
740983
741090
741158
741162
741275
741276
741705
741747
742007
742010
742011
742028
742174
742177
742503
742520
742845
742846
742847
743110
743375
743460
743461
743678
743927
743960
744259
744408
744410
744434
744523
744530
744533
745060
745062
745063
745067
745087
745090
745257
745323
746016
746128
746836
746910
747043
747044
747089
747500
747519
747525
747676
748121
748377
748378
748682
748702
749190
749191
749232
749389
749396
749461
749465
749589
749648
749674
749829
749847
749857
749859
749880
749889
749910
751750
751751
751752
751753
751754
751755
751756
751758
751759
751762
751763
751766
751767
751769
751879
751907
752004
752062
752182
752196
752197
752210
753481
753488
753688
754009
754015
754351
756259
756260
756376
756610
756693
756882
756884
756982
757223
757225
758807
759128
759272
759273
759677
759891
760013
761204
761931
761932
761946
761947
762039
762069
762070
762568
762610
762612
762613
762617
763073
763406
763407
763460
763897
763936
763938
763953
764031
764033
764103
764495
764547
764557
764558
764597
764620
764832
765127
765160
765161
765162
765163
765164
765179
765184
765185
765186
765187
765333
765709
765718
765719
765816
765870
765871
765936
766053
766113
766170
766502
766728
766733
766748
766752
766758
766759
766764
766765
767018
767418
767483
767769
767777
767782
767783
768093
768124
768146
768793
768794
771870
792580
794803
794816
795077
795080
795339
795941
795949
796027
796325
796356
796413
796434
796621
796701
796727
796752
796848
796936
797087
797091
797132
797144
797145
797150
797158
797160
797584
797708
797803
798144
798152
798166
798274
798336
798355
798536
805116
805158
805199
814925
856651
856652
856653
856654
856777
856778
856822
856835
856889
857050
857170
857194
857276
857342
857497
857502
857638
857649
857697
857698
857748
858212
858227
858348
858349
858394
858396
858497
858893
858894
859439
859440
859523
859649
859800
859806
859983
859984
860326
860345
860588
860645
860646
860882
861507
861557
862141
862241
862456
862460
862507
862508
862681
862788
862789
862791
862792
862796
862797
862798
862799
862800
862801
862802
862803
862804
862805
862808
862845
862985
862994
863009
863024
863577
863736
863751
863948
864173
864176
864177
864839
864884
864893
865886
865939
865974
865996
866009
866027
866049
866069
866097
866098
866282
866285
866546
866547
866758
866800
867363
867370
867383
867385
867790
867919
867920
868094
868254
868575
868576
868577
868578
869250
869457
869458
869562
869563
869564
869565
869754
869943
870730
870801
870802
870899
871018
871019
871250
871532
871575
872127
872316
872479
874461
874512
874513
875699
875703
875863
876080
876081
876142
876273
876379
876646
876647
876648
876649
876677
877183
877550
877559
877758
877792
877842
877843
877844
877860
877884
877894
877961
877962
877974
877976
877978
877986
878038
878071
878089
878090
878092
878093
878106
878117
878136
878161
878184
878366
878974
878991
879013
879022
879039
879040
879055
879056
879057
879058
879209
879230
879819
879823
880081
880534
880535
880536
880551
880601
880756
881187
881290
881292
881293
881464
881767
881841
881948
882614
882622
882900
883115
883127
883788
884032
884348
884672
884673
885418
885424
885524
885580
885932
885934
885939
886298
886583
886584
886606
886692
886714
886729
886730
886866
887049
887050
887091
887869
887870
888272
888526
889459
889671
889780
889784
889875
890382
890394
891383
891392
903667
904163
904177
904178
904181
904186
904230
904388
904390
904406
904691
905079
905824
906689
906883
907713
907738
907740
907741
907742
907965
908211
908212
908213
908214
908215
908225
908227
908281
908289
908297
908323
908351
908823
908824
908825
908827
908851
908989
909696
909700
909828
909829
909831
909832
909833
909834
909836
909837
909842
909844
909845
909851
909852
909853
909854
909855
909886
909889
909890
910305
911159
911296
911321
911341
911348
911351
911355
911377
911382
911385
911386
911670
912572
912803
912804
913290
913315
914238
915434
925377
925459
925471
925799
926276
926346
926445
926446
927612
927780
928217
928324
928819
928820
928821
929407
929439
929990
930023
930024
930025
930089
930090
930091
930113
930266
930273
930313
930823
930824
930979
931006
931556
931557
931575
931576
931890
932028
932108
932674
932675
933221
933223
933226
933258
933259
933632
933819
933820
933849
933850
933939
933952
933979
933989
933990
933992
933993
933994
934068
934274
935000
935212
935213
935214
935215
935647
935648
935657
935915
936046
936053
936129
936130
936147
936348
936400
937053
937591
937599
937601
937605
937848
938182
939149
939151
939154
940127
940129
940661
940663
940967
941217
941218
941254
941326
941352
941355
941476
941567
941637
941641
941679
941823
941948
941984
942006
942007
942008
942014
942146
942147
942149
942733
942914
943338
943732
944036
944160
944168
944170
944171
944208
945028
945030
945186
946362
946369
947044
947087
947089
947094
947096
947166
947472
947474
947475
947476
947477
947489
947570
947575
947974
948070
948311
948348
948355
948356
948358
948368
948369
948380
948381
948382
948395
948396
948399
948400
948538
948595
948611
948794
948950
948951
948952
948953
948954
977767
977772
977774
977775
977779
977877
977878
978084
978085
979620
979657
979659
979670
979673
979689
979690
979691
979695
979699
979701
979702
979707
979710
979711
979718
979731
979732
979759
979762
979765
979767
979771
979893
979981
980082
980083
980085
980193
980226
980326
980331
980415
980416
980417
980418
980419
980421
980550
980720
980722
980723
980728
980731
980738
980739
980750
980883
980893
980894
981055
981059
981066
981067
981070
981071
981085
981097
981098
981099
981100
981110
981120
981131
981350
981581
981671
981773
983150
983168
983175
983195
983245
983290
983304
983316
983339
983531
983535
983547
983550
983644
983669
983678
983679
983683
983964
983966
983990
984093
984094
984264
984267
984437
984438
984452
984453
984485
984486
984487
984489
984499
984614
984615
984957
984958
984959
984962
985895
986098
986113
986114
986137
986138
986140
986141
986143
986145
986155
986170
986321
986334
988119
989252
989262
989334
989869
989870
989973
990121
990260
990261
990262
990566
990691
990922
990946
991123
991131
992237
992332
992338
992350
992909
993091
993092
993134
993136
993346
993615
993619
993620
993634
993636
993641
993643
994323
994702
994774
994854
994862
994863
995026
995106
995702
995793
996147
996148
996308
996463
996464
996734
996736
997027
997267
997497
997599
997601
998830
998837
999236
999261
999262
999268
999270
999321
999637
999641
999809
999810
1000418
1001030
1001283
1001748
1001750
1001917
1001920
1001925
1001946
1001947
1001973
1001993
1001997
1002107
1002181
1002523
1002757
1002773
1002788
1003010
1003022
1003030
1003034
1003065
1003089
1003138
1003139
1003176
1003242
1003246
1003250
1003255
1003260
1003266
1003268
1003276
1003312
1003313
1003335
1003336
1003337
1003686
1003697
1003706
1003864
1003871
1003873
1003875
1003877
1003878
1003961
1003962
1004196
1004253
1004267
1004268
1004391
1004435
1004436
1004730
1004784
1004790
1005731
1005956
1005962
1005964
1006001
1006002
1006086
1006121
1006621
1007316
1007483
1007489
1008119
1008252
1008261
1008263
1008807
1008887
1008888
1008908
1008990
1010633
1010694
1010711
1016849
1017091
1026970
1027102
1027716
1027875
1027982
1027983
1027994
1028180
1028181
1028197
1028384
1028423
1028425
1028729
1029658
1029659
1030156
1030197
1030472
1030662
1031332
1031547
1032456
1032596
1032598
1032744
1032745
1032880
1032906
1033840
1033842
1033843
1033978
1034061
1034309
1034331
1034479
1034604
1035110
1035111
1035536
1035538
1035548
1035836
1036011
1036254
1036538
1036611
1036612
1036719
1036721
1036732
1036751
1036759
1036796
1036995
1037061
1037239
1037660
1037967
1038891
1040945
1040948
1040949
1040952
1040953
1040954
1040955
1040956
1040957
1041015
1041165
1041365
1041412
1041413
1041452
1041453
1041607
1041609
1041611
1041810
1041811
1041812
1041813
1041814
1041932
1041945
1041950
1042121
1042127
1042133
1042205
1042256
1042311
1042545
1042617
1042646
1043002
1043003
1043004
1043005
1043166
1043419
1043697
1043718
1043737
1045269
1045278
1045552
1045801
1046038
1046110
1046118
1046303
1046304
1046305
1046325
1046569
1046755
1046756
1046775
1046776
1046780
1046781
1046782
1046783
1046906
1046920
1047088
1047089
1047102
1047141
1047167
1047171
1048687
1048828
1048829
1049056
1049282
1049284
1049287
1049484
1049485
1049651
1049656
1049657
1049658
1049758
1049916
1050235
1050268
1050722
1050931
1050932
1051054
1051063
1051066
1051067
1051104
1051112
1051314
1051332
1051613
1051616
1051621
1051726
1051742
1052096
1052097
1052105
1052859
1052875
1053069
1053100
1053101
1053365
1053780
1053962
1053996
1054386
1054387
1054643
1054998
1055022
1055099
1055356
1055546
1055547
1055548
1055557
1055687
1056834
1056921
1056926
1056944
1056966
1065483
1065495
1065496
1068625
1068723
1068860
1068914
1069085
1069086
1069201
1069229
1069385
1069438
1069680
1069743
1069814
1069815
1069822
1069823
1070158
1070322
1070734
1070735
1070780
1070855
1070956
1070999
1071000
1071001
1071049
1071378
1071379
1071380
1071381
1071382
1071383
1071716
1072081
1072095
1072104
1072105
1072107
1072246
1072247
1072250
1072255
1072389
1072464
1072469
1072481
1072499
1072502
1072554
1073089
1073090
1073286
1073329
1073389
1074816
1074832
1074866
1074868
1075100
1075110
1075158
1075217
1075431
1075618
1075645
1075769
1075778
1075807
1075813
1075814
1075815
1075838
1076404
1076405
1076621
1076696
1076716
1077142
1077153
1077283
1077365
1077367
1077396
1077397
1077399
1078103
1078267
1078588
1078765
1078808
1078814
1078885
1079038
1079084
1079090
1079112
1079122
1079127
1079129
1079257
1079267
1079268
1079366
1079368
1079369
1079897
1080232
1080233
1080349
1080378
1080440
1080460
1080772
1080811
1080812
1080813
1080816
1080818
1080819
1080821
1080825
1080826
1080924
1081103
1081104
1081667
1081669
1081727
1081728
1081729
1081733
1082380
1082597
1084708
1084709
1085088
1085536
1085627
1085967
1086039
1086053
1086592
1086596
1086614
1086615
1087063
1087229
1088028
1088030
1088033
1088057
1088058
1088059
1088067
1088089
1088090
1088129
1088130
1088131
1088686
1088778
1088781
1088818
1088843
1088899
1089451
1089543
1089792
1089794
1089816
1089818
1089946
1090025
1091282
1091284
1091350
1091408
1093141
1093232
1093611
1093613
1093895
1093897
1093900
1094192
1094321
1094350
1094566
1094710
1094771
1094902
1095182
1095183
1095194
1095343
1095369
1095380
1095630
1095756
1096249
1096469
1096526
1096527
1096802
1097620
1099820
1100665
1100885
1100963
1100964
1101274
1104152
1104243
1104279
1104538
1104539
1104540
1104567
1105055
1105092
1105316
1105317
1105345
1107305
1108006
1108050
1108794
1108795
1108843
1108849
1109016
1109017
1109089
1109091
1109092
1109126
1109127
1109128
1109443
1110380
1110383
1110384
1110385
1110386
1110393
1110397
1110399
1111051
1111052
1111053
1111054
1111055
1111079
1111111
1111112
1111164
1111189
1111220
1111370
1111450
1111451
1111460
1111463
1111468
1111766
1111782
1112048
1112090
1112393
1112440
1112448
1112455
1112492
1112540
1112724
1112727
1112939
1113266
1113280
1113478
1113479
1114971
1115088
1115089
1115516
1115525
1115528
1115532
1115533
1115630
1115675
1115694
1115726
1115727
1115728
1115729
1115744
1115745
1115748
1115749
1116207
1116208
1116209
1116229
1116867
1117143
1117308
1117309
1117389
1117399
1117823
1117826
1118047
1118392
1118899
1119052
1120099
1120755
1123529
1123531
1123532
1123533
1123824
1124181
1124182
1124183
1124185
1124595
1124596
1125401
1125678
1125679
1125680
1125681
1125753
1125787
1125864
1125932
1125960
1126230
1126555
1127404
1127803
1128079
1128080
1128339
1128653
1128654
1128655
1128656
1129001
1129045
1129376
1129544
1129741
1129782
1129993
1130102
1130104
1130105
1130107
1130323
1130832
1131319
1131320
1131403
1131482
1131492
1131558
1131564
1131581
1131599
1131602
1131603
1131624
1131638
1131641
1131645
1131652
1131694
1131760
1131899
1131925
1132045
1132477
1132478
1132511
1132512
1132526
1132527
1132637
1132856
1132867
1132874
1132989
1133088
1133096
1133283
1133517
1133518
1133672
1133676
1133968
1134049
1134056
1134057
1134058
1134080
1134705
1136231
1136245
1136790
1136883
1136943
1137050
1137846
1137986
1138843
1140371
1141038
1141098
1141483
1141486
1141487
1141488
1141492
1141493
1141640
1141645
1142141
1142201
1142503
1142518
1142991
1143072
1143074
1143075
1143114
1143167
1143185
1143196
1143197
1143245
1143248
1143250
1143252
1143318
1143319
1144387
1144480
1144482
1144522
1144751
1144920
1144921
1144922
1144924
1145316
1146931
1146932
1147111
1147724
1147742
1147743
1147744
1147745
1147755
1147759
1147764
1148301
1148453
1148508
1148793
1149703
1149704
1149705
1149706
1149708
1149709
1149786
1149848
1149921
1149926
1149930
1150117
1150220
1150297
1150653
1150654
1150671
1150837
1155004
1155016
1155129
1155185
1155210
1155480
1155481
1155482
1155786
1155787
1155789
1155805
1156109
1156394
1156398
1156497
1156531
1156543
1156563
1156757
1156758
1156808
1156965
1157608
1157699
1157962
1158022
1158023
1158081
1158270
1158810
1158979
1158980
1158981
1158984
1159319
1159320
1159321
1159556
1159697
1159882
1160497
1160506
1160597
1161077
1162206
1162323
1162419
1162617
1162744
1163345
1163346
1163372
1163373
1163374
1163720
1165354
1165355
1165384
1165752
1166064
1166725
1166726
1167491
1167516
1167569
1167570
1167616
1167875
1168221
1168313
1168544
1168636
1168759
1168760
1168762
1169046
1169105
1169139
1169538
1169539
1169548
1169555
1169736
1169898
1169899
1170230
1170231
1170322
1170328
1170358
1170369
1170475
1170554
1170767
1171044
1171708
1171711
1171716
1171781
1172118
1172189
1172980
1173061
1173210
1173612
1173619
1173663
1173686
1173687
1174673
1174677
1174687
1174712
1174827
1176127
1176167
1176341
1176404
1176462
1176465
1176498
1176499
1176504
1176505
1176516
1176756
1177020
1177190
1177568
1178016
1178350
1181469
1181997
1182108
1182541
1182542
1182543
1182544
1182545
1182553
1182844
1183238
1183395
1183396
1183420
1183439
1183860
1184124
1184125
1184158
1184610
1184750
1184763
1186037
1186049
1186058
1186155
1186172
1186926
1186927
1187898
1187899
1187904
1187925
1187928
1187938
1187941
1187951
1188008
1188010
1188028
1188126
1190720
1191159
1191365
1191377
1191378
1191379
1191454
1191612
1191690
1191702
1191711
1192867
1193064
1194211
1194241
1194242
1194243
1194245
1194288
1194294
1194332
1194333
1194334
1194335
1194336
1194440
1194545
1194547
1194616
1194720
1194722
1194723
1194724
1194725
1195475
1195480
1195612
1195798
1196081
1196096
1196302
1196377
1196387
1196389
1196422
1196423
1196424
1196425
1196426
1196427
1196428
1196429
1196430
1196431
1196432
1196433
1196434
1196437
1196438
1196439
1196441
1196442
1196446
1196449
1196528
1196531
1196532
1196536
1196540
1196559
1196563
1196564
1196578
1196635
1197265
1197289
1197700
1197866
1198010
1198444
1198485
1198492
1198502
1198658
1198977
1198978
1198981
1198982
1198983
1199058
1199063
1199065
1199066
1199067
1199068
1199090
1199100
1199162
1199168
1199184
1199190
1199243
1199244
1199436
1200838
1200839
1200923
1201112
1201153
1202531
1202541
1202772
1203020
1203030
1203425
1203437
1203443
1203464
1203500
1203511
1203512
1203514
1203515
1203520
1204301
1204403
1204437
1204440
1204718
1204777
1204778
1205561
1205579
1205589
1205651
1205652
1205653
1205654
1205655
1205656
1205659
1205660
1205667
1205668
1205819
1205820
1206065
1206363
1206364
1206587
1206794
1206795
1206798
1206799
1206802
1206805
1206809
1206811
1206906
1207000
1207172
1207467
1208065
1208066
1208316
1208339
1208378
1208924
1208926
1209471
1209556
1209665
1209831
1209899
1209916
1209918
1209922
1209926
1209930
1209931
1209932
1209934
1210434
1210872
1211311
1211397
1211410
1211603
1211648
1212462
1212493
1212504
1213188
1213189
1213193
1213265
1213682
1213687
1213693
1213697
1213747
1213859
1214490
1214568
1214573
1214903
1214905
1214922
1215344
1215345
1215346
1215352
1215354
1215619
1215622
1215688
1215728
1215731
1216078
1216353
1216950
1217108
1217110
1217111
1217678
1217819
1217820
1217822
1217823
1217826
1217839
1217998
1218278
1219154
1219184
1219185
1219208
1219209
1219339
1219340
1219342
1219343
1219344
1219345
1219346
1219347
1219348
1219349
1219481
1219515
1219897
1219908
1220188
1220207
1220549
1220758
1220924
1221082
1221526
1221527
1223490
1223886
1224323
1224679
1224733
1224734
1224812
1224814
1224815
1224843
1225531
1225737
1226277
1226389
1226782
1227081
1227082
1227346
1227672
1227674
1227968
1227975
1229085
1229185
1229510
1229662
1229664
1229974
1230083
1230383
1230396
1230397
1230398
1230402
1230840
1230904
1230905
1231042
1231297
1231522
1231628
1231660
1231732
1231898
1232100
1232102
1232584
1232793
1232801
1233215
1233216
1233419
1233429
1233431
1233474
1233511
1233953
1233981
1233982
1234260
1234261
1234262
1234273
1234501
1234598
1234632
1234820
1234821
1235292
1235644
1235664
1235665
1236676
1236707
1237092
1237626
1237875
1238228
1238232
1238264
1238289
1238396
1238681
1238683
1238961
1239016
1239017
1239062
1239064
1239274
1239300
1239302
1240977
1240981
1240982
1240983
1241557
1241920
1241921
1241929
1242273
1242752
1242998
1243158
1243176
1243177
1243767
1243769
1243774
1243775
1244199
1244200
1244201
1244617
1245211
1245213
1245217
1245227
1245324
1245394
1245466
1245642
1245652
1245691
1245693
1245694
1245704
1245705
1245708
1245710
1245712
1245769
1245891
1245892
1245894
1245895
1245902
1245905
1246681
1246964
1246992
1247387
1247388
1247712
1247836
1247838
1247861
1247913
1248155
1248177
1248183
1248184
1248286
1248287
1248466
1249054
1249072
1249075
1249087
1249088
1249694
1249904
1249914
1250272
1250372
1250792
1251929
1252055
1252988
1253825
1253854
1253855
1254445
1254448
1254449
1254498
1254501
1254971
1255046
1255116
1255120
1255125
1255141
1255164
1255295
1256066
1256133
1256273
1256661
1256663
1256664
1256665
1257118
1257147
1257154
1258560
1258561
1258740
1258749
1260114
1260292
1260735
1260738
1260739
1260740
1260741
1260744
1260745
1260746
1260750
1261422
1261573
1261574
1261581
1261582
1261601
1262099
1262102
1262161
1262249
1262264
1262269
1262292
1262293
1262343
1262344
1262365
1262397
1262607
1262608
1263256
1263415
1263492
1264566
1264638
1264641
1264643
1264646
1264647
1264859
1264872
1265459
1265551
1265595
1265596
1265909
1265925
1266325
1266457
1266557
1266578
1266667
1266827
1266862
1267188
1267209
1267413
1267414
1267572
1268659
1269772
1270216
1271710
1271818
1271822
1272120
1272141
1272142
1272144
1272991
1273117
1273158
1273167
1273176
1273437
1273574
1274378
1274662
1274939
1275945
1276109
1276141
1276143
1276174
1276180
1276191
1276192
1276193
1276216
1276217
1276266
1276497
1276529
1276532
1276537
1276538
1276543
1276544
1276609
1276776
1276802
1277687
1277729
1277735
1277736
1277737
1277746
1277824
1277929
1278155
1278162
1278288
1278293
1278906
1279043
1279069
1279085
1279364
1280295
1280411
1280412
1280432
1280462
1280556
1280575
1280602
1280617
1280618
1280619
1280620
1280621
1280622
1280623
1280624
1280625
1280627
1280628
1280629
1280630
1280837
1280930
1280935
1281821
1281822
1282337
1282417
1282418
1282669
1282961
1282988
1283716
1283761
1284197
1284201
1284202
1284383
1284389
1285244
1285428
1285436
1285437
1285684
1286083
1286139
1286240
1286311
1286312
1286318
1286322
1286449
1286493
1286644
1286976
1287044
1287045
1287658
1287680
1287681
1288119
1288289
1288707
1288708
1288710
1288711
1289955
1289956
1289957
1289959
1289960
1289961
1289962
1289966
1289967
1290441
1290813
1290871
1291152
1291242
1291243
1291282
1291283
1291368
1291488
1291663
1291691
1291692
1291693
1291694
1292005
1292141
1292243
1292253
1292254
1292362
1292367
1292368
1292369
1292971
1293057
1293059
1293356
1293357
1293358
1293359
1293360
1293361
1293362
1293363
1293364
1293365
1293430
1293512
1293513
1293965
1294199
1294303
1294304
1294305
1294306
1294307
1294308
1294309
1294310
1294311
1294312
1294313
1294314
1294315
1294317
1294318
1294319
1294321
1294322
1294333
1294334
1294335
1294337
1294339
1294341
1294342
1294343
1294344
1294345
1294346
1294347
1294348
1294349
1294350
1294351
1294352
1294353
1294354
1294355
1294356
1294357
1294358
1294359
1294360
1294361
1294362
1294364
1294366
1294367
1294368
1294369
1294370
1294373
1294374
1294376
1294378
1294379
1294380
1294382
1294383
1294384
1294386
1294523
1294634
1294635
1294636
1294637
1295528
1295531
1295533
1295534
1295593
1295594
1295595
1295638
1296096
1296100
1296105
1296109
1296121
1296122
1296266
1296548
1296617
1297001
1297118
1297150
1298376
1298377
1298489
1298590
1298591
1298642
1298643
1298654
1299270
1299920
1300116
1300117
1300151
1300979
1301095
1301143
1301525
1302145
1302176
1302181
1302238
1302316
1302737
1302775
1302776
1302777
1302786
1302847
1302862
1302935
1303578
1303581
1303585
1303612
1303642
1303698
1304137
1304153
1304157
1304282
1304283
1304792
1304801
1304810
1304870
1305650
1305651
1305656
1305672
1305764
1306076
1306084
1306085
1306264
1306445
1306921
1307774
1307775
1307796
1308043
1308838
1308840
1309686
1309813
1310334
1310335
1310336
1310356
1311940
1312387
1312402
1312526
1312863
1312864
1312865
1312882
1313225
1314678
1314773
1314785
1314786
1315711
1315712
1315713
1315714
1315715
1315716
1315717
1315718
1315719
1315720
1315721
1315722
1315725
1315970
1316094
1316150
1316151
1316194
1316646
1316788
1316955
1317653
1318721
1319577
1319578
1320099
1322061
1322157
1322158
1323186
1323427
1323572
1323573
1324310
1324347
1324772
1324773
1324774
1324776
1324777
1324795
1324860
1324880
1325305
1325550
1325559
1325620
1325730
1326982
1326985
1328066
1328069
1328070
1328272
1328273
1328290
1328293
1328294
1328300
1328758
1328760
1328783
1328810
1328894
1328976
1329092
1329244
1329480
1329481
1329488
1329799
1329911
1329912
1329913
1329920
1329922
1329929
1329930
1329950
1329961
1329972
1329974
1329975
1329976
1329980
1330539
1330543
1330544
1331294
1331295
1331584
1331674
1331675
1331680
1331960
1332184
1332185
1332280
1333475
1333648
1333698
1334185
1334272
1334278
1334443
1334446
1334449
1334470
1334482
1334546
1334548
1334550
1334551
1335581
1335583
1336288
1336336
1336387
1336488
1336495
1336882
1336950
1337062
1337138
1337662
1337664
1337665
1337666
1337669
1337670
1337671
1337901
1338366
1338369
1339068
1339693
1339694
1339697
1339698
1340029
1340089
1340096
1340109
1340429
1341112
1341132
1341136
1341161
1341164
1341166
1341201
1342359
1342365
1342722
1343192
1343352
1343394
1343471
1343680
1343870
1343997
1344035
1344418
1344526
1344529
1344531
1344556
1344557
1344953
1344954
1344955
1344961
1344962
1344963
1344966
1345656
1345660
1346146
1346156
1346665
1347085
1347735
1347736
1347738
1347739
1348078
1348098
1348386
1348614
1348615
1348618
1348645
1348646
1349405
1351675
1351751
1351752
1351926
1352415
1352416
1352461
1352827
1352828
1352829
1352830
1352831
1352832
1352833
1352835
1352930
1353247
1353395
1353396
1353928
1354325
1354377
1354742
1354746
1355149
1355229
1356016
1356036
1356573
1356574
1356860
1356864
1357420
1357421
1357422
1357716
1357779
1358125
1358437
1358439
1358710
1358780
1364862
1364922
1365107
1365474
1365563
1365705
1365706
1365824
1365886
1365975
1366114
1366115
1366890
1366891
1366957
1367215
1367232
1367234
1367269
1367271
1367338
1367422
1368691
1369218
1373157
1375902
1378108
1378109
1378175
1378263
1378264
1378431
1379266
1379387
1380566
1380592
1380851
1381470
1381551
1381681
1381753
1381934
1381935
1382204
1382205
1382522
1382617
1383034
1383053
1383126
1383205
1383387
1385564
1385565
1386168
1387562
1387563
1387564
1387567
1387641
1387701
1387702
1388766
1388895
1388985
1390106
1390229
1390368
1390381
1390563
1390594
1390971
1390972
1392243
1392244
1392245
1392248
1392250
1392255
1392256
1392673
1392717
1392985
1392992
1393932
1394035
1394062
1394316
1394546
1394714
1394723
1395667
1395668
1395669
1395670
1395672
1395673
1395674
1395731
1395732
1395787
1395788
1395789
1395790
1395791
1396425
1396429
1396435
1396449
1396450
1396451
1396492
1396493
1396497
1396498
1396499
1396500
1396501
1396502
1396503
1396504
1396506
1396507
1396868
1397322
1397361
1397667
1397681
1398154
1398475
1398476
1398559
1399768
1399770
1399958
1400045
1400085
1400554
1400765
1400767
1400769
1401161
1401779
1401844
1402133
1402992
1403133
1403134
1403163
1403560
1403701
1403702
1403703
1403704
1403707
1403793
1403801
1403802
1405014
1405176
1405177
1405539
1405561
1407129
1407509
1407618
1408163
1408195
1408657
1408658
1410042
1410277
1410327
1410427
1411678
1412109
1412110
1413811
1413812
1414615
1414626
1414631
1414634
1414636
1414656
1414657
1414683
1414805
1414807
1415175
1415246
1415276
1415575
1415577
1415579
1415580
1415582
1415603
1415653
1415903
1415904
1416941
1417004
1417302
1417361
1417362
1417363
1417364
1417366
1417367
1417368
1417369
1417370
1417371
1417372
1418015
1418016
1419072
1419466
1419470
1419479
1419480
1420582
1420658
1420981
1421060
1421213
1421598
1421599
1421602
1421710
1421714
1421715
1421718
1423137
1423825
1423826
1423913
1424649
1425170
1425352
1425353
1425521
1425530
1425533
1425539
1425540
1425542
1425553
1425572
1425596
1425602
1425605
1425618
1425619
1426735
1426915
1428691
1429051
1429054
1429055
1429324
1429325
1429834
1429835
1431103
1431106
1431191
1431192
1431682
1431946
1432308
1432318
1432319
1432383
1432389
1432390
1432391
1432392
1432660
1434228
1434639
1434708
1434709
1434711
1434713
1434714
1435001
1435190
1435191
1435193
1435194
1435565
1436140
1436200
1436202
1437010
1437094
1437124
1437180
1437183
1437190
1437191
1437197
1437201
1437815
1440114
1441469
1441684
1441685
1441686
1441687
1441983
1442166
1442368
1442369
1442370
1442371
1442416
1443077
1443078
1443079
1443080
1443303
1443565
1443586
1443589
1443667
1443949
1444690
1445031
1445577
1445868
1445914
1445916
1445963
1445964
1445966
1446109
1446110
1446258
1446309
1446378
1446379
1446380
1446899
1447054
1447908
1447909
1448029
1448030
1448052
1448310
1448311
1448312
1448313
1448314
1448315
1448316
1448317
1448319
1448321
1448322
1449960
1450170
1450171
1450172
1450292
1450293
1450533
1450534
1450535
1450537
1450539
1450757
1450758
1450759
1451183
1452449
1452570
1452647
1452692
1452693
1452985
1452986
1453440
1453790
1453792
1453888
1454057
1454236
1454237
1454238
1454364
1454370
1454371
1454941
1457152
1457180
1457286
1457303
1457304
1457305
1457314
1457316
1457319
1458189
1458563
1458649
1458650
1458677
1458832
1458833
1458834
1458835
1458838
1458839
1458866
1458903
1458987
1460289
1460663
1460697
1461168
1461169
1461171
1461172
1461174
1461175
1461176
1461198
1461652
1461657
1461763
1462506
1462605
1462606
1462614
1463136
1463137
1463138
1463139
1463140
1463147
1463148
1463229
1463496
1463498
1463606
1463999
1464891
1465651
1465724
1465820
1468188
1468201
1468218
1468225
1468244
1469210
1469498
1469658
1469810
1470150
1470208
1470209
1470580
1471040
1471634
1472232
1472306
1472423
1473204
1473543
1473587
1474814
1474818
1475470
1476529
1476591
1477025
1477511
1477514
1477527
1477611
1478147
1478599
1478837
1478967
1478970
1479642
1480062
1480063
1480064
1480099
1480106
1480107
1480154
1481458
1481669
1481724
1481781
1482350
1482869
1483110
1483952
1483956
1483957
1484031
1484032
1484106
1484170
1484365
1484639
1484643
1484657
1484660
1484901
1484953
1485006
1485008
1485080
1485082
1485083
1485085
1485168
1485169
1485181
1485277
1485682
1486046
1486644
1486645
1486857
1486872
1487351
1487565
1487592
1487594
1487595
1488470
1488529
1489100
1489340
1489341
1489343
1489345
1489388
1489459
1489460
1489483
1489485
1489486
1489487
1489615
1489618
1489620
1489621
1489734
1489737
1489739
1489781
1489782
1489784
1489788
1489789
1489790
1489791
1489792
1489793
1489798
1489799
1489802
1489829
1489830
1489837
1489838
1489839
1489840
1489841
1489842
1489843
1489844
1489845
1489869
1489872
1489873
1489874
1489875
1489876
1489877
1489878
1489879
1489880
1489883
1489884
1489885
1489886
1489888
1489891
1489892
1489893
1489894
1489895
1489900
1489901
1489904
1489905
1489906
1489907
1489908
1489909
1489910
1489911
1489913
1489917
1489919
1489920
1489921
1489922
1489923
1489925
1489926
1489928
1489929
1489930
1489931
1489935
1489936
1489937
1489938
1489939
1489940
1489941
1489943
1489945
1490019
1490020
1490021
1490028
1490509
1490711
1490712
1490885
1490975
1490976
1490979
1490980
1490987
1490993
1490998
1490999
1491000
1491003
1491004
1491006
1491008
1491025
1491472
1491721
1491723
1491746
1491784
1491790
1492315
1492669
1492673
1492816
1492817
1492928
1494215
1494374
1495044
1495081
1495460
1495609
1495610
1496258
1496333
1497103
1497109
1497375
1497376
1497869
1498428
1498434
1498435
1498440
1498441
1498443
1498445
1498447
1498449
1498450
1498451
1498453
1498455
1498456
1498458
1498461
1498462
1498464
1498465
1498469
1498471
1498473
1498477
1498478
1498479
1498482
1498487
1498488
1498489
1498493
1498835
1498837
1498843
1498855
1498949
1498954
1498957
1498967
1499193
1499518
1499532
1499537
1499588
1499611
1499612
1499615
1499616
1499621
1499622
1499631
1499634
1499635
1499727
1499728
1499983
1500419
1500427
1500560
1500677
1500858
1501231
1501513
1501516
1501715
1502106
1502296
1502334
1502551
1502711
1502785
1502967
1503163
1503164
1503210
1503222
1503337
1503466
1503485
1503857
1503926
1503927
1503930
1503932
1504032
1504033
1504153
1504333
1504451
1505607
1505608
1505646
1505670
1505869
1505891
1505903
1505960
1505962
1506151
1506179
1506295
1506507
1506508
1507529
1507547
1507972
1508183
1508276
1508290
1508291
1508294
1508295
1508515
1508724
1509407
1509414
1509415
1509418
1510015
1510204
1510205
1510228
1511594
1511595
1511596
1511640
1511765
1511820
1511832
1511833
1512276
1513476
1513477
1514137
1514140
1515440
1515599
1515605
1515622
1515623
1515657
1517472
1517512
1517830
1518452
1518534
1518595
1518962
1518963
1518964
1518990
1519028
1519029
1519082
1519083
1519144
1519145
1519435
1519565
1519617
1520506
1520585
1520586
1520783
1520784
1520791
1520875
1520881
1520938
1521034
1521047
1521116
1521257
1521258
1521259
1521260
1521262
1521697
1521701
1521702
1521729
1522079
1522080
1522114
1522119
1522189
1522199
1522369
1523025
1523026
1523625
1523891
1523893
1523895
1524541
1524889
1524939
1524962
1524963
1525212
1525213
1525214
1525215
1525216
1525217
1525347
1525728
1525730
1526411
1526548
1526603
1526686
1526703
1526918
1527435
1527436
1527437
1527573
1527800
1527802
1528968
1528970
1528972
1529381
1529434
1529436
1529449
1529670
1530446
1531500
1531501
1532880
1532881
1532884
1534760
1534972
1535237
1535297
1535298
1535325
1535408
1535529
1535530
1535806
1536768
1536790
1536792
1536793
1536856
1536863
1536874
1537102
1537689
1537714
1538025
1538026
1538065
1538066
1538067
1538075
1538097
1538186
1538288
1538289
1538424
1538613
1538653
1538701
1538705
1538713
1538725
1538811
1538812
1538817
1538826
1538830
1538832
1538840
1538846
1538858
1538881
1538883
1538884
1538888
1538890
1538903
1538906
1538928
1538931
1538937
1538953
1538960
1538968
1538970
1538971
1538972
1539016
1539017
1539020
1539068
1539071
1539083
1539084
1539085
1539089
1539091
1539093
1539094
1539095
1539105
1539280
1539293
1539664
1539665
1539666
1540040
1540042
1540043
1540047
1540073
1540145
1540229
1540230
1540261
1541139
1541146
1541393
1541436
1541438
1541697
1541710
1541798
1542311
1542312
1542449
1542451
1542495
1542496
1542497
1542591
1542650
1543401
1543691
1544353
1544365
1544377
1544383
1544384
1544688
1545397
1545690
1545850
1545851
1545895
1545896
1545897
1545900
1545901
1545904
1545905
1545907
1545920
1546026
1546156
1546157
1547233
1547289
1547518
1547847
1547869
1548121
1548385
1548947
1549163
1549164
1549217
1549675
1549706
1549708
1549709
1549750
1549865
1550064
1550268
1550622
1550646
1550678
1550735
1550772
1550775
1551541
1552222
1552300
1552317
1552318
1552322
1552824
1553172
1553520
1556192
1557812
1557813
1559498
1559511
1560016
1560027
1560030
1560031
1560032
1560033
1561073
1561074
1561080
1561089
1561163
1561372
1561944
1561947
1561962
1561963
1561998
1562058
1562060
1562130
1562198
1562292
1562385
1562575
1562576
1562577
1562696
1562906
1562907
1563254
1564043
1564048
1564086
1564094
1564100
1564101
1564102
1564103
1564104
1564105
1564185
1564187
1564205
1564500
1566627
1566705
1566825
1567544
1568921
1569076
1569308
1569326
1569628
1569704
1569766
1569768
1569770
1569775
1569779
1569780
1570249
1570301
1571165
1571514
1571577
1572514
1572597
1572672
1572707
1573227
1573585
1573771
1573773
1573774
1573776
1573778
1573779
1573780
1573782
1573786
1573787
1573788
1573790
1574408
1574441
1576339
1576347
1576348
1577076
1577136
1577494
1577607
1577613
1577648
1577724
1577725
1577845
1577861
1577906
1577991
1577992
1578191
1578797
1578925
1579275
1579276
1579279
1579283
1579336
1579337
1579658
1580118
1580120
1580574
1580584
1580590
1580842
1580844
1580850
1580853
1580864
1580871
1581159
1581160
1581334
1582009
1582098
1582844
1582882
1582913
1582966
1582976
1585245
1585420
1585426
1585427
1585432
1585433
1585464
1585921
1586083
1586185
1586379
1586422
1586495
1586957
1587120
1587510
1588183
1589706
1589707
1589712
1589713
1589740
1589794
1589896
1590169
1590170
1591219
1591237
1591240
1592803
1592886
1593258
1593259
1593270
1593277
1593447
1603294
1603553
1603554
1603581
1604133
1604231
1604324
1604542
1604599
1605170
1605174
1605177
1605465
1605466
1605932
1606679
1606681
1606682
1607688
1607840
1608269
1608308
1608454
1608482
1608636
1608728
1609961
1610689
1610699
1610701
1611254
1611264
1612408
1615882
1615899
1616773
1617934
1617980
1618100
1618111
1619282
1619318
1619329
1619583
1619591
1619592
1619593
1619597
1619603
1619604
1619608
1620264
1620450
1621551
1622065
1622218
1622219
1623672
1628766
1628817
1628841
1629392
1629402
1629403
1629539
1629674
1629675
1629676
1629680
1629683
1630683
1630944
1631745
1632113
1632114
1633013
1633014
1633020
1633384
1633869
1633870
1634130
1634131
1634160
1634161
1634180
1634947
1635080
1635107
1635251
1636930
1636980
1638174
1639119
1639121
1639122
1641046
1641311
1641711
1641714
1641794
1641795
1642177
1642578
1642859
1643492
1643569
1643632
1644143
1644148
1646117
1647189
1647406
1647520
1647563
1647998
1647999
1648000
1648001
1648003
1648004
1648005
1648007
1648008
1648009
1648010
1648011
1648015
1648016
1648017
1648019
1648020
1648021
1648022
1648023
1648025
1648026
1648028
1648029
1648030
1648031
1648033
1648034
1648035
1648036
1648037
1648038
1648043
1648044
1648045
1649065
1649241
1649283
1649370
1649374
1649386
1650676
1650735
1651207
1651253
1651263
1651941
1652073
1652074
1652080
1652081
1652093
1652094
1652095
1652496
1652672
1652674
1652675
1652676
1652704
1653080
1653081
1653186
1653319
1653321
1653389
1653391
1653392
1653778
1653799
1653800
1654676
1654807
1654986
1654987
1655349
1655504
1656229
1656230
1656231
1656232
1656233
1656241
1656243
1656245
1656247
1656248
1656250
1656252
1658223
1658286
1658407
1658444
1659588
1659747
1659840
1659845
1661355
1661398
1661584
1661727
1662193
1662198
1662206
1662207
1662209
1662273
1662495
1662592
1663023
1663115
1663197
1663393
1663723
1663724
1663726
1664066
1664462
1664545
1664694
1664843
1665549
1665550
1665692
1665693
1666903
1667018
1667019
1667020
1667026
1667166
1667192
1667227
1667229
1667295
1670432
1670439
1670767
1670768
1670882
1671078
1671274
1671303
1671304
1671305
1671307
1671311
1671773
1672019
1672020
1672220
1673081
1673262
1673678
1673679
1673888
1676652
1676655
1676841
1676925
1676998
1677039
1677040
1677678
1677689
1677693
1677761
1677762
1677794
1678074
1678198
1678286
1678292
1678874
1679031
1679032
1680231
1680473
1680563
1680712
1680880
1680881
1680883
1680884
1680885
1681229
1682381
1682393
1682405
1683481
1683728
1683806
1683809
1684132
1684307
1684402
1684697
1684752
1685802
1685808
1685811
1685813
1685814
1685817
1685818
1685820
1685821
1685827
1685832
1685835
1685836
1685838
1686742
1686743
1688401
1689458
1689953
1689961
1690604
1690606
1690608
1690609
1690610
1691399
1692143
1692167
1692484
1697566
1698368
1699041
1699090
1699106
1699272
1699513
1699517
1699522
1699523
1699524
1700840
1701308
1701415
1701416
1701548
1701550
1702063
1702227
1704241
1705102
1705104
1705105
1705106
1705836
1705841
1706219
1706337
1706520
1707706
1707744
1707787
1707807
1708224
1708230
1708237
1708398
1708480
1708493
1708517
1708541
1708747
1709201
1709327
1709381
1709941
1712293
1712322
1712364
1712365
1712413
1712417
1712435
1712436
1712443
1712467
1712481
1712483
1712485
1712501
1712502
1712507
1712691
1712692
1713923
1714492
1715688
1715878
1715998
1715999
1716017
1716030
1716039
1718242
1718245
1718259
1719223
1719554
1720308
1720319
1720338
1720764
1723665
1725055
1725355
1725373
1725374
1725375
1725412
1728959
1728962
1729112
1729595
1729789
1729940
1730093
1732171
1732196
1732200
1732204
1732205
1732206
1732303
1732304
1732305
1732311
1732396
1732440
1732441
1732443
1732518
1732519
1732537
1732538
1732554
1734106
1734381
1735270
1735272
1735385
1735696
1735697
1735703
1736056
1736113
1736114
1736633
1736746
1737481
1739090
1739092
1740283
1742608
1742921
1742922
1744847
1744888
1745197
1745946
1745953
1745968
1745989
1746055
1746056
1746091
1747705
1749025
1749035
1749038
1749039
1750568
1750592
1750699
1751714
1752765
1753971
1754207
1754211
1755048
1755061
1755147
1755238
1755482
1755483
1755684
1755685
1755686
1756125
1756146
1756213
1756214
1756215
1756217
1756218
1756219
1756294
1756417
1756845
1756851
1756852
1756859
1756886
1756979
1758100
1758105
1758121
1758129
1758140
1758141
1758169
1758748
1758753
1758754
1759428
1759429
1759432
1759442
1759563
1762952
1763381
1763895
1764037
1764038
1764265
1764295
1767047
1767048
1767050
1767877
1768098
1768218
1769247
1769393
1769416
1769417
1769459
1769708
1769749
1769834
1770170
1770171
1770251
1770253
1770254
1772269
1774208
1774257
1774702
1775358
1775589
1775590
1775896
1775898
1775924
1775926
1775968
1776025
1776223
1776376
1776877
1776878
1777086
1777087
1777088
1777645
1777646
1777647
1777717
1777763
1777764
1778204
1778226
1779051
1779081
1779146
1779147
1779148
1779149
1779151
1779152
1779155
1779158
1779161
1779162
1779163
1779164
1779167
1779168
1779170
1779190
1780200
1780203
1780241
1780243
1780397
1780398
1780471
1783249
1783250
1783253
1783254
1783473
1785097
1785098
1785604
1785705
1788519
1789007
1789172
1789663
1792243
1792265
1792266
1792511
1792849
1793136
1793139
1794763
1795271
1795424
1796057
1796502
1796505
1796507
1796514
1796554
1796557
1796594
1796599
1798241
1798808
1798813
1798816
1798824
1798825
1798830
1798851
1798856
1798857
1798858
1798865
1798878
1798879
1798880
1798942
1799504
1799505
1799554
1799561
1799566
1799568
1799571
1799589
1799595
1799604
1799605
1799607
1799609
1799619
1799623
1799624
1799626
1799642
1799696
1799703
1799785
1799786
1801533
1801561
1801563
1801564
1801565
1801566
1801567
1802789
1802790
1802912
1802956
1802957
1803217
1803515
1803519
1803523
1803524
1803525
1803526
1803640
1804148
1804149
1804621
1804622
1804623
1804740
1804794
1805483
1805495
1805496
1805947
1806088
1806994
1807190
1807359
1807360
1807362
1807681
1807782
1808011
1808993
1809182
1809183
1809187
1809188
1809278
1809279
1809733
1809738
1810620
1810804
1810809
1810816
1810916
1810919
1810926
1810928
1811403
1811404
1811406
1811493
1811811
1812035
1812102
1812703
1812706
1812710
1812770
1812772
1812776
1812841
1812852
1813166
1813607
1813629
1813763
1813958
1814901
1815472
1815473
1817414
1817957
1818108
1818614
1819562
1819563
1819629
1819979
1820039
1820040
1820130
1820131
1820310
1820535
1820602
1820603
1821062
1821735
1821760
1821763
1821770
1821771
1824618
1824619
1824901
1824904
1825603
1825729
1825730
1825980
1826157
1826158
1826159
1826162
1826163
1826164
1826165
1826166
1826756
1827022
1828414
1830229
1834479
1835196
1835343
1835702
1836466
1836592
1836956
1837092
1837245
1837280
1837315
1838142
1839939
1841481
1842462
1842555
1843216
1843398
1844717
1847751
1848167
1848298
1848552
1848554
1848585
1848587
1849762
1849765
1850527
1850528
1850975
1851120
1851121
1851468
1851469
1851470
1851472
1851503
1851509
1851545
1851551
1851552
1851555
1851565
1851566
1851575
1852973
1852974
1853743
1853882
1854010
1854472
1854479
1854753
1856036
1856625
1856771
1857654
1857663
1858662
1858805
1859058
1859059
1859060
1859080
1859096
1859121
1859122
1859638
1859923
1861770
1861795
1862640
1862694
1862869
1862870
1862949
1863074
1867303
1867836
1867922
1868143
1868228
1868481
1868482
1869158
1869201
1869771
1871463
1871466
1871496
1873190
1873191
1873447
1873448
1873495
1873960
1874025
1874399
1874400
1874405
1874409
1874418
1882272
1882473
1882728
1882863
1882866
1884248
1884439
1884633
1884637
1884640
1884664
1884665
1884666
1884717
1885597
1885598
1886493
1888371
1889096
1889231
1890237
1890244
1891946
1892065
1892066
1892432
1892433
1892809
1895012
1896070
1896769
1896963
1897064
1897413
1897556
1897773
1898022
1898320
1898425
1899485
1902915
1903189
1903569
1903715
1903764
1903778
1903796
1903797
1903800
1903803
1903810
1903828
1903837
1904413
1904490
1904611
1904612
1904613
1904948
1905111
1905112
1905114
1905116
1905117
1905118
1905220
1905356
1905702
1905731
1905735
1907176
1907586
1908689
1908694
1908695
1908696
1908796
1908800
1909268
1909376
1909378
1909432
1910789
1910890
1910893
1911134
1911418
1911533
1911615
1911741
1912359
1912890
1912919
1912936
1912939
1912981
1912982
1912983
1913371
1913637
1913638
1913639
1914264
1914267
1914269
1914292
1914294
1914393
1914956
1914959
1914960
1914961
1914991
1915067
1915121
1915122
1915381
1916073
1917024
1917068
1917141
1917142
1917220
1917731
1919072
1919242
1919246
1919255
1920186
1920187
1920207
1920453
1923837
1923958
1923959
1923967
1924578
1924736
1924737
1924738
1924739
1925018
1925256
1925257
1926311
1926313
1927079
1927080
1927081
1927087
1927089
1927788
1927913
1927914
1927915
1927916
1927917
1928073
1928485
1928486
1928494
1928728
1929018
1929756
1929757
1929853
1929855
1930602
1931080
1931355
1932074
1932322
1932955
1932965
1932967
1933192
1934104
1934154
1934365
1934371
1934375
1934379
1934434
1934436
1934444
1934452
1934465
1934466
1934485
1934486
1934497
1934509
1934518
1934600
1934609
1934616
1934898
1934903
1935872
1935937
1935939
1935942
1936103
1937702
1937956
1938376
1938389
1938971
1940113
1940403
1940604
1940840
1940842
1941220
1945531
1945536
1945539
1945542
1945553
1945554
1945703
1945768
1945770
1945772
1949062
1954224
1954250
1955101
1955116
1955150
1955152
1955247
1955251
1955321
1955416
1955470
1956187
1956340
1956487
1956488
1956757
1960649
1961145
1961148
1961150
1961208
1961211
1961212
1961213
1961800
1961801
1961802
1962113
1962296
1962995
1962998
1963036
1963083
1963084
1963087
1963757
1963758
1963759
1963761
1963811
1963812
1964413
1964417
1964418
1964551
1964825
1965096
1965161
1965352
1967285
1967300
1967301
1967842
1967994
1968271
1968428
1968429
1968656
1968660
1968678
1968679
1969317
1969918
1970070
1971661
1974217
1974272
1974273
1974274
1975586
1975587
1975588
1975592
1977046
1977159
1977160
1977915
1977916
1977917
1977919
1977920
1977980
1978181
1978182
1978547
1978917
1979228
1979292
1979294
1979295
1979296
1979297
1979421
1979422
1981958
1982031
1982705
1983395
1983411
1983437
1983445
1983743
1985647
1985650
1985651
1985660
1985980
1986077
1986161
1986162
1986163
1986882
1987026
1987027
1987369
1987567
1987568
1987911
1993396
2002772
2003509
2003511
2003516
2003517
2003540
2003541
2003542
2003543
2003544
2004884
2004955
2004959
2005683
2005684
2006944
2006970
2006975
2006976
2006978
2006979
2006981
2006982
2007103
2007110
2007162
2007163
2007176
2007178
2007180
2007181
2007182
2007205
2007206
2007207
2007208
2007212
2007213
2007273
2007274
2008388
2008389
2008390
2008651
2008660
2008666
2008669
2008703
2008741
2008792
2009274
2009276
2009277
2010880
2010884
2010900
2010905
2010906
2010907
2010961
2011100
2012474
2012614
2013110
2014961
2014962
2014984
2015172
2015173
2015511
2015512
2015513
2015514
2015914
2016126
2016532
2017694
2017695
2017772
2017775
2018324
2018325
2019519
2019550
2020315
2020371
2020849
2020953
2020954
2020955
2020962
2021136
2021137
2021296
2021432
2021813
2021942
2022013
2023354
2023355
2023714
2023749
2023766
2023954
2024004
2024527
2024536
2024539
2024743
2024747
2025116
2025590
2025843
2026244
2026418
2026420
2026443
2026555
2026556
2026933
2028212
2028214
2028216
2028217
2028483
2028677
2028942
2029065
2029066
2029106
2029556
2030330
2030336
2030353
2030936
2031164
2032584
2033035
2034145
2034146
2034170
2034327
2034351
2035830
2036851
2036855
2036857
2038152
2038640
2038642
2038647
2038649
2038704
2039636
2040448
2040468
2040483
2040484
2040514
2040515
2041113
2041121
2041133
2041134
2041141
2041146
2041216
2041218
2041279
2041602
2041612
2041618
2041619
2041620
2041757
2042340
2042345
2042965
2042968
2043564
2044473
2044563
2044973
2045109
2045110
2045111
2045258
2045261
2045262
2045263
2045264
2045265
2045343
2045360
2048241
2048586
2048656
2049346
2049354
2049356
2049373
2049474
2049478
2049479
2051043
2051062
2051645
2051683
2051735
2051738
2051747
2051762
2051766
2051768
2051790
2051791
2051805
2051819
2051915
2052490
2053310
2053429
2053500
2053667
2053894
2053932
2055135
2055258
2055806
2055936
2056028
2056445
2056899
2057177
2057968
2057972
2058181
2058183
2058184
2058185
2058186
2058187
2058188
2058189
2058949
2058951
2059318
2059683
2059687
2059852
2059853
2060074
2060075
2060435
2060512
2060664
2060665
2060973
2064756
2064825
2065209
2065263
2065411
2065790
2066938
2066940
2066992
2067574
2067575
2068237
2068716
2068719
2068721
2068722
2069612
2070461
2071706
2072583
2072587
2072597
2072600
2072716
2072717
2072739
2074819
2078572
2078661
2078956
2078957
2079031
2079927
2081418
2081515
2081776
2081777
2082208
2082223
2082224
2082225
2082715
2082881
2082882
2082883
2082909
2083072
2083271
2083272
2083273
2086555
2086695
2093253
2093777
2093779
2093780
2094712
2094723
2099351
2099353
2099354
2099355
2099408
2100445
2100454
2100771
2100772
2107773
2108040
2108076
2108078
2108135
2108136
2108191
2109251
2109268
2109368
2109548
2109649
2109900
2109901
2115823
2115956
2115957
2116532
2116661
2126181
2126447
2126473
2126967
2126968
2133757
2133758
2135432
2135438
2135801
2136148
2136985
2137591
2137820
2138289
2153045
2153329
2153332
2153333
2153336
2153479
2161651
2161793
2161862
2162843
2162899
2163355
2163356
2163902
2170268
2170303
2171616
2171668
2171926
2171932
2172497
2172819
2172820
2172821
2172983
2174070
2174073
2174382
2174415
2174975
2174976
2175001
2175194
2175199
2182332
2182336
2182372
2182382
2184064
2184264
2184387
2184389
2184407
2184484
2184485
2184935
2184936
2200755
2201386
2201463
2201465
2201466
2201927
2202459
2202518
2202805
2202806
2202807
2202808
2203183
2204096
2211259
2211489
2211609
2212484
2212702
2212703
2212704
2212732
2212966
2213114
2213181
2218736
2218739
2219035
2219151
2219247
2219556
2219557
2219690
2219692
2219693
2219781
2219782
2219817
2231153
2231171
2231382
2231384
2231385
2231387
2231389
2231390
2231391
2231393
2231397
2231398
2231462
2231493
2231603
2233521
2233838
2233839
2233854
2233855
2233857
2249226
2249242
2249430
2249431
2249432
2249433
2249475
2249476
2249730
2249731
2249732
2249733
2250089
2259389
2259522
2259823
2259836
2267274
2268852
2268987
2282344
2282395
2282413
2283411
2283536
2290897
2290899
2290929
2291027
2291450
2291721
2294178
2301094
2301114
2301116
2301119
2301471
2301599
2302907
2302911
2302912
2302913
2302914
2303697
2304055
2304096
2304098
2304100
2304148
2304164
2304229
2304349
2304534
2304653
2304654
2304670
2305788
2305790
2305791
2306716
2315208
2315349
2315449
2315450
2315451
2315456
2315720
2315723
2316155
2316380
2316402
2316435
2316892
2320254
2320802
2320805
2320806
2320807
2320808
2320809
2320810
2340904
2341009
2358351
2358353
2358435
2358487
2358488
2358489
2358490
2358491
2364084
2364088
2364553
2364555
2448183
2448451
2478535
2478750
2478890
2480046
2480061
2480749
2480750
2482752
2482753
2483364
2483365
2486284
2486286
2486291
2486292
2486360
2486696
2486699
2489341
2491658
2492834
2493110
2493501
2493502
2497438
2498891
2499236
2499237
2499238
2499258
2499262
2499265
2499266
2499270
2499524
2501646
2502719
2502994
2506049
2506575
2507001
2507557
2507901
2507902
2507920
2508073
2508080
2508086
2509193
2509194
2509195
2509196
2510002
2510776
2510790
2511126
2511161
2511164
2517312
2517974
2528071
2528436
2528549
2530218
2545709
2545764
2546017
2546018
2546036
2546211
2546214
2546215
2546561
2547934
2555566
2558200
2558461
2558922
2558949
2558951
2562701
2567926
2569385
2570197
2570567
2570648
2570650
2572478
2575582
2580119
2580348
2582693
2586442
2587402
2587410
2587412
2587831
2589077
2589382
2591321
2593313
2593666
2594221
2594222
2594223
2597819
2598729
2599315
2599947
2601528
2601529
2601530
2601995
2602010
2602012
2602424
2602915
2602916
2603560
2603949
2604003
2604179
2604207
2604337
2604348
2604474
2604748
2605334
2605435
2605440
2605696
2605701
2605917
2605918
2605919
2605920
2606521
2606533
2606893
2607030
2607033
2607628
2608109
2608131
2608232
2608240
2609037
2609800
2609811
2609812
2609844
2610821
2611341
2611352
2613968
2614577
2615168
2617678
2617848
2618080
2618138
2618327
2618482
2618685
2618716
2618787
2618936
2619250
2619318
2619522
2619630
2619774
2619870
2619888
2619997
2620032
2620132
2620239
2620372
2620894
2621123
2621230
2621543
2621707
2621847
2622003
2622383
2622703
2622738
2622755
2623399
2623579
2623842
2624003
2624068
2624092
2624113
2624236
2624327
2624503
2624752
2624780
2624939
2625144
2625518
2625600
2625920
2626013
2626244
2626269
2626388
2626448
2626453
2626671
2626785
2626875
2626913
2627171
2627173
2627319
2627495
2627759
2628821
2628982
2629204
2629244
2629290
2629349
2629532
2629663
2629767
2629775
2630045
2630187
2630650
2630684
2630787
2630837
2630985
2630991
2631140
2631382
2631516
2631895
2632105
2632278
2632807
2633201
2633603
2633780
2634116
2634318
2634392
2634589
2634715
2634824
2634893
2635088
2635239
2635268
2635819
2636012
2636197
2636336
2636355
2636446
2637099
2637107
2637342
2637452
2637456
2637508
2637555
2637690
2637795
2638159
2638568
2638646
2638695
2638916
2640307
2640314
2640316
2640468
2641254
2642013
2642122
2642445
2642545
2642618
2642720
2642798
2642878
2643012
2643130
2643358
2643513
2643798
2644205
2644406
2644619
2644711
2644753
2645706
2645710
2646151
2646287
2646531
2646561
2646808
2647287
2647313
2647315
2647621
2647757
2647842
2648076
2648594
2648672
2648701
2649021
2649165
2649190
2649522
2649605
2649696
2649980
2652724
2653460
2653789
2653790
2653904
2653920
2653921
2653955
2656784
2656786
2656787
2662031
2662056
2662611
2662613
2666603
2675880
2676555
2681631
2681632
2682238
2682239
2682464
2682465
2682466
2682468
2682472
2682475
2682482
2682484
2682485
2682492
2682551
2682552
2682553
2682555
2682561
2682564
2682565
2682567
2682734
2683325
2683326
2683617
2683624
2683625
2683628
2683629
2683659
2683660
2684882
2685082
2685195
2685736
2685839
2686024
2686026
2686198
2687318
2689091
2689624
2691554
2692227
2692229
2692248
2695291
2696291
2696672
2697495
2698737
2704647
2704949
2704970
2705177
2705178
2707335
2707336
2707338
2707339
2707348
2707349
2707350
2714147
2715852
2720870
2720871
2720872
2720873
2720874
2726946
2726947
2727754
2732470
2743694
2743695
2743696
2743697
2743705
2743709
2743711
2743714
2743716
2743726
2743731
2743745
2743747
2745573
2746895
2747968
2750048
2750049
2752537
2752540
2752542
2752543
2754530
2755281
2755564
2761499
2761500
2768677
2777055
2777061
2779868
2781224
2783457
2785011
2785015
2785018
2785021
2792428
2793945
2795564
2799439
2802990
2802991
2803181
2810619
2812636
2813651
2819901
2820187
2821314
2821351
2822797
2823048
2823314
2836339
2836391
2840301
2841271
2841728
2853592
2853593
2857394
2857398
2861358
2862419
2871759
2872261
2895726
2897299
2897311
2899660
2899670
2899671
2899683
2899756
2902005
2905665
2907085
2908833
2916678
2921223
2925400
2925792
2926619
2927229
2937349
2939015
2939378
2943436
2944547
2945031
2948571
2949676
2952368
2954887
2961670
2962859
2964429
2982298
2982305
2982316
2983002
2983313
2983338
2983427
2983527
2983819
2985477
2991368
3028843
3034131
3034132
3036495
3039357
3039359
3039483
3040969
3042114
3043701
3043702
3051910
3053191
3053472
3054905
3072905
3072906
3073796
3073797
3073798
3073799
3073800
3073801
3073806
3073807
3073808
3073809
3073810
3073811
3073812
3073854
3078114
3101716
3119969
3120499
3127111
3131914
3136022
3136023
3136029
3158075
3162980
3163251
3163253
3235057
3239873
3239874
3243770
3243772
3243773
3243775
3243778
3243779
3300567
3303203
3316682
3371007
3371042
3371155
3385563
3391093
3391113
3402114
3402561
3402571
3410118
3410119
3410120
3410121
3410122
3410462
