10239
10240
10241
10242
10243
10244
10245
10249
10252
10253
10254
10255
10256
10257
10258
10259
10260
10261
10263
10264
10265
10266
10269
10270
10271
10273
10275
10276
10278
10279
10280
10281
10282
10284
10286
10288
10290
10291
10292
10293
10294
10295
10298
10299
10304
10310
10314
10317
10319
10320
10325
10326
10331
10334
10335
10345
10353
10357
10358
10359
10363
10364
10365
10366
10368
10371
10372
10373
10374
10375
10376
10379
10380
10381
10383
10385
10386
10388
10390
10395
10397
10398
10401
10404
10405
10406
10407
10418
10437
10442
10449
10450
10453
10454
10455
10456
10462
10463
10464
10465
10468
10469
10471
10472
10473
10474
10475
10477
10479
10484
10486
10487
10489
10490
10491
10492
10493
10494
10497
10501
10506
10507
10508
10509
10510
10511
10512
10514
10515
10519
10521
10522
10524
10527
10528
10529
10530
10532
10533
10534
10535
10537
10541
10547
10548
10552
10553
10561
10562
10563
10564
10565
10566
10567
10568
10569
10570
10571
10573
10574
10576
10579
10580
10583
10584
10585
10586
10587
10588
10589
10590
10591
10592
10593
10594
10595
10596
10598
10599
10600
10604
10605
10606
10607
10608
10609
10611
10614
10615
10616
10617
10618
10620
10621
10623
10630
10632
10636
10637
10639
10640
10641
10649
10651
10652
10653
10654
10656
10658
10659
10660
10661
10663
10664
10665
10666
10674
10676
10677
10678
10679
10680
10682
10683
10685
10686
10687
10689
10690
10691
10692
10693
10696
10701
10702
10703
10704
10705
10707
10708
10710
10712
10713
10715
10717
10719
10723
10724
10725
10726
10728
10730
10732
10733
10735
10736
10738
10742
10746
10747
10748
10749
10750
10752
10753
10754
10755
10756
10757
10759
10760
10761
10773
10778
10779
10780
10784
10785
10786
10788
10792
10794
10796
10798
10799
10802
10803
10804
10806
10809
10811
10812
10813
10814
10815
10817
10820
10821
10825
10826
10827
10829
10830
10831
10832
10834
10835
10836
10837
10838
10839
10840
10841
10842
10843
10844
10845
10847
10848
10849
10850
10851
10852
10854
10855
10856
10860
10861
10862
10863
10864
10867
10868
10869
10872
10874
10875
10877
10878
10879
10882
10884
10885
10886
10891
10892
10893
10894
10895
10897
10903
10906
10910
10911
10912
10913
10917
10921
10922
10923
10927
10928
10937
10941
10942
10943
10946
10953
10954
10961
10963
10967
10968
10970
10971
10978
10979
10981
10985
10986
10987
10988
10989
10990
10991
10992
10993
10995
11002
11005
11006
11007
11008
11009
11010
11011
11012
11014
11018
11019
11020
11021
11023
11024
11029
11033
11034
11036
11039
11040
11041
11047
11048
11049
11050
11051
11052
11053
11060
11069
11070
11071
11072
11076
11077
11079
11080
11082
11083
11084
11085
11086
11089
11090
11093
11094
11095
11096
11098
11099
11100
11101
11102
11118
11120
11128
11135
11137
11138
11142
11144
11146
11149
11151
11152
11153
11155
11156
11157
11158
11159
11168
11216
11224
11226
11229
11233
11234
11235
11240
11241
11242
11244
11245
11246
11247
11250
11251
11263
11264
11266
11270
11271
11272
11274
11276
11277
11280
11286
11287
11288
11290
11292
11303
11306
11307
11308
11309
11318
11320
11375
11384
11397
11414
11433
11448
11520
11521
11550
11552
11553
11554
11556
11557
11560
11567
11568
11569
11572
11574
11575
11577
11580
11582
11583
11584
11587
11588
11590
11591
11596
11601
11607
11612
11615
11617
11618
11624
11627
11632
11636
11641
11642
11646
11652
11653
11654
11655
11656
11657
11660
11663
11665
11673
11676
11709
11711
11712
11723
11725
11726
11745
11746
11749
11752
11757
11764
11768
11772
11777
11780
11783
11785
11786
11788
11791
11792
11793
11795
11796
11799
11801
11807
11808
11809
11813
11819
11820
11821
11823
11824
11827
11829
11830
11833
11834
11836
11837
11840
11841
11845
11848
11849
11850
11854
11855
11856
11857
11861
11864
11866
11867
11870
11873
11874
11876
11878
11879
11884
11885
11886
11889
11901
11908
11909
11938
11942
11945
11946
11948
11949
11950
11955
11957
11958
11960
11961
11963
11965
11966
11968
11970
11971
11973
11974
11976
11977
11978
11982
11983
11984
11985
11986
11987
11988
12014
12017
12018
12019
12020
12021
12022
12023
12024
12027
12029
12030
12031
12032
12036
12037
12041
12042
12045
12049
12050
12051
12054
12055
12056
12057
12058
12059
12060
12062
12063
12064
12066
12067
12069
12070
12071
12072
12073
12074
12075
12076
12078
12080
12081
12082
12083
12086
12089
12090
12091
12092
12101
12103
12104
12107
12109
12110
12111
12114
12116
12118
12121
12122
12123
12124
12130
12131
12132
12134
12135
12136
12137
12138
12139
12141
12142
12143
12144
12145
12148
12149
12150
12151
12152
12153
12154
12157
12158
12160
12161
12162
12163
12164
12165
12166
12167
12169
12171
12172
12173
12174
12175
12176
12177
12178
12179
12180
12181
12182
12183
12187
12188
12194
12195
12196
12197
12198
12199
12200
12201
12202
12203
12204
12205
12206
12207
12208
12209
12210
12211
12212
12215
12216
12217
12219
12220
12222
12223
12224
12226
12227
12228
12229
12230
12232
12233
12234
12235
12238
12239
12240
12241
12242
12253
12258
12259
12260
12261
12262
12263
12264
12266
12267
12268
12269
12270
12271
12273
12274
12275
12280
12282
12283
12285
12286
12287
12288
12289
12291
12293
12294
12295
12298
12300
12301
12302
12303
12304
12305
12313
12315
12316
12317
12319
12320
12321
12326
12327
12328
12329
12333
12336
12344
12345
12347
12348
12353
12356
12357
12360
12366
12375
12387
12390
12392
12397
12402
12407
12412
12413
12417
12425
12426
12427
12429
12430
12431
12432
12433
12435
12436
12438
12440
12441
12444
12450
12451
12455
12456
12458
12465
12466
12470
12471
12472
12473
12475
12477
12480
12509
12519
12521
12524
12530
12538
12541
12542
12558
12578
12584
12585
12615
12618
12627
12637
12639
12643
12645
12647
12657
12663
12672
12675
12701
12705
12721
12730
12742
12750
12777
12783
12804
12809
12814
12830
12844
12851
12870
12877
12881
12885
12887
12888
12890
12892
12893
12894
12895
12896
12897
12898
12901
12903
12904
12905
12906
12907
28265
28274
28275
28276
28278
28280
28282
28284
28285
28288
28289
28292
28295
28300
28304
28311
28312
28314
28321
28322
28326
28327
28329
28332
28344
28347
28348
28350
28351
28353
28354
28355
28358
28360
28365
28369
28373
28375
28869
28871
28873
28874
28875
28876
28877
28882
29250
29252
29255
29256
29257
29261
29262
29263
29264
29271
29272
29276
29342
31503
31504
31507
31519
31532
31533
31535
31537
31544
31545
31546
31547
31548
31552
31555
31559
31563
31564
31567
31570
31574
31588
31590
31591
31592
31598
31600
31602
31612
31618
31621
31631
31632
31647
31648
31649
31650
31651
31653
31654
31655
31656
31657
31658
31663
31668
31669
31694
31695
31696
31699
31704
31708
31709
31711
31713
31721
31722
31724
31732
31738
31741
31742
31743
31744
31749
31750
31754
31757
31759
31761
31770
31771
31931
32603
32604
32605
32606
32608
32610
32611
32612
32613
32614
32615
32616
32618
32619
32620
32621
32622
32623
32624
32625
32629
33706
33708
33709
33710
33711
33714
33720
33721
33724
33726
33727
33737
33743
33745
33746
33747
33748
33750
33751
33753
33755
33756
33757
33758
33759
33760
33761
33763
33764
33765
33768
33769
33771
33773
35238
35239
35241
35243
35244
35246
35247
35248
35249
35250
35252
35254
35255
35258
35263
35265
35266
35267
35269
35270
35276
35277
35278
35279
35280
35281
35284
35285
35286
35287
35288
35289
35290
35291
35292
35293
35294
35295
35296
35297
35300
35303
35304
35305
35307
35308
35309
35312
35313
35314
35315
35316
35318
35320
35323
35324
35325
35327
35328
35329
35330
35331
35332
35333
35334
35336
35337
35338
35339
35340
35341
35342
35343
35344
35345
35350
35511
35513
35514
35515
35516
35593
35612
35740
35741
36338
36340
36341
36342
36343
36344
36345
36352
36353
36355
36357
36362
36363
36368
36369
36370
36381
36390
36395
36403
36408
36418
36421
36423
36427
36432
36433
36442
36443
36452
36453
36771
36772
37105
37108
37111
37112
37114
37115
37116
37118
37119
37120
37121
37122
37124
37125
37126
37127
37128
37130
37131
37132
37138
37141
37206
37207
37296
37297
37299
37300
37323
37324
37325
37363
37368
37477
37478
37554
37665
37668
37733
37741
37754
37755
37756
37757
37758
37759
37779
37780
37814
37954
37955
37956
37957
37958
37959
37960
37961
38012
38016
38018
38036
38062
38143
38144
38170
38172
38251
38404
38416
38418
38420
38426
38428
38430
38432
38525
38765
38766
38767
38768
38804
38827
38837
38950
38973
38983
39013
39046
39054
39058
39068
39085
39101
39103
39104
39114
39116
39420
39443
39444
39445
39457
39566
39637
39640
39641
39681
39718
39720
39721
39724
39725
39729
39730
39731
39733
39734
39738
39739
39740
39741
39742
39743
39744
39746
39747
39748
39749
39750
39751
39752
39755
39756
39759
39760
39767
39780
39781
39788
39803
39804
39838
39943
39944
40004
40005
40012
40050
40051
40052
40053
40054
40056
40057
40058
40059
40060
40061
40062
40064
40065
40067
40068
40069
40070
40119
40120
40121
40122
40242
40268
40270
40271
40272
40274
40276
40279
40280
40281
40282
40360
40521
40522
40523
40537
40538
40539
40540
40631
40640
40666
40687
40979
41118
41406
41408
41459
41460
41678
41763
41764
41846
41856
41857
41858
41952
41995
42004
42005
42097
42159
42171
42174
42178
42182
42357
42475
42478
42567
42631
42680
42683
42769
42770
42771
42772
42773
42774
42775
42776
42778
42779
42781
42782
42783
42784
42785
42786
42787
42788
42789
42791
42792
42841
42842
42843
42882
43130
43240
43241
43242
43244
43266
43358
43680
43681
43682
43685
43761
43762
43763
43764
44017
44019
44020
44021
44022
44023
44024
44025
44026
44027
44028
44088
44128
44129
44130
44131
44132
44133
44134
44135
44136
44137
44158
44269
44419
44421
44560
44561
44562
44564
44572
44755
45029
45030
45031
45032
45101
45103
45224
45237
45240
45269
45270
45332
45333
45335
45336
45368
45370
45406
45408
45411
45417
45441
45454
45455
45475
45617
45659
45661
45764
45767
45768
45769
45999
46014
46015
46017
46018
46019
46020
46021
46024
46075
46076
46221
46241
46242
46253
46289
46290
46291
46292
46339
46342
46350
46436
46448
46473
46608
46618
46619
46633
46654
46771
46839
46916
46917
46920
46921
46922
46923
46924
46925
46926
46927
46928
46929
46930
46931
46932
46933
46934
46935
46936
46937
46938
46939
46940
46941
46942
46943
47000
47001
47047
47049
47223
47298
47300
47301
47416
47418
47419
47465
47488
47501
47502
47503
47504
47505
47506
47507
47508
47509
47510
47511
47512
47513
47514
47515
47516
47517
47669
47680
47681
47688
47736
47740
47838
47898
47899
47900
47901
47903
47929
47930
47931
47985
48200
48201
48295
48410
48460
48539
48540
48541
48543
48544
48726
48876
48981
49081
49267
49268
49892
49964
50290
50292
50293
50294
50359
50713
50817
50892
50947
50948
51033
51034
51313
51317
51330
51336
51354
51368
51369
51374
51617
51673
51676
51677
51680
52135
52274
52275
52276
52280
52412
52438
52610
52971
52979
52996
53000
53010
53017
53181
53182
53190
53192
53193
53258
53260
53369
53454
53480
53481
53954
53963
53965
53976
53980
53981
53988
53991
54289
54290
54315
54392
55074
55075
55216
55510
55511
55517
55530
55531
55532
55744
55884
55951
55987
56052
56094
56095
56144
56145
56486
56637
56820
56865
56879
56947
56948
56949
57119
57282
57325
57476
57477
57478
57482
57483
57579
57581
57667
57745
57747
57748
57875
58094
58103
58166
58177
58535
58620
59240
59241
59300
59301
59302
59303
59304
59305
59306
59375
59376
59380
59500
59504
59506
59509
59562
59563
59565
59730
59749
59771
59816
59817
59831
59835
60025
60027
60031
60456
60457
60613
60629
60714
60869
60875
60876
60877
60879
60991
60993
61000
61003
61010
61673
61856
62059
62060
62078
62079
62098
62099
62352
62360
62365
62392
62405
62408
62411
62415
62420
62424
62432
62433
62441
62454
62458
62476
62484
62485
62496
62497
62504
62509
62517
62518
62524
62534
62541
62542
62551
62553
62564
62570
62573
62575
62577
62579
62584
62586
62587
62592
62593
62594
62601
62805
63106
63107
63108
63118
63125
63126
63421
63426
63443
63723
63746
64003
64006
64021
64141
64186
64279
64280
64281
64282
64283
64284
64285
64286
64287
64288
64289
64290
64291
64292
64293
64294
64295
64296
64297
64298
64299
64300
64301
64302
64303
64305
64306
64307
64308
64309
64310
64311
64312
64313
64314
64315
64317
64318
64319
64320
64375
64376
64377
64378
64379
64380
64381
64382
64461
64462
64698
64894
64948
64949
64950
64951
64952
64958
65016
65068
65124
65388
65405
65424
65467
65573
65690
65743
65801
66200
66261
66264
66284
66295
66366
66702
66711
66797
66834
67082
67571
67585
67603
67604
67605
67753
67754
67761
67762
67962
68033
68347
68348
68402
68416
68558
68632
68636
68742
68876
68887
68893
68912
69156
69243
69244
69245
69246
69247
69248
69256
69263
69294
69576
69577
69598
69608
69609
69612
69613
69831
69932
69955
69973
69984
69985
69986
69987
70064
70134
70149
70170
70177
70203
70297
70333
70564
70566
70600
70692
70734
70735
70793
70796
70821
70822
70823
70824
70865
71030
71031
71032
71186
71366
71440
71548
71569
71570
71572
71574
71575
71576
71577
71776
71778
71972
72003
72012
72132
72133
72134
72135
72136
72137
72138
72139
72140
72149
72197
72200
72201
72202
72203
72475
72476
72477
72478
72479
72480
72481
72482
72483
72484
72485
72486
72497
72498
72499
72501
72504
72505
72506
72507
72508
72510
72511
72512
72513
72514
72539
72638
72683
72684
72705
72709
72711
72750
73011
73034
73036
73147
73149
73422
73423
73482
73491
73494
73497
73498
73561
73819
73840
74320
74336
74382
74492
74501
74561
74581
74660
74941
75186
75320
75325
75387
75448
75574
75590
75725
75746
75747
75888
75890
75909
75910
75911
75914
75918
75986
76041
76052
76146
76262
76343
76344
76490
76583
76590
76592
76803
76804
76875
76911
76933
77028
77041
77042
77048
77153
77204
77344
77581
77582
77647
77698
77763
77764
77766
77775
77811
77813
77856
77920
78218
78219
78220
78276
78395
78522
78540
78541
79064
79065
79205
79219
79236
79256
79450
79691
79700
79889
79890
79891
79892
79899
79917
79918
79952
79953
79954
80267
80271
80341
80366
80935
80937
80938
80939
80940
80941
80942
81583
81832
81877
81931
82300
82372
82470
82639
82658
82659
82664
82676
82692
82791
82847
83126
83127
83129
83132
83190
83191
83192
83201
83206
83207
83208
83397
83440
83442
83534
83544
83650
83810
83839
83871
83872
83925
83927
83928
84272
84412
84589
84739
84740
85106
85154
85454
85506
85516
85543
85618
85650
85651
85652
85655
85708
85709
85752
85753
85755
86059
86060
86061
86062
86107
86385
86386
86502
86782
87097
87496
87497
87498
87505
87506
87508
87512
87513
87514
87786
88059
88097
88103
88104
88129
88299
88387
88388
88389
88776
88870
89157
89162
89165
89167
89169
89170
89171
89172
89173
89213
89216
89218
89219
89220
89223
89224
89382
89463
89464
89471
89551
89592
89603
89623
90010
90011
90410
90887
90888
90889
90960
90961
90963
91019
91179
91234
91613
91740
91741
91753
91913
92129
92395
92444
92521
92652
92693
92834
92931
92963
93224
93386
93387
93465
93678
93830
93838
93923
93986
94290
94432
94433
94651
94653
94700
94966
94967
95234
95237
95238
95239
95240
95337
95339
95340
95341
95342
95525
95622
95888
96029
96046
96054
96491
96509
96510
96779
96892
97081
97195
97344
97348
97349
97350
97352
97353
97356
97358
97389
97390
97395
97396
97469
98383
98827
98833
98834
98840
98843
99000
99179
99182
99183
99184
99185
99186
99187
99188
99189
99190
99261
99262
99263
99264
99265
99266
99267
99268
99269
99270
99271
99272
99273
99274
99275
99352
99467
99468
99469
99471
99472
99474
99475
99476
99477
99478
99486
99541
99542
99543
99565
99581
99584
99585
99930
100217
100220
100636
100638
100639
100640
100673
100755
100785
100834
100835
100836
100837
100840
100841
100850
100851
100852
100853
100855
100887
100990
101029
101281
101350
101351
101352
101353
101355
101357
101358
101359
101360
101361
101362
101570
101688
101751
101752
101753
101764
101850
101947
102144
102146
102793
102796
102797
102800
102801
103216
103370
103371
103442
103603
103722
103723
103782
103807
103821
103881
103908
103914
103915
103926
104223
104240
104263
104346
104388
104389
104391
104392
104393
104395
104575
104580
104581
104624
104625
104626
104637
104661
104664
104766
105154
105502
105503
105505
105506
105686
106118
106284
106330
106331
106332
106333
106423
106491
106493
106515
106517
106518
106586
106607
106608
106820
106821
106962
106965
106966
107020
107236
107263
107323
107324
107403
107404
107405
107406
107407
107410
107411
107414
107415
107416
107417
107423
107430
107432
107462
107470
107485
107494
107496
107503
107522
107532
107534
107544
107550
107563
107677
107678
107679
107681
107804
108087
108090
108091
108098
108918
109047
109241
109242
109243
109270
109346
109347
109348
109981
109990
109991
110195
110456
110457
110679
110829
110944
111166
111167
111168
111418
111427
111468
111469
111470
111609
111874
111970
112023
112227
112228
112229
112231
112436
112437
112596
113194
113366
113368
113370
113371
113376
113553
114102
114183
114258
114326
114408
114416
114417
114424
114425
114426
114427
114428
114429
114430
114654
114716
114722
114723
114725
114726
114727
114728
114729
114730
114731
114732
114733
114769
114777
114871
114891
114921
114922
114923
114976
115232
115813
115985
115987
115991
115992
116056
116080
116082
116759
117169
117198
117204
117574
117830
118026
118027
118043
118139
118140
118655
118656
119102
119104
119164
119207
119210
119211
119212
119213
119214
119215
119216
119217
119218
119220
119221
119222
119492
119755
119756
119910
120086
120163
120164
120166
120167
120168
120381
120499
120505
120509
120574
120686
120950
121429
121430
121431
121432
121435
121436
121437
121438
121440
121441
121444
121454
121455
121456
121457
121460
121536
121816
122280
122291
122910
122911
122912
122913
122914
122915
122916
122917
122918
122919
122920
122921
122922
122923
122924
122925
122928
122929
123358
123561
123595
123630
123735
123738
123932
124304
124855
125217
125788
126070
126071
126794
126989
127441
127507
127509
127511
127568
127569
127570
127957
127960
128706
128708
128710
128790
128818
128819
128821
128941
128975
128982
128986
128987
129003
129009
129141
129143
129395
129525
129526
129527
129724
129725
129726
129727
129728
129732
129771
129772
129774
129775
129776
129777
129778
129779
129781
129782
129783
129785
129861
129862
129875
129876
129950
129951
129952
129953
129954
129955
129956
130067
130068
130308
130309
130310
130327
130328
130329
130478
130499
130500
130556
130663
130667
130668
130760
130763
131003
131004
131005
131006
131007
131008
131009
131010
131011
131012
131013
131014
131015
131016
131017
131082
131083
131226
131408
131415
131416
132417
132475
132477
132485
132504
132613
132614
132766
132807
132903
132904
132905
133704
133774
133776
133777
133789
133790
134366
134367
134374
134386
134394
134554
134599
134606
134632
134681
134999
135102
135106
135210
135246
135325
135330
135389
135656
135658
135659
135660
135661
135725
135728
135733
135736
135737
135748
135749
135750
135757
135855
136084
136138
136163
136187
136234
136358
136418
136466
136472
136474
136477
136481
136482
136484
136486
136506
136966
137422
137443
137475
137511
137555
137556
137576
137578
137611
137725
137756
137757
137758
137876
137885
137886
137992
138184
138540
138672
138679
138680
138681
138682
138683
138684
138694
138800
138801
138805
138806
138807
138948
138949
138950
138951
138954
138982
139031
139032
139033
139034
139209
139270
139285
139292
139643
139870
139871
139872
139873
139874
140020
140024
140052
140295
140298
140303
140410
140568
140665
141265
141270
141860
141863
141864
141903
141904
142102
142661
142786
142843
142940
142941
142942
142943
142944
142945
142946
142947
142948
142949
142951
142952
143616
143901
143919
143920
143921
144051
144196
144208
144209
144353
144363
144752
145171
145175
145183
145184
145186
145187
145188
145189
145192
145193
145198
145200
145201
145202
145203
145204
145205
145207
145208
145209
145210
145211
145213
145214
145215
145218
145219
145220
145221
145222
145225
145226
145229
145307
145390
145579
145665
145856
146015
146032
146073
146269
146499
146500
146501
146761
146762
147093
147095
147097
147098
147155
147262
147263
147337
147338
147340
147348
147672
147673
147674
147675
147676
147677
147678
147679
147680
147681
147683
147684
147685
147711
147712
147714
147720
147721
147722
147723
147724
147725
147727
147736
147742
147743
147744
147747
147750
147756
147757
147758
147760
147761
147762
147763
147765
148339
148360
148363
148603
148879
148880
148943
149595
149596
150058
150063
150070
150072
150073
150080
150098
150129
150133
150134
150135
150137
150145
150152
150171
150284
150285
150286
150546
150717
150720
150846
150904
150907
151043
151340
151341
151505
151528
151529
151530
151531
151533
151534
151535
151536
151537
151538
151539
151599
152006
152076
152077
152078
152079
152177
152217
152219
152265
152338
152560
152561
152564
152565
152566
152632
152633
152634
152635
152636
153057
153135
153136
153137
153227
153229
153472
153473
153969
153970
154121
154122
154322
154334
154339
154540
154784
154834
155025
155148
155218
155219
155220
155223
155224
155225
155226
155227
155414
155429
155430
155905
155906
155907
156207
156208
156441
156614
156615
156619
156626
156627
156647
156654
156658
156661
156662
156663
156665
156666
156667
156669
156670
156671
156674
156675
156680
156690
156712
156715
156718
156721
156729
156732
156741
156742
156743
156744
156746
156747
156749
156768
156770
156772
156774
156775
156776
156778
156779
156780
156781
156782
156786
156791
156797
156799
156800
156806
156807
156808
156811
156815
156816
156822
156827
156832
156909
157018
157019
157037
157042
157046
157187
157239
157270
157271
157642
157703
157731
157777
157790
157798
157799
157800
157802
157837
157897
157898
157899
157924
158197
158307
158371
158372
158463
158464
158465
158474
158476
158477
158611
158632
158634
158635
158636
158639
158642
158683
158684
158919
159079
159081
159082
159084
159122
159132
159137
159138
159139
159140
159141
159142
159143
159144
159145
159146
159147
159149
159150
159151
159152
159153
159183
159201
159231
159252
159253
159312
159468
159469
159480
159481
159482
159486
159602
159603
159604
160235
160358
160484
160691
160750
160753
160796
160841
160842
160843
160844
161015
161239
161240
161378
161494
161501
161502
161504
161600
161675
161716
161728
161729
161730
161736
162013
162145
162161
162277
162387
162499
162500
162507
162508
162510
162517
162529
162533
162536
163012
163325
163654
163655
163777
164038
164041
164043
164125
164246
164247
164249
164253
164254
164255
164256
164325
164416
164518
164522
164523
164554
164556
164557
164558
164560
164561
164564
164565
164567
164751
164992
165102
165104
165229
165232
165235
165238
165239
165241
165242
165244
165246
165247
165248
165250
165252
165420
165429
165432
165509
165510
165511
165512
165513
165516
165527
165803
165826
166056
166122
166123
166124
166921
166940
166942
166948
166951
166961
166963
167018
167019
167020
167021
167124
167127
167129
167132
167158
167159
167160
167161
167320
167321
167322
167323
167324
167325
167326
167327
167328
167329
167330
167331
167478
167634
167676
167786
167927
167947
168014
168023
168038
168041
168042
168044
168047
168135
168228
168229
168233
168234
168235
168238
168260
168261
168262
168264
168278
168284
168586
169066
169102
169104
169105
169159
169160
169161
169162
169165
169166
169167
169169
169171
169173
169174
169398
169533
169682
169683
169684
169687
169689
169691
169693
169696
169864
169865
169959
169967
169974
170325
170341
170342
170343
170344
170500
170503
170516
170517
170523
170524
170525
170526
170527
170528
170529
170617
170618
170621
170646
170748
170756
170763
170767
170768
170771
170778
170795
170797
170849
170954
170965
171005
171230
171264
171370
171371
171422
171615
171618
171661
171662
171663
171720
171834
171835
171836
171837
171838
171839
171840
171841
171842
171843
171844
171845
171847
171848
171849
171850
171852
171853
171854
171855
171856
171857
171858
171859
172022
172027
172038
172039
172148
172149
172150
172220
172278
172296
172297
172314
172316
172385
172386
172387
172390
172391
172392
172394
172395
172653
172667
172852
172853
172856
172857
172858
172859
172860
172861
172862
172863
172864
172932
173082
173087
173443
173473
173474
173475
173476
173477
173527
173566
173572
173573
173574
173575
173707
173712
173714
173717
173720
173722
173723
173724
173824
173829
173830
173831
173916
173917
173919
173921
173923
173924
173926
173927
173928
173930
173931
173932
173976
174003
174142
174178
175567
175568
175569
175814
175816
175848
175950
176100
176106
176651
176652
176654
176655
176656
176671
176673
176674
176676
176677
177065
177066
177067
177069
177117
177123
177124
177125
177126
177127
177128
177130
177132
177133
177136
177137
177140
177188
177190
177311
177316
177326
177331
177343
177344
177348
177351
178276
178354
178530
178534
178581
178584
178589
178598
178599
178773
178830
178881
179237
179239
179240
179241
179532
179708
179820
179877
179986
180165
180166
180167
180168
180169
180170
180230
180252
180255
180399
180503
180504
180526
180544
180586
180587
180816
180822
180903
181003
181007
181082
181083
181084
181085
181086
181087
181208
181209
181485
181522
181604
181667
181669
181858
182093
182275
182452
182494
182781
182782
182788
182835
182851
183405
183407
183516
183517
183584
183585
183664
183665
183666
183667
183727
183734
183764
183769
183771
183777
183778
183779
183780
183781
183782
183783
183784
183786
183787
183991
184001
184002
184005
184006
184008
184009
184010
184011
184012
184013
184020
184021
184610
184750
184751
184974
185017
185237
185579
185580
185636
185637
185638
185639
185692
185750
185751
185752
185753
185754
185756
185757
185758
185759
185782
185783
185786
185788
185793
185880
185889
185890
185891
185892
185893
185894
185895
185896
185897
185898
185899
185900
185901
185902
185903
185904
185905
185906
185907
185908
185909
185910
185911
185912
185913
185914
185915
185916
185917
185918
185919
185920
185921
185922
185923
185924
185925
185926
185927
185928
185929
185930
185931
185932
185933
185934
185935
185936
185937
185938
185939
185940
185941
185942
185943
185944
185945
185946
185954
185955
185959
186152
186153
186156
186160
186165
186166
186167
186168
186187
186371
186373
186457
186458
186460
186532
186533
186534
186536
186537
186538
186539
186540
186541
186616
186617
186636
186637
186642
186643
186665
186666
186667
186670
186677
186764
186765
186766
186767
186768
186769
186772
186777
186778
186783
186786
186789
186794
186805
186810
186815
186844
186845
186846
186886
186914
186938
187161
187162
187163
187164
187166
187167
187168
187171
187212
187213
187214
187217
187218
187388
187397
187401
187402
187678
187764
187850
187943
187944
187977
187978
187984
188141
188333
188350
188538
188539
188763
188884
188885
188886
188887
188938
189458
189819
189820
189830
189831
189836
189947
190059
190060
190061
190062
190063
190064
190065
190238
190388
190478
190503
190729
190808
190809
190810
190811
190890
191031
191032
191089
191090
191091
191092
191094
191288
191289
191436
191460
191463
191531
191547
191548
191766
192021
192023
192025
192026
192027
192196
192197
192199
192203
192452
192535
192536
192537
192538
192539
192545
192548
192549
192550
192578
192581
192584
192694
192706
192709
192711
192714
192720
192721
192722
192773
192777
192782
192971
192973
193118
193119
193120
193121
193122
193152
193157
193158
193211
193229
194397
194422
194440
194441
194443
194445
194540
194603
194609
194611
194613
194630
194647
194652
194675
194699
194701
194802
194851
194948
194949
194958
194959
194960
194961
194965
194966
195055
195056
195059
195060
195062
195063
195471
195476
195477
195478
195480
195700
195702
196089
196093
196094
196095
196194
196242
196375
196398
196399
196400
196403
196425
196426
196427
196432
196433
196434
196435
196436
196437
196438
196439
196440
196441
196443
196444
196445
196446
196447
196448
196451
196452
196455
196596
196597
196937
197012
197112
197311
197314
197576
197577
197578
197579
197580
197581
197582
197583
197584
197585
197586
197587
197771
197772
197778
197780
197781
197783
197873
197911
197912
197913
198038
198052
198058
198061
198068
198110
198112
198128
198310
198421
198503
198538
198539
198540
198542
198543
198589
198595
198597
198599
198600
198601
198607
198608
198612
198833
198932
199303
199308
199342
199343
199344
199345
199346
199347
199348
199350
199351
199352
199356
199357
199358
199359
199361
199362
199365
199366
199367
199368
199369
199371
199372
199373
199587
199703
199704
200154
200233
200255
200392
200399
200401
200402
200403
200404
200480
200685
200913
201352
201489
201490
201491
201492
201493
201494
201495
201496
201497
201847
201862
201996
201997
202250
202252
202273
202496
202566
202567
202568
202812
202813
202910
203126
203134
203136
203138
203139
203168
203172
203173
203174
203188
203224
203225
203227
203228
203229
203231
203232
203233
203380
203820
204016
204023
204073
204086
204090
204269
204270
204440
204478
204507
204519
204711
204729
204734
204819
204827
204836
204849
204859
204873
204928
204929
204932
204933
204987
205005
205323
205355
205472
205798
205868
205869
205870
205872
205874
205875
205876
205877
205879
205880
205895
205896
205898
205899
205908
205909
205910
205911
205947
205952
205953
205955
205956
206036
206037
206038
206039
206060
206062
206102
206103
206156
206160
206161
206181
206183
206198
206199
206207
206217
206218
206369
206376
206377
206378
206392
207240
207241
207242
207247
207251
207253
207343
207401
207597
207656
207657
207658
207678
207679
207697
207818
207819
207821
207822
207823
207828
207830
208013
208084
208086
208177
208292
208294
208303
208491
208509
208726
208893
208895
208896
208897
208898
208973
209045
209052
209055
209056
209057
209058
209061
209062
209063
209152
209266
209529
209642
209782
209783
209786
209844
209849
209851
209854
210016
210023
210025
210026
210168
210624
210655
210656
210658
210659
210660
210661
210662
210663
210665
210666
210667
210668
210669
210670
210671
210672
210673
210752
210754
210759
210769
210827
210928
211044
211787
211866
211901
211902
211903
211904
211905
211906
211907
211908
211909
211910
211911
211977
212035
212102
212424
212435
212436
212453
212718
212719
212720
212721
212722
212723
212724
212725
212726
212727
212728
212729
212730
213034
213236
213633
213769
213770
213774
213775
213776
213778
213779
213780
213781
213782
213888
213998
214439
214826
214828
214829
214830
214831
214879
214882
215158
215167
215285
215289
215290
215291
215293
215294
215295
215298
215300
215301
215680
215681
215796
215851
215852
215853
215854
215855
215872
215879
215882
215894
215901
215907
215909
215920
216370
216371
216614
216615
216877
216928
217160
217166
217167
217362
217429
217536
217615
217616
217686
217712
217713
217714
217719
217721
217723
217724
217725
217811
217821
217823
217825
217831
217834
217836
217906
217911
217917
217931
218120
218282
218283
218667
218845
218849
218923
219164
219174
219292
219299
219300
219447
219584
219585
219589
219591
219596
219632
219635
219639
219640
219642
219644
219645
219646
219702
219704
219744
220339
220340
220501
220608
220638
220812
220813
220814
220931
220932
220934
220935
220940
220941
220943
220944
220951
220954
220956
220959
220962
220963
220968
220969
220970
220972
220974
220978
220979
220984
220999
221001
221002
221005
221007
221008
221010
221012
221013
221014
221015
221016
221017
221019
221021
221022
221023
221024
221029
221036
221037
221054
221113
221115
221118
221119
221244
221245
221246
221262
221523
221524
221528
221529
221532
221537
221539
221541
221542
221543
221685
221689
221690
221703
221915
221916
221917
221918
221934
221938
221982
221984
221985
221986
221993
222059
222061
222064
222070
222073
222074
222075
222076
222077
222078
222079
222140
222142
222144
222145
222146
222441
222445
222446
222447
222450
222456
222459
222463
222464
222474
222475
222554
222556
222557
222645
222721
222722
222728
222731
222740
222753
222754
222757
222762
222768
222769
222770
222772
222773
222774
222887
222888
222889
223252
223253
223255
223256
223259
223260
223261
223262
223263
223264
223265
223266
223268
223269
223270
223271
223272
223273
223275
223276
223281
223282
223284
223285
223286
223287
223288
223289
223290
223291
223292
223293
223295
223299
223301
223302
223303
223305
223307
223312
223313
223314
223316
223317
223321
223323
223324
223328
223332
223333
223334
223336
223337
223342
223343
223344
223345
223346
223347
223348
223349
223350
223351
223352
223354
223356
223358
223359
223362
223363
223524
223769
223930
223935
223941
223947
223951
223997
224197
224199
224202
224203
224204
224206
224310
224311
224399
224578
224583
224820
224825
224959
224976
225067
225086
225087
225090
225091
225093
225097
225098
225588
225725
225726
225752
225962
225976
225978
225979
226084
226582
226584
226613
226618
226619
226620
226625
226632
226633
226635
226645
226647
226649
226654
226655
226656
226657
226660
226662
227125
227127
227134
227135
227136
227137
227293
227294
227304
227305
227307
227451
227452
227470
227506
227507
227509
227514
227516
227720
227731
227940
227984
228072
228074
228075
228177
228277
228330
228404
228406
228407
228409
228415
228578
228579
228580
228582
228675
228747
228897
228928
229030
229055
229149
229206
229401
229634
229636
229907
229992
230108
230158
230161
230176
230177
230285
230286
230457
230458
230460
230461
230471
230493
230604
230871
231395
231513
231515
231516
231517
231518
231519
231520
231851
231853
231854
231855
231856
231858
231859
231981
231992
232107
232130
232234
232237
232380
232434
232435
232437
232441
232541
232545
232547
232548
232550
232552
232795
232799
232800
232802
232818
232819
232820
232824
232827
232830
232835
233044
233048
233049
233050
233051
233194
233585
233784
233883
233884
233885
233886
233887
233888
233889
233890
233894
234600
234601
234603
234604
234829
235091
235102
235106
235123
235126
235128
235136
235173
235201
235265
235266
235347
235406
235411
235413
235434
235455
235456
235457
235458
235544
235994
236210
236244
236486
236750
236987
237020
237640
237716
237902
237914
237915
238099
238100
238101
238102
238103
238817
238845
238854
238892
238893
238968
239239
239243
239364
239720
239758
240263
240266
240268
240269
240271
240273
240426
240492
240513
240550
240552
240555
240557
240559
240592
240594
240708
240865
241433
241434
241436
241525
241630
241631
241651
241654
241655
242130
242328
242380
242381
242521
242527
242707
242710
242711
242861
243531
243535
243540
243550
243551
243560
243563
243678
244050
244310
244589
244590
244948
244950
245072
245101
245685
245843
246160
246208
246212
246217
246220
246221
246280
246343
246818
246878
247080
247149
247268
247269
247487
247507
248053
248054
248056
248058
248059
248060
248062
248252
248496
248909
248910
248911
248912
248913
248914
248915
248942
249055
249056
249062
249063
249064
249065
249066
249071
249073
249074
249080
249084
249151
249184
249185
249190
249199
249310
249370
249371
249372
249373
249583
249584
249585
249588
249589
251095
251096
251297
251299
251749
251774
252234
252468
252584
252602
252654
253182
253251
253435
253446
253450
253451
253454
253457
253634
253675
253676
253677
253679
253681
253682
253685
253687
253688
253689
253690
253692
253693
253700
253701
253702
253923
254249
254252
254253
254254
254355
254397
254398
254711
254946
255066
255131
255194
255216
255221
255222
255223
255224
255225
255226
255227
255228
255229
255231
255232
255238
255255
255330
255363
255364
255431
255520
255521
255587
255685
255696
255721
255729
255730
256044
256045
256049
256050
256052
256130
256548
256591
256729
256802
256817
256962
256994
257463
257464
257468
257469
257630
257631
257816
258040
258041
258043
258445
258446
258453
258471
258781
258922
258962
258964
259389
259538
259828
259838
259898
259901
259931
260012
260021
260024
260047
260069
260120
260121
260149
260372
260373
260374
260375
260377
260378
260379
260479
260584
260586
260683
260684
260716
260717
260797
260798
260810
260813
260827
260904
260907
260908
260909
260963
260964
261202
261204
261665
261666
261726
261939
262167
262168
262169
262170
262171
262172
262173
262174
262175
262176
262177
262225
262307
262584
262588
262789
262790
262809
262817
262855
262881
262893
262896
262897
262957
262962
262963
262968
263001
263004
263363
263374
263375
263386
263509
263531
263532
263577
263578
263595
263596
263598
263599
263793
263891
263892
263950
264076
264370
264376
264381
264484
264490
264518
264653
264727
264729
264832
264836
264986
264987
264998
265022
265122
265124
265294
265522
265877
265963
266093
266147
266148
266799
266801
266827
266828
266829
267285
267383
267387
267391
267392
267395
267396
267398
267399
267563
267564
267784
267821
267970
268305
268316
268317
268318
268319
268320
268322
268325
268328
268329
268331
268336
268338
268341
268342
268585
268586
268587
268588
268589
268590
268591
268746
268747
268748
268778
268780
268782
268783
268784
268785
268786
268787
268789
268832
268956
268957
268958
268959
268960
268961
268965
268967
268969
269095
269096
269099
269100
269101
269102
269103
269104
269105
269106
269108
269111
269145
269213
269274
269275
269276
269277
269301
269305
269339
269447
269448
269638
269725
270117
270140
270142
270143
270144
270145
270146
270148
270149
270150
270151
270152
270153
270161
270182
270227
270229
270230
270255
270256
270257
270473
270478
270481
270482
270483
270485
270487
270490
270494
270642
270673
270687
270904
270905
270906
270908
271070
271071
271073
271101
271103
271105
271106
271108
271109
271111
271115
271164
271257
271479
271647
272551
272580
272583
272608
272636
272751
272871
272875
272879
272882
272886
272888
272890
272891
272894
272895
273001
273021
273133
273303
273305
273341
273342
273343
273344
273345
273346
273347
273348
273349
273352
273354
273355
273356
273357
273358
273359
273360
273361
273514
273516
273517
273522
273525
273651
273794
273795
273810
274495
274584
274827
274828
274829
274830
274831
274832
274833
274834
274835
274836
274837
274838
274839
274840
274841
274842
274843
274844
274845
274846
274848
277944
278008
278069
278130
278193
278675
278812
279006
279072
279150
279154
279207
279233
279280
279281
279303
279306
279329
279330
279333
279334
279337
279339
279383
279390
279394
279395
279530
279538
279539
279540
279728
279803
279896
280049
280050
280581
280582
280585
280701
280702
280756
280757
280855
281051
281492
281717
281924
281945
281946
281947
281963
281966
281967
281969
281972
281975
281976
282066
282117
282119
282120
282121
282122
282124
282127
282128
282133
282134
282148
282149
282156
282188
282345
282663
282712
282713
282785
282786
282853
282862
282897
282898
282914
282954
282955
282956
282961
282962
282963
282965
282968
282971
282975
282977
283067
283068
283069
283073
283076
283349
283494
283675
283824
283876
283957
284052
284164
284168
284169
284170
284172
284173
284176
284177
284178
284180
284181
284184
284186
284193
284195
284198
284204
284207
284208
284209
284211
284213
284214
284215
284218
284220
284221
284241
284468
284473
284503
284515
284523
284672
284687
284688
284689
285013
285018
285020
285021
285023
285262
285267
285418
285423
285662
285945
285946
285949
285956
285967
285986
286072
286227
286236
286241
286262
286263
286264
286265
286266
286272
286279
286281
286284
286285
286286
286287
286292
286293
286294
286295
286296
286540
286541
286542
286543
286545
286546
287018
287054
287411
287412
287413
287424
287426
287427
287428
287432
287433
287434
287436
287437
287438
287439
287441
287443
287447
287451
287733
287736
287865
287866
288028
288117
288118
288456
288580
288583
288620
288891
288956
288958
288959
289183
289236
289326
289330
289339
289341
289342
289344
289346
289349
289356
289365
289366
289367
289505
289512
289999
290005
290008
290028
290030
290031
290057
290090
290254
290255
290280
290303
290314
290499
290500
290542
290543
290544
290547
290556
290557
290587
290849
291027
291028
291039
291175
291270
291286
291365
291367
291484
291588
291589
291590
291592
291612
291613
291829
291837
291841
291843
292029
292032
292033
292034
292036
292037
292038
292039
292040
292041
292043
292044
292045
292046
292047
292048
292049
292052
292208
292278
292443
292472
292476
292477
292510
292511
292589
292591
292626
292627
292633
292638
292639
292724
292725
292792
293061
293090
293178
293284
293321
293544
293557
293644
293819
293820
293933
293934
293935
293936
293992
294363
294365
294369
294371
294382
294631
294828
294993
295013
295020
295090
295670
295671
295709
295710
295712
295717
296145
296148
296178
296190
296210
296738
297248
297249
297254
297724
297793
298129
298322
298331
298333
298334
298337
298338
298599
298601
298603
298650
298706
298707
298711
298713
298715
298716
298903
298910
298915
298917
298941
298945
298947
298949
298965
298969
298970
298971
298974
298975
298976
298977
299129
299200
299327
299333
299335
299463
299474
299619
299647
299731
299733
299735
299736
299807
300175
300180
300186
300187
300188
300189
300190
300203
300204
300411
300562
300563
300647
300714
300715
300716
300717
300724
300727
300732
300740
300748
300749
300750
300753
300879
300942
301027
301047
301372
301374
301599
301864
301865
301961
301962
302069
302070
302099
302100
302274
302277
302304
302310
302341
302450
302838
302840
303316
303317
303923
303924
304193
304218
304222
304297
304337
304342
304359
304360
304362
304365
304368
304399
304859
304890
304932
304946
304950
304956
304958
304959
304969
304970
304972
304975
304987
304991
304997
305032
305034
305041
305044
305045
305050
305417
305491
305674
305676
305677
305785
305805
305811
305814
305853
306025
306276
306323
306536
306552
306586
306587
306588
307044
307110
307111
307164
307197
307240
307443
307444
307448
307451
307452
307453
307454
307456
307457
307458
307459
307460
307461
307463
307464
307466
307467
307468
307469
307470
307476
307622
307671
307677
307795
307808
307809
307811
307812
307813
307898
307903
307997
308062
308159
308418
308425
308703
308705
308706
308707
308714
308716
308725
308906
308911
308912
309181
309368
309385
309390
309405
309406
309433
309542
309833
309834
309836
309837
310103
310539
310540
310680
310684
310741
310750
310756
310907
310911
310953
311156
311158
311162
311163
311164
311165
311166
311167
311168
311170
311171
311174
311175
311176
311179
311221
311225
311226
311227
311228
311229
311245
311246
311247
311374
311379
311415
311488
311554
311579
311581
311582
311583
311586
311587
311588
311589
311591
311592
311598
311604
311606
311609
311611
311612
311616
311617
311621
311623
311625
311626
311629
311630
311633
311634
311637
311640
311643
311644
311645
311647
311650
311651
311652
311654
311655
311659
311660
311661
311662
311664
311666
311667
311668
311670
311674
311678
311683
311684
311685
311686
311694
311695
311697
311699
311701
311704
311707
311710
311711
311712
311714
311715
311719
311721
311722
311732
311736
311738
311739
311740
311743
311749
311753
311754
311757
311759
311760
311763
311764
311767
311769
311770
311771
311772
311774
311775
311776
311777
312008
312009
312027
312033
312034
312035
312185
312273
312274
312275
312295
312349
312998
313599
313629
314021
314489
314535
314537
314538
314539
315266
315392
315393
315431
315713
315953
316106
316618
316620
316623
316983
317026
317027
317288
317414
317626
317631
317633
317657
317718
317719
317720
317857
317858
317878
318279
318416
318490
318558
318563
318564
318565
318566
318567
318568
318569
318570
318571
318592
318593
318594
318595
318596
318831
318834
318835
318836
318840
318842
318843
318844
318845
318848
318849
318852
319101
319104
319105
319131
319215
319223
319460
319522
319747
319748
319837
319842
319843
319845
319846
319847
319849
319850
319851
319852
319853
319854
319855
319857
319858
319861
319862
319863
319867
319868
319875
319876
319879
319885
319889
319893
319894
319896
319900
319901
319904
319906
319908
319911
319914
319915
319916
319917
319963
320045
320122
320306
320432
320438
320831
320832
320834
320835
320836
320837
320839
320840
320841
320842
320843
320844
320845
320846
320847
320848
320849
320850
320856
320883
320884
320885
321023
321285
321291
321294
321295
321298
321302
321613
321842
321933
322018
322019
322053
322067
322073
322308
322320
322358
322593
322644
322836
322855
323118
323225
323226
323231
323363
323364
323824
324684
324685
324686
324900
324901
324902
324913
325111
325113
325212
325252
325253
325348
325444
325445
325446
325447
325454
325455
325456
325457
325458
325459
325461
325462
325568
325571
325675
325676
325678
326036
326037
326124
326172
326198
326202
326249
326484
326485
326487
326488
326489
326490
326574
326811
326856
326869
326876
326882
326941
327045
327046
327106
327107
327108
327163
327168
327172
327175
327176
327178
327181
327186
327191
327194
327197
327203
327204
327207
327263
327280
327299
327306
327310
327311
327315
327317
327375
327386
327387
327392
327794
327822
327825
327830
327947
327984
327987
328061
328326
328329
328330
328429
328430
328431
328458
328459
328460
328469
328474
328483
328486
328509
328613
328614
328615
328622
328627
328668
328670
328671
328678
328679
328680
328681
328682
328683
328685
328686
328694
328709
328729
328733
328734
328736
329048
329049
329119
329156
329157
329158
329160
329164
329182
329183
329254
329285
329288
329290
329294
329359
329366
329372
329376
329381
329384
329385
329393
329397
329400
329585
329593
329594
329595
329596
329597
329598
329599
329600
329602
329603
329604
329605
329606
329607
329608
329609
329611
329612
329613
329614
329615
329639
329641
329684
329685
329689
329823
329836
329840
329846
329852
329853
329861
329862
329864
329886
330379
330381
330383
330395
330396
330397
330398
330399
331116
331278
331624
331627
331642
331976
332032
332054
332090
332096
332097
332179
332192
332202
332470
332471
332585
332587
332588
332720
332733
332738
332741
332743
332746
332747
332837
332844
332857
332863
332868
332870
332872
332884
332888
332889
332896
332934
332937
332938
332939
332940
332942
333047
333143
333161
333162
333163
333181
333184
333186
333195
333196
333205
333224
333227
333229
333234
333238
333240
333252
333254
333263
333272
333273
333274
333276
333277
333278
333291
333293
333347
333348
333361
333365
333366
333675
333743
333750
333751
333752
333753
333754
333757
333759
333760
333761
333762
333763
333764
333765
333766
333767
333769
333770
333771
333772
333774
333918
333919
333920
333921
333922
333923
333924
333926
333928
333929
333930
333931
333933
333938
333941
333968
333982
334186
334188
334197
334202
334203
334204
334205
334207
334208
334209
334210
334211
334212
334213
334425
334447
334448
334514
334520
334521
334523
334591
334778
334782
334856
335100
335102
335103
335187
335204
335301
335303
335307
335316
335318
335331
335333
335339
335341
335342
335343
335344
335348
335354
335356
335366
335367
335368
335369
335398
335399
335400
335404
335484
335550
335795
335797
335811
335812
335924
335963
336009
336010
336012
336013
336060
336063
336064
336065
336066
336067
336096
336097
336206
336207
336219
336220
336222
336223
336242
336247
336248
336249
336370
336371
336374
336376
336392
336448
336449
336476
336486
336487
336619
336620
336621
336633
336634
336635
336639
336705
336724
336735
336741
336749
336792
336793
336795
336797
336798
336799
336871
336959
336960
336961
336962
336987
337039
337041
337042
337043
337044
337048
337049
337050
337051
337052
337054
337309
337311
337312
337450
337590
337593
337596
337597
337602
337610
337611
337612
337616
337823
337824
337826
337827
337896
337956
338079
338099
338101
338102
338103
338105
338106
338107
338108
338109
338110
338111
338112
338113
338114
338115
338116
338117
338118
338119
338120
338121
338122
338123
338124
338125
338126
338127
338128
338129
338130
338131
338132
338133
338134
338135
338136
338137
338138
338140
338322
338323
338324
338326
338327
338345
338473
338478
338562
338605
338781
338858
338859
338882
338903
339165
339351
339419
339420
339564
339566
339570
339571
339847
339965
340003
340007
340013
340016
340017
340018
340054
340061
340093
340141
340187
340194
340195
340196
340434
340896
340907
340921
340955
341034
341035
341038
341053
341110
341111
341112
341113
341167
341207
341226
341227
341670
341671
341673
341685
341698
341699
341700
341711
341712
341713
341721
341730
341834
341844
341850
341859
341862
341864
341883
341885
341886
341895
341908
341911
341938
341939
341940
341941
341942
341945
341955
341957
341958
342091
342106
342107
342121
342122
342123
342139
342150
342151
342160
342168
342184
342186
342188
342192
342196
342215
342217
342221
342222
342224
342373
342409
342410
342473
342474
342476
342478
342479
342481
342486
342493
342494
342495
342496
342498
342499
342500
342502
342507
342509
342515
342516
342519
342525
342526
342527
342528
342530
342535
342537
342539
342540
342541
342542
342544
342545
342547
342548
342550
342552
342553
342564
342566
342596
342940
342941
343463
343513
343515
343516
343865
343866
343867
343870
343949
344005
344021
344022
344193
344194
344196
344219
344417
344593
344595
344596
344701
344703
344866
344889
344892
344898
344899
344904
344905
344970
344971
345030
345184
345195
345196
345197
345198
345199
345201
345202
345203
345249
345250
345295
345296
345297
345299
345307
345582
345584
345585
345690
345921
345922
346048
346173
346175
346178
346646
346647
346648
346672
346673
346674
346881
346882
346883
346884
346932
347219
347227
347324
347325
347326
347327
347328
347329
347330
347482
347514
347536
347537
347814
347956
347957
347958
347962
348008
348009
348010
348011
348013
348014
348018
348026
348058
348094
348095
348096
348097
348136
348137
348296
348306
348386
348449
348531
348599
348600
348626
348643
348648
348652
348653
348663
348686
348769
348771
348794
348795
348799
348800
348822
348823
348894
348904
348920
348921
348935
348985
348988
349012
349044
349066
349172
349258
349260
349261
349262
349329
349342
349344
349370
349399
349463
349563
349564
349681
349682
349683
349686
349691
349692
349944
349945
349974
349975
350104
351032
351033
351034
351035
351037
351047
351048
351049
351053
351054
351073
351152
351246
351250
351251
351252
351253
351254
351256
351257
351258
351259
351260
351261
351262
351263
351266
351267
351270
351271
351272
351273
351277
351281
351364
351424
351425
351426
351427
351428
351495
351517
351520
351680
351707
351708
351710
351732
351765
351808
351875
351879
351889
351891
351895
351900
351906
351907
351909
351992
352000
352034
352046
352209
352210
352235
352236
352244
352246
352248
352256
352257
352258
352259
352348
352350
352375
352474
352476
352511
352512
352515
352520
352522
352523
352524
352525
352530
352531
352540
352543
352545
352546
352547
352548
352549
352550
352551
352552
352553
352554
352555
352557
352559
352561
352564
352566
352568
352569
352571
352572
352575
352576
352577
352578
352586
352587
352589
352591
352592
352593
352598
352600
352602
352604
352606
352609
352610
352614
352621
352628
352629
352634
352635
352636
352639
352640
352641
352642
352644
352648
352649
352650
352651
352655
352656
352658
352660
352662
352663
352665
352667
352669
352670
352671
352673
352674
352675
352676
352677
352679
352683
352689
352691
352692
352693
352695
352704
352706
352708
352709
352710
352711
352715
352716
352717
352720
352722
352728
352729
352731
352735
352736
352737
352738
352739
352740
352744
352748
352752
352755
352756
352757
352760
352764
352765
352769
352770
352771
352772
352773
352774
352775
352776
352777
352778
352781
352785
352786
352790
352792
352848
352850
352882
352883
352885
352887
352888
352889
352924
352925
352926
352927
353207
353209
353210
353212
353245
353252
353289
353294
353297
353306
353308
353310
353316
353320
353323
353330
353339
353341
353342
353343
353348
353354
353357
353362
353365
353366
353367
353376
353377
353383
353388
353392
353393
353405
353415
353416
353417
353418
353420
353421
353425
353426
353428
353429
353434
353439
353443
353452
353461
353465
353472
353486
353633
353639
353768
353769
353825
354085
354090
354227
354228
354231
354232
354233
354234
354235
354260
354328
354348
354350
354461
354462
354463
354464
354465
354466
354468
354554
354555
354562
354563
354564
354572
354573
354575
354577
355235
355238
355245
355246
355294
355303
355305
355307
355313
355472
355475
355476
355481
355485
355486
355488
355498
355500
355501
355502
355503
355504
355505
355506
355507
355508
355510
355624
356113
356114
356115
356127
356349
356350
356355
356380
356386
356387
356388
356390
356391
356410
356412
356413
356414
356416
356417
356418
356420
356422
356423
356424
356425
356426
356427
356466
356467
356468
356469
356623
356630
356663
356664
356862
357204
357205
357207
357209
357210
357212
357213
357231
357250
357252
357255
357256
357259
357260
357355
357488
357492
357599
357990
358008
358077
358104
358182
358183
358213
358215
358403
358575
358576
358577
358578
358579
358580
358581
358582
358764
358768
358769
358770
358792
358805
358812
359302
359323
359919
359942
359943
359944
359947
359948
359961
359962
359987
359996
360001
360006
360164
360251
360255
360256
360257
360260
360264
360271
360273
360397
360398
360575
360576
360577
360578
360579
360580
360638
360722
361231
361232
361234
361237
361688
361696
361697
361698
361723
361731
361737
362246
362398
362399
362692
362693
362698
362784
362830
362866
362905
363020
363027
363030
363034
363038
363043
363047
363050
363053
363054
363055
363059
363063
363065
363067
363070
363074
363076
363083
363084
363085
363087
363088
363089
363090
363094
363095
363097
363112
363116
363117
363119
363122
363126
363129
363130
363131
363134
363135
363136
363138
363140
363141
363149
363150
363151
363153
363159
363160
363161
363163
363165
363166
363168
363169
363170
363171
363191
363228
363231
363555
363628
363744
363745
363747
363800
364121
364122
364126
364128
364132
364137
364138
364158
364320
364370
364412
364415
364416
364634
364745
364954
364957
364961
364965
364982
364983
365005
365047
365048
365068
365070
365073
365077
365080
365082
365085
365088
365090
365091
365092
365094
365095
365099
365103
365104
365107
365108
365114
365116
365119
365120
365121
365122
365124
365128
365129
365130
365132
365137
365139
365144
365150
365327
365495
365496
365497
365500
365502
365503
365504
365505
365506
365507
365509
365510
365511
365521
365523
365620
366461
366617
366686
366920
367021
367023
367061
367120
367121
367134
367153
367154
367300
367301
367398
367399
367400
367682
367715
367760
367770
367797
367798
367850
367867
367897
367898
367975
367976
367985
367991
367993
367995
368453
368617
368620
368704
368710
368711
368715
368716
368735
368736
368797
368798
368859
369257
369437
369452
369453
369457
369471
369581
369584
369643
369752
369762
369763
369764
369765
369766
369773
369917
369954
369955
369956
369960
369963
369964
369965
369966
370037
370128
370129
370133
370134
370135
370136
370137
370138
370139
370140
370142
370144
370145
370146
370147
370148
370150
370151
370152
370153
370154
370155
370158
370159
370161
370162
370167
370169
370171
370174
370176
370177
370178
370179
370182
370184
370189
370191
370197
370198
370199
370200
370202
370203
370204
370207
370208
370210
370217
370218
370220
370222
370224
370226
370227
370228
370229
370230
370231
370235
370236
370237
370290
370477
370479
370481
370482
370483
370484
370485
370492
370496
370498
370499
370500
370505
370510
370511
370512
370517
370518
370529
370534
370535
370623
370810
370811
370812
370813
370819
370820
370830
370833
370847
370848
370856
370858
371078
371079
371082
371201
371202
371203
371204
371206
371207
371208
371209
371210
371211
371212
371213
371214
371215
371216
371218
371219
371220
371221
371222
371223
371224
371225
371226
371227
371228
371229
371230
371231
371232
371233
371234
371401
371403
371412
371413
371715
371730
371735
371736
371737
371833
372234
372255
372443
372457
372588
372624
372630
372646
372784
372785
373035
373058
373126
373133
373193
373195
373320
373321
373322
373371
373372
373373
373398
373403
373404
373405
373406
373407
373408
373409
373410
373411
373412
373413
373414
373415
373416
373506
373507
373508
373513
373601
373603
373604
373605
373607
373608
373610
373628
373859
373861
373862
373996
374003
374078
374160
374404
374405
374406
374407
374408
374411
374413
374414
374416
374421
374422
374423
374436
374437
374438
374439
374441
374442
374443
374448
374467
374507
374526
374527
374778
374842
374900
374901
374987
374988
374997
375003
375009
375032
375034
375039
375040
375048
375056
375057
375192
375198
375354
375355
375358
375359
375360
375425
375457
375546
375547
375592
375593
375595
375598
375603
375605
375607
375608
375610
375611
375613
375614
375615
375616
375617
375620
375621
375625
375626
375629
375631
375632
375633
375635
375638
375639
375640
375641
375721
375725
375732
375733
375741
375753
376147
376148
376188
376193
376612
376615
376616
376721
376722
376744
376745
376758
376820
376848
376849
376850
376852
376853
376854
376900
377461
377462
377463
377609
377610
377611
377612
377613
377622
377627
378124
378127
378129
378130
378131
378132
378133
378141
378143
378146
378147
378153
378154
378155
378157
378158
378159
378160
378161
378264
378383
378506
378507
378547
378549
378809
378830
378831
378833
379081
379329
379427
379432
379434
379444
379445
379453
379501
379529
379728
379729
379730
379740
379741
379744
379746
379747
379748
379753
379756
379757
379758
379891
379892
379963
379964
380045
380135
380136
380137
380138
380139
380140
380141
380143
380144
380145
380160
380178
380186
380191
380197
380210
380212
380213
380216
380217
380218
380219
380220
380222
380223
380252
380281
380282
380283
380284
380285
380286
380287
380293
380294
380296
380297
380298
380299
380301
380302
380305
380307
380308
380309
380328
380329
380330
380331
380332
380333
380334
380335
380337
380339
380340
380341
380342
380343
380344
380346
380347
380348
380349
380350
380351
380389
380390
380432
380433
380434
380435
380436
380438
380440
380442
380465
380484
380598
380620
380621
380624
380669
380676
380793
380798
380800
380802
380807
380814
380815
380817
380819
380821
380822
380823
380825
380826
380827
380828
380829
380830
380833
380834
380837
380840
380841
380842
380846
380848
380849
380851
380852
380853
380854
380855
380858
380860
380861
380865
380866
380867
380871
380872
380901
380905
380916
380919
380920
380921
380922
380925
380927
380928
380930
380938
380940
380943
380945
380946
380949
380950
380960
380964
380969
380979
380982
380983
380985
381000
381296
381330
381511
381512
381513
381515
381516
381517
381518
381520
381531
381534
381543
381638
381707
381899
382262
382265
382266
382267
382271
382273
382275
382278
382280
382282
382359
382642
382650
382651
382653
382654
382685
382726
382728
382781
382785
382787
382789
382794
382797
382811
382814
382818
382819
382822
382827
382832
382833
382834
382835
382837
382838
382839
382842
382843
382844
382845
382846
382847
382848
382851
382852
382855
382856
382857
382859
382994
382995
382996
382997
382998
382999
383000
383001
383003
383006
383007
383012
383013
383014
383015
383016
383018
383020
383025
383026
383027
383028
383035
383036
383037
383042
383044
383046
383048
383050
383051
383052
383053
383054
383056
383058
383059
383061
383063
383065
383066
383069
383071
383073
383076
383082
383089
383090
383095
383098
383100
383110
383116
383118
383119
383122
383125
383129
383133
383136
383137
383144
383145
383150
383154
383155
383159
383161
383163
383172
383173
383175
383176
383180
383181
383183
383184
383187
383190
383194
383195
383199
383200
383201
383206
383215
383216
383217
383222
383224
383232
383234
383241
383244
383248
383252
383256
383260
383266
383273
383277
383278
383280
383281
383283
383284
383288
383295
383303
383304
383306
383308
383309
383311
383313
383314
383315
383317
383318
383319
383320
383321
383322
383530
383531
383533
383534
383535
383537
383538
383539
383540
383541
383546
383547
383548
383549
383550
383551
383552
383553
383555
383557
383559
383560
383561
383562
383563
383565
383568
383569
383570
383571
383573
383575
383576
383577
383579
383580
383581
383582
383583
383586
383588
383589
383596
383598
383599
383602
383603
383604
383864
383865
384357
384359
384478
384479
384481
384482
384483
384484
384485
384486
384487
384489
384492
384493
384495
384496
384497
384498
384499
384500
384501
384502
384503
384504
384505
384506
384508
384509
384510
384511
384512
384513
384514
384516
384518
384519
384520
384525
384527
384528
384529
384599
384600
384601
384614
384619
384625
384642
384848
385048
385216
385217
385218
385220
385221
385534
385577
385580
385582
385583
385584
385585
385586
385587
385589
385590
385592
385593
385595
385597
385599
385602
385603
385605
385606
385607
385608
385609
385610
385611
385612
385617
385620
385621
385624
385625
385626
385627
385629
385630
385632
385633
385634
385635
385636
385637
385638
385640
385642
385644
385645
385646
385680
385684
385685
385687
385688
385693
385695
385697
385698
385699
385704
385705
385708
385710
385717
385720
385722
385725
385727
385731
385736
385738
385742
385982
385996
386009
386020
386029
386312
386586
386630
386708
386735
386737
386742
386792
386793
387139
387141
387143
387146
387147
387148
387153
387154
387159
387160
387163
387164
387165
387169
387171
387172
387174
387175
387176
387182
387189
387191
387193
387194
387197
387198
387199
387200
387201
387202
387203
387204
387205
387207
387208
387215
387216
387218
387222
387223
387224
387226
387227
387228
387230
387231
387233
387234
387235
387240
387243
387244
387245
387246
387247
387248
387250
387251
387252
387253
387254
387255
387256
387259
387262
387264
387308
387309
387312
387318
387423
387905
387907
387908
387909
387910
388038
388039
388040
388067
388328
388452
388464
388536
388537
388538
388539
388737
388738
388795
388909
389126
389135
389143
389145
389147
389160
389162
389164
389165
389166
389167
389214
389221
389229
389230
389237
389241
389246
389252
389254
389255
389256
389388
389390
389393
389449
389458
389469
389481
389482
389484
389485
390143
390152
390153
390154
390155
390157
390160
390163
390168
390169
390171
390172
390173
390176
390180
390182
390183
390184
390190
390193
390194
390197
390198
390200
390201
390202
390203
390209
390212
390216
390219
390221
390222
390225
390227
390237
390436
390437
390438
390439
390440
390441
390442
390443
390444
390720
390844
390845
390849
390987
391006
391090
391228
391337
391355
391618
391640
391646
391647
391897
391954
391955
391999
392000
392001
392172
392174
392298
392503
392504
392505
392512
392517
392522
392749
392750
392751
392753
392756
392761
392791
392797
392799
392803
392804
392805
392809
392810
393034
393045
393046
393049
393052
393053
393058
393174
393175
393177
393178
393179
393485
393551
393555
393559
393560
393561
393562
393590
393598
393599
393603
393616
393625
393767
393768
393882
393896
393899
393902
394036
394077
394187
394222
394224
394226
394238
394239
394311
394312
394313
394315
394316
394319
394320
394321
394325
394329
394332
394333
394337
394778
394779
394781
394783
394784
394788
394793
395338
395339
395349
395593
395841
395842
395884
396034
396359
396902
396908
396909
397104
397106
397107
397342
397353
397367
397368
397369
397458
397542
397543
397544
397545
397546
397547
397549
397550
397695
397725
397730
398032
398033
398066
398296
398316
398317
398319
398320
398322
398324
398325
398328
398581
398722
398800
398808
398809
398810
398811
398812
398815
398839
399114
399121
399122
399125
399183
399185
399314
399383
399384
399387
399394
399494
399501
399502
399781
399784
399785
400029
400034
400121
400122
400124
400251
400256
400257
400260
400262
400264
400270
400271
400277
400279
400280
400282
400284
400291
400292
400293
400295
400297
400300
400301
400302
400304
400307
400308
400309
400311
400312
400326
400327
400337
400338
400340
400344
400347
400364
400369
400376
400379
400394
400395
400396
400567
400733
400734
400735
400739
400740
400742
400788
400790
400792
400794
400796
400799
400803
400809
400811
400813
400828
400834
400835
401016
401019
401025
401026
401030
401031
401037
401039
401040
401078
401080
401081
401082
401083
401084
401085
401086
401091
401093
401096
401099
401100
401101
401102
401341
401354
401356
401365
401368
401371
401372
401375
401396
401397
401407
401409
401414
401483
401485
401518
401566
401567
401627
401666
401667
401668
402052
402055
402172
402179
402207
402370
402372
402399
402434
402436
402438
402440
402441
402445
402447
402448
402454
402455
402456
402457
402458
402460
402461
402463
402464
402465
402469
402470
402471
402473
402474
402475
402476
402477
402478
402480
402481
402484
402485
402488
402489
402492
402493
402494
402495
402496
402499
402500
402501
402502
402503
402504
402506
402507
402509
402510
402511
402514
402515
402517
402519
402523
402526
402527
402529
402530
402531
402534
402535
402536
402537
402541
402584
402585
402586
402802
402875
402905
402967
402975
402979
403055
403248
403257
403261
403264
403314
403325
403326
403328
403340
403378
403403
403407
403410
403432
403451
403452
403698
403897
403905
404135
404136
404137
404138
404139
404140
404146
404147
404148
404149
404150
404151
404152
404153
404154
404155
404157
404158
404159
404161
404162
404163
404164
404165
404166
404167
404168
404169
404170
404171
404172
404173
404174
404175
404176
404177
404178
404179
404180
404181
404182
404183
404184
404185
404186
404187
404188
404189
404190
404191
404193
404194
404196
404237
404238
404404
404408
404428
404768
404915
404917
404924
404926
404927
404979
405050
405062
405065
405066
405098
405358
405547
405554
405558
405947
406088
406269
406336
406337
406339
406340
406598
406599
406790
406791
406853
406856
406857
406858
406859
406861
406862
406864
406865
406868
406869
406871
406872
406873
406874
406875
406876
406877
406878
406879
406880
406881
406882
406883
406884
406885
406886
406887
406888
406889
407054
407055
407101
407102
407203
407204
407205
407254
407257
407261
407392
407394
407399
407405
407406
407407
407408
407410
407411
407416
407419
407424
407431
407432
407433
407436
407440
407447
407448
407449
407452
407455
407466
407475
407478
407479
407481
407487
407489
407491
407496
407497
407500
407504
407506
407508
407515
407518
407523
407528
407531
407532
407533
407534
407540
407544
407548
407553
407555
407564
407565
407569
407577
407586
407587
407588
407595
407618
407627
407636
407644
407645
407649
407662
407663
407667
407672
407673
407681
407682
407684
407697
407708
407715
407723
407727
407729
407734
407738
407742
407743
407747
407762
407773
407774
407778
407779
407788
407789
407790
407798
407802
407832
407834
407836
407837
407843
407967
407968
407969
408092
408136
408165
408167
408205
408206
408598
408599
408681
408695
408698
408700
408703
408707
408711
408712
408714
408716
408719
408882
408883
408884
408885
408888
408890
408891
408893
408899
408901
408904
408906
408907
408909
408912
408913
408914
408915
408917
408919
408920
408924
408926
408929
408930
408931
408932
408935
408936
408937
408938
408939
408940
408946
408948
408950
408951
409015
409287
409486
409869
409879
409881
409931
409943
410071
410078
410233
410235
410236
410237
410239
410240
410243
410245
410246
410249
410603
410826
411152
411157
411158
411159
411160
411163
411168
411173
411174
411179
411180
411181
411182
411183
411184
411185
411187
411192
411193
411194
411195
411201
411209
411210
411248
411321
411322
411323
411324
411325
411330
411335
411341
411344
411347
411349
411351
411491
411492
411493
411494
411495
411496
411497
411498
411499
411500
411645
411646
411658
411854
411855
412097
412150
412403
412404
412464
412466
412468
412620
412688
412969
413066
413073
413074
413075
413255
413256
413257
413258
413259
413405
413684
413710
413715
413716
413941
413942
413970
414044
414090
414092
414093
414094
414095
414096
414097
414098
414101
414102
414103
414104
414105
414107
414115
414116
414241
414361
414453
414526
414528
414670
414970
415106
415118
415130
415135
415166
415167
415168
415169
415173
415174
415175
415177
415313
415316
415317
415360
415365
415370
415372
415375
415377
415378
415382
415602
415688
415695
415853
415937
415939
415987
415988
416034
416035
416039
416145
416161
416277
416367
416419
416557
416558
416571
416614
416642
416643
416645
416648
416649
416650
416651
416652
416653
416656
416659
416660
416661
416663
416664
416665
416669
416670
416672
416673
416674
416675
416678
416679
416680
416681
416682
416683
416684
416685
416686
416687
416688
416689
416693
416694
416695
416696
416698
416699
416700
416701
416702
416704
416706
416707
416708
416713
416717
416718
416720
416727
416728
416729
416730
416732
416733
416734
416735
416736
416737
416738
416739
416742
416743
416744
416745
416746
416750
416755
416756
416757
416759
416762
416767
416768
416769
416770
416771
416772
416773
416774
416775
416777
416780
416783
416784
416785
416786
416787
416790
416793
416795
416796
416798
416799
416802
417189
417192
417194
417280
417285
417287
417288
417296
417297
417301
417312
417747
417748
417753
417755
417756
417757
417758
417759
417760
417761
417763
417765
417766
417767
417768
417770
417771
417773
417774
417775
417776
417777
417778
417779
417780
417781
417783
417784
417786
417787
417788
417789
417790
417793
417796
417797
417799
417800
417801
417803
417811
417812
417813
417814
417816
417817
417818
417853
417865
417867
417890
417895
417993
418143
418385
418387
418391
418392
418399
418400
418426
418427
418429
418431
418443
418446
418448
418523
418827
418835
418837
418841
418842
418976
419423
419435
419438
419587
419697
419782
419953
419954
419955
420114
420115
420116
420117
420119
420152
420252
420253
420254
420255
420682
420683
420684
420853
421007
421010
421012
421013
421472
421474
421742
421748
421750
421878
421901
421949
421951
421952
421953
421956
421957
421958
421960
421961
421967
421968
421969
421971
421972
421973
421974
421975
421976
422060
422134
422137
422214
422216
422217
422218
422220
422386
423079
423081
423085
423091
423093
423100
423342
423358
423447
423476
423569
423571
423572
423573
423574
423575
423576
423581
423583
423586
423587
423592
423595
423600
424361
424362
424364
424365
424367
424368
424369
424370
424371
424374
424376
424382
424679
424716
424892
424893
424894
424898
424924
424944
424947
424949
425009
425010
425088
425182
425188
425189
425244
425279
425303
425386
425521
425522
425523
425524
425525
425527
425528
425529
425530
425532
425533
425534
425541
425548
425549
425550
425551
425552
425554
425555
425557
425558
425562
425563
425566
425567
425569
425570
425572
425573
425574
425575
425577
425579
425580
425584
425587
425588
425589
425590
425675
426262
426419
426466
426469
426471
426472
426476
426735
426736
426738
426739
426740
426784
426786
426787
426789
426790
426791
427315
427316
427343
427528
427529
427533
427534
427537
427748
427749
427773
427826
427875
427882
428111
428114
428323
428472
428483
428667
428668
428674
428675
428692
428944
428945
428947
429130
429312
429313
429321
429322
429329
429331
429563
429564
429743
430059
430150
430173
430278
430349
430395
430427
430428
430433
430434
430439
430490
430511
430595
430596
430597
430602
430654
430663
430710
430726
430727
430730
430731
430733
430737
430738
430743
430796
430911
431037
431038
431317
431320
431594
431615
431616
431617
431619
431622
431623
431626
431627
431630
431632
431842
431845
431847
431851
431853
431854
431855
431857
431858
431860
431868
431869
431872
431873
431877
431879
431880
431891
431892
431893
431894
431915
431918
431921
431923
431926
431927
431994
431996
432000
432066
432070
432071
432073
432076
432078
432089
432183
432197
432198
432200
432201
432261
432358
432363
432367
432370
432371
432552
432554
432587
433356
433357
433426
433427
433428
433429
433430
433431
433432
433433
433437
433439
433440
433441
433442
433462
433499
433591
433593
433730
433731
433732
433832
434026
434028
434066
434068
434070
434192
434193
434195
434196
434308
434309
434335
434337
434338
434339
434343
434344
434346
434491
434604
434605
434607
434611
434613
434614
434615
434913
434914
434945
434951
434981
434982
434999
435275
435357
435358
435359
435486
435487
435488
435489
435646
435895
435948
435949
435950
435952
436004
436007
436014
436066
436077
436110
436241
436242
436243
436249
436253
436254
436289
436447
436672
436674
436675
436902
436911
437061
437062
437063
437324
437326
437329
437340
437341
437343
437344
437349
437350
437351
437353
437356
437358
437359
437362
437363
437364
437366
437368
437369
437370
437374
437375
437378
437382
437383
437384
437390
437391
437394
437395
437396
437398
437399
437400
437401
437402
437404
437405
437409
437414
437416
437420
437421
437426
437427
437429
437431
437432
437433
437435
437442
437444
437470
437605
437606
437607
437817
437818
437826
437877
438045
438047
438054
438061
438082
438084
438089
438104
438105
438107
438109
438110
438115
438116
438180
438185
438221
438226
438245
438254
438256
438260
438273
438275
438282
438289
438294
438311
438322
438482
438516
438765
438780
438782
438788
438789
438798
438800
438809
438811
438812
438816
438819
438820
438821
438822
438828
438829
438832
438880
438881
438886
438890
438904
438947
438948
438974
439015
439016
439195
439202
439218
439420
439421
439422
439423
439424
439425
439426
439427
439488
439490
439491
439576
439577
439578
439583
439614
439615
439616
439805
439809
439860
439957
439961
440081
440250
440266
440392
440393
440395
440407
440423
440431
440440
440441
440442
440459
440469
440471
440481
440500
440501
440591
441562
441563
441565
441566
441568
441570
441571
441572
441573
441574
441575
441576
441577
441579
441580
441581
441583
441585
441586
441587
441588
441589
441591
441592
441594
441596
441597
441962
441976
441977
441984
441985
441999
442299
442300
442301
442302
442303
442304
442305
442306
442307
442308
442401
442402
442405
442406
442407
442409
442410
442412
442413
442492
442493
442494
442531
442532
442533
442534
442535
442537
442538
442539
442540
442541
442542
442543
442544
442545
442546
442547
442549
442550
442552
442553
442554
442555
442558
442559
442670
442690
442691
442712
442713
442736
442741
442742
442743
442744
442745
442746
442747
442748
442749
442750
442751
442752
442753
442754
442755
442756
442757
442758
442759
442760
442761
442762
442763
442764
442765
442767
442768
442769
442770
442771
442772
442773
442774
442775
442776
442777
442778
442780
442781
442782
442783
442785
442786
442787
442788
442789
442790
442791
442794
442795
442796
442797
442798
442799
442800
442801
442803
442804
442806
442807
442809
442810
442811
442812
442813
442814
442815
442816
442851
442857
442859
442942
442957
442958
442966
443179
443180
443220
443221
443627
443746
443876
443878
443948
443949
443950
443958
443959
443960
443961
443962
443965
443974
443975
443976
443978
443980
443981
443982
443984
443985
443987
443991
443994
443995
443996
443998
443999
444000
444001
444002
444004
444005
444006
444007
444008
444009
444010
444011
444012
444014
444015
444016
444017
444018
444021
444022
444025
444026
444027
444029
444030
444031
444032
444033
444035
444037
444038
444040
444042
444043
444046
444047
444048
444049
444050
444115
444116
444120
444122
444123
444125
444127
444129
444130
444133
444180
444184
444185
444193
444311
444312
444313
444314
444317
444318
444319
444321
444322
444325
444346
444352
444377
444473
444474
444501
444510
444664
444665
444666
444672
444673
444675
444677
444679
444680
444685
444691
444693
444783
444786
444787
444793
444803
444804
444805
444807
444808
444809
444813
444817
444823
444824
444829
444830
444833
444834
444835
444837
444839
444840
444859
444860
444861
444862
444875
444876
444878
445027
445217
445218
445227
445256
445368
445370
445376
445381
445382
445383
445384
445387
445435
445515
445516
445517
445683
445684
445685
445686
445688
445692
445693
445696
445700
445788
445789
445929
446023
446034
446132
446138
446529
446548
446549
446568
446569
446766
446769
446770
446807
447023
447133
447173
447174
447176
447177
447179
447181
447182
447188
447189
447192
447195
447196
447365
447527
447597
447598
447599
447600
447601
447602
447603
447604
447605
447606
447798
447799
447802
447807
447808
447809
447810
447885
447897
447909
448066
448086
448170
448375
448376
448377
448378
448379
448384
449133
449134
449135
449136
449137
449138
449139
449140
449141
449142
449277
449278
449279
449280
449400
449582
449655
449656
449720
449721
449992
449993
450015
450159
450161
450162
450209
450214
450278
450605
450633
451127
451128
451129
451344
451381
451705
451767
451802
452110
452114
452115
452464
452465
452469
452475
452491
452512
452516
452647
452648
452649
452660
452661
452663
452664
452665
452666
452667
452668
452669
452758
453050
453139
453140
453177
453179
453226
453451
453456
453460
453461
453469
453497
453544
453614
453615
453856
453880
453881
453882
453884
453885
453887
453893
453894
453898
453900
454121
454123
454128
454129
454143
454376
454377
454389
454409
454447
454448
454449
454450
454453
454454
454456
454459
454587
454589
454591
454757
454798
454951
454952
454953
454955
455318
455363
455364
455365
455367
455370
455456
455457
455459
455460
455462
455464
455465
455467
455649
455834
455837
455838
455840
455841
455842
455843
455844
455846
455848
455849
455850
455852
455853
455860
455861
455870
455872
455873
455874
455876
455877
455879
455882
455884
455890
455895
455896
455899
455902
455911
455913
455916
455917
455918
455919
455935
455940
455941
455943
455944
455945
455946
455953
455955
455956
455958
455959
455963
455965
455968
455971
455972
455974
455976
455979
455981
455982
455986
455987
455993
455994
456002
456003
456007
456010
456014
456015
456018
456020
456021
456024
456025
456026
456027
456029
456031
456039
456042
456043
456045
456047
456048
456049
456052
456053
456066
456067
456069
456071
456073
456078
456079
456080
456081
456082
456084
456085
456087
456089
456090
456091
456093
456094
456096
456097
456100
456103
456110
456112
456115
456118
456123
456124
456126
456130
456133
456134
456135
456137
456139
456142
456143
456144
456145
456146
456148
456149
456150
456155
456162
456170
456171
456183
456184
456189
456204
456206
456207
456208
456216
456218
456219
456226
456235
456243
456254
456258
456269
456270
456274
456277
456278
456281
456285
456286
456287
456288
456289
456290
456293
456294
456295
456296
456390
456491
456502
456524
456532
456533
456534
456535
456536
456537
456538
456539
456540
456541
456542
456543
456545
456546
456548
456549
456551
456554
456556
456557
456561
456562
456564
456570
456571
456572
456573
456574
456576
456577
456579
456580
456585
456586
456590
456591
456592
456593
456594
456596
456597
456598
456601
456602
456605
456606
456607
456608
456611
456612
456613
456614
456615
456616
456617
456618
456619
456621
456622
456623
456624
456625
456627
456628
456629
456630
456632
456633
456634
456635
456636
456638
456639
456640
456641
456643
456645
456647
456649
456651
456652
456653
456654
456657
456660
456662
456664
456668
456670
456674
456676
456677
456678
456680
456683
456684
456688
456690
456691
456692
456693
456695
456696
456697
456699
456703
456704
456705
456706
456707
456709
456710
456711
456713
456714
456715
456716
456717
456719
456720
456721
456722
456723
456724
456725
456726
456728
456730
456731
456732
456733
456734
456735
456736
456739
456740
456743
456744
456745
456747
456748
456749
456750
456751
456754
456755
456757
456758
456759
456760
456763
456765
456766
456767
456768
456769
456770
456771
456772
456773
456777
456780
456781
456785
456786
456787
456789
456792
456793
456794
456796
456798
456799
456800
456801
456802
456803
456804
456805
456806
456808
456809
456810
456812
456814
456815
456816
456817
456831
456832
456833
456883
456884
457007
457286
457382
457455
457457
457458
457459
457463
457465
457466
457467
457468
457469
457471
457474
457561
457997
457998
458000
458001
458002
458003
458004
458006
458012
458013
458014
458015
458016
458018
458019
458020
458021
458022
458023
458025
458105
458132
458267
458269
458276
458284
458286
458429
458434
458435
458441
458447
458457
458476
458626
458630
458631
458639
458671
458672
458674
458677
458679
458680
458681
458682
459064
459290
459291
459305
459307
459308
459310
459313
459770
459777
459779
459782
459845
459949
459957
460364
460676
460861
460926
460946
461126
461261
461264
461290
461295
461296
461306
461309
461322
461347
461357
461360
461711
461735
461737
461739
461751
461755
461760
461830
461883
461890
461894
461921
461923
461932
461936
461947
461948
461952
461974
462037
462038
462040
462043
462050
462065
462066
462072
462082
462084
462100
462104
462106
462111
462119
462121
462132
462137
462161
462166
462296
462297
462298
462299
462344
462345
462348
462590
462694
462706
462712
462713
462729
462730
462731
462818
463045
463281
463282
463287
463360
463375
463376
463377
463378
463379
463380
463381
463382
463383
463385
463386
463387
463389
463390
463391
463392
463653
463676
463697
463708
463709
463710
463712
463713
463714
463715
463716
463717
463718
463719
463720
463721
463722
463723
463724
463725
463726
463727
463728
463729
463824
464033
464095
464314
464315
464406
464409
464416
464417
464419
464425
464426
464433
464439
464447
464448
464449
464450
464451
464457
464460
464466
464479
464480
464503
464505
464506
464508
464510
464514
464515
464518
464521
464522
464525
464526
464529
464530
464532
464533
464539
464540
464544
464558
464569
464572
464573
464576
464591
464593
464596
464602
464606
464619
464621
464623
464624
464869
464925
464935
464936
464939
464940
464941
464979
464980
464983
464984
464985
464986
465364
465447
465870
465873
465876
465882
465883
465914
465916
465917
465918
465920
465921
465928
465934
465935
465936
465937
465947
465955
465957
465958
465959
465961
465963
465965
465971
465975
465980
466051
466052
466143
466144
466196
466215
466216
466217
466230
466232
466235
466246
466252
466253
466254
466278
466284
466286
466307
466309
466319
466348
466360
466376
466392
466406
466437
466446
466449
466454
466456
466458
466465
466468
466470
467101
467106
467108
467110
467114
467116
467144
467337
467338
467339
467352
467353
467354
467481
467758
467761
467763
467766
467770
467771
467989
468394
468414
468415
468442
468605
468606
468609
468611
468612
468928
468949
468951
468955
468957
468960
468968
468972
469031
469059
469094
469167
469173
469476
469643
469645
469646
469660
469959
469961
469964
470166
470213
470214
470314
470317
470547
470556
470865
470916
470918
470919
471094
471095
471155
471181
471182
471183
471184
471185
471186
471285
471358
471359
471451
471452
471455
471458
471459
471476
471491
471498
471717
471721
471723
471728
471851
471894
471911
471927
471937
471967
472026
472027
472028
472505
472507
472508
472520
472521
472586
472589
472594
472606
472618
472628
472649
472992
473003
473006
473015
473539
473541
473588
473783
473784
474453
474454
475026
475029
475033
475037
475178
475235
475454
475461
475462
475463
475464
475466
475467
475472
475473
475474
475475
475477
475481
475483
475485
475486
475487
475488
475489
475490
475491
475494
475495
475497
475498
475499
475501
475506
475509
475510
475512
475516
475518
475521
475525
475527
475531
475541
475543
475550
475551
475555
475559
475560
475562
475564
475568
475572
475573
475580
475584
475588
475592
475593
475594
475601
475602
475627
475777
475861
475878
475879
476204
476258
476261
476262
476263
476264
476294
476296
476298
476299
476302
476304
476307
476316
476320
476329
476334
476336
476359
476367
476378
476403
476411
476523
476591
476593
476599
476603
476605
476612
476615
476617
476622
476624
476625
476626
476629
476630
476632
476633
476638
476640
476641
476648
476650
476651
477572
477967
478045
478052
478057
478083
478084
478085
478086
478087
478089
478091
478514
478517
478550
478577
478812
478825
478845
478846
478852
478853
478995
478996
478997
478999
479000
479001
479002
479003
479004
479013
479014
479015
479016
479025
479029
479030
479035
479037
479038
479040
479041
479042
479044
479045
479050
479052
479053
479055
479057
479058
479060
479065
479068
479069
479073
479074
479144
479146
479166
479167
479169
479237
479240
479341
479713
479727
479952
479959
479960
479962
479963
479964
479965
479966
479967
479985
479988
479990
479993
479997
479998
480002
480003
480005
480010
480013
480379
480410
480522
480696
480697
480698
480700
480701
480702
480808
481147
481311
481315
481316
481465
481492
481493
481494
481495
481498
481502
481507
481508
481510
481511
481512
481515
481517
481608
481628
481716
481717
481796
481801
481851
481855
481856
481857
481865
481874
481886
481887
481904
482024
482026
482029
482036
482039
482048
482049
482053
482161
482239
482326
482327
482329
482503
482544
482554
482623
482626
482822
482917
483045
483046
483265
483266
483267
483273
483277
483278
483415
483499
483537
483756
483783
483784
484706
484735
484894
484895
484896
485241
485242
485243
485362
485388
485580
485588
485714
485719
485720
485721
485722
485724
486176
486489
486494
486627
486628
486629
486630
486649
486809
486898
487050
487071
487072
487073
487074
487075
487077
487078
487079
487085
487097
487098
487102
487152
487155
487212
487311
487323
487324
487329
487333
487335
487336
487337
487339
487492
487493
487494
487496
487497
487499
487502
487503
488063
488096
488106
488183
488225
488226
488229
488231
488232
488234
488235
488236
488237
488238
488239
488240
488241
488255
488317
488333
488334
488516
488638
488858
488880
488883
488884
488886
488887
488888
488889
488890
489122
489258
489282
489450
489451
489455
489460
489779
489821
489822
489828
489830
489926
489927
490025
490028
490029
490031
490033
490035
490036
490037
490038
490039
490041
490042
490043
490044
490103
490110
490111
490297
490298
490299
490389
490395
490399
490401
490403
490419
490423
490427
490434
490440
490454
490455
490456
490457
490465
490466
490468
490469
490471
490473
490474
490476
490477
490478
490486
490584
490632
490711
490877
490878
490892
490894
490912
490913
491003
491144
491223
491228
491230
491232
491235
491240
491241
491242
491244
491246
491252
491893
491924
492113
492114
492115
492116
492117
492118
492119
492120
492121
492502
492506
492507
492508
492511
493779
493797
493802
493803
493827
493847
493906
494060
494269
494452
494472
494475
494477
494487
494507
494651
494652
495296
495301
495302
495310
496015
496016
496018
496019
496020
496021
496022
496023
496024
496027
496028
496031
496034
496036
496037
496038
496040
496041
496042
496045
496047
496048
496050
496396
496407
496427
496526
496527
496528
496550
496733
496735
496736
496737
496739
496740
496741
496743
496745
496748
496750
496753
496755
496756
496757
496760
496761
496762
496763
496764
496765
496766
496767
496769
496770
496771
496774
496776
496778
496780
496783
496785
496787
496789
496790
496791
496792
496793
496794
496795
496796
496797
496800
496801
496802
496803
496804
496807
496835
496836
496865
496874
497136
497344
497347
497348
497350
497351
497354
497356
497359
497360
497363
497364
497365
497366
497367
497368
497370
497372
497373
497375
497376
497377
497378
497380
497402
497435
497437
497438
497440
497442
497455
497458
497470
497472
497478
497508
497712
497714
497715
497716
497810
497862
497863
497865
497937
497940
497943
497945
497951
497961
497970
497971
498207
498337
498339
498340
498344
498345
498347
498348
498356
498715
498803
498805
499033
499036
499038
499040
499042
499043
499045
499048
499050
499055
499088
499191
499193
499235
499237
499239
499246
499250
499259
499261
499275
499277
499283
499285
499289
499294
499299
499302
499305
499306
499308
499309
499311
499313
499322
499329
499331
499340
499341
499346
499350
499352
499361
499362
499370
499371
499381
499388
499394
499398
499399
499411
499426
499427
499428
499433
499448
499452
499453
499454
499455
499462
499475
499478
499493
499500
499503
499506
499572
499607
499612
499613
499854
499878
499880
499882
499886
499887
499889
499891
499955
500026
500029
500032
500033
500034
500036
500044
500051
500053
500064
500065
500066
500068
500072
500073
500077
500078
500080
500081
500085
500089
500113
500116
500117
500118
500119
500120
500122
500124
500130
500139
500324
500382
500383
500385
500467
500654
500657
500660
500661
500662
500663
500664
500665
500669
500670
500671
500672
500674
500676
500677
500678
500679
500680
500681
500682
500683
500684
500685
500687
500688
500690
500692
500693
500694
500699
500700
500701
500887
500915
500940
500945
500948
501251
501327
501328
501491
502055
502056
502057
502078
502079
502080
502100
502102
502104
502105
502106
502107
502177
502256
502564
502566
502571
502592
502748
502858
502866
502871
502956
503197
503207
503209
503212
503216
503234
503241
503249
503251
503252
503253
503254
503255
503256
503257
503258
503259
503261
503263
503265
503267
503268
503270
503273
503276
503277
503279
503280
503282
503283
503284
503285
503287
503288
503291
503292
503293
503294
503297
503304
503308
503311
503316
503317
503318
503320
503324
503325
503326
503329
503333
503336
503337
503338
503339
503341
503388
503398
503401
503403
503404
503407
503457
503755
503756
503763
503764
503765
503778
503780
503793
503797
504346
504455
504501
504502
504530
504545
504553
504668
504673
504675
504681
504682
504683
504697
504698
504714
504716
504723
504724
504734
504735
504737
504738
504739
504742
504808
504857
504904
504905
504910
504911
504912
504914
504928
504932
504933
504940
504942
504945
504946
504947
504950
504954
504956
504957
504960
504963
504972
504973
504976
504977
504983
504988
504993
504999
505001
505006
505008
505011
505012
505014
505016
505017
505020
505026
505027
505029
505031
505033
505035
505038
505044
505045
505047
505048
505052
505053
505056
505059
505061
505069
505073
505076
505077
505078
505079
505084
505091
505099
505100
505109
505114
505116
505118
505119
505121
505122
505130
505135
505139
505140
505141
505142
505144
505148
505150
505151
505152
505154
505155
505159
505161
505163
505164
505166
505169
505174
505176
505178
505181
505184
505185
505186
505187
505204
505205
505206
505207
505211
505212
505213
505220
505226
505227
505228
505229
505230
505231
505274
505291
505292
505490
505493
505494
505500
505504
505505
505506
505511
505524
505547
505554
505562
505564
505568
505570
505575
505577
505583
505597
505599
505624
505628
505631
505635
505639
505668
505670
506037
506038
506254
506258
506264
506268
506269
506271
506274
506276
506277
506282
506287
506291
506298
506300
506301
506302
506303
506306
506308
506310
506318
506323
506326
506328
506330
506331
506343
506347
506348
506350
506361
506374
506375
506377
506378
506380
506381
506382
506383
506384
506385
506386
506387
506389
506392
506393
506395
506401
506402
506403
506404
506408
506409
506412
506415
506417
506420
506423
507128
507167
507168
507180
507250
507277
507284
507322
507327
507474
507475
507476
507486
507488
507713
507715
507716
507717
507719
507722
507728
507730
507757
508362
508408
508410
508414
508418
508419
508441
508442
508669
508670
508671
508672
508674
508675
508681
508748
508750
508759
508775
508791
508800
508810
508850
508855
508861
508863
509154
509531
509532
509628
509923
510218
510221
510224
510229
510232
510235
510244
510517
510519
510522
510588
510627
510631
510636
510638
510644
510647
510650
510654
510659
510660
510661
510662
510663
510664
510665
510666
510667
510668
510669
510670
510671
510672
510673
510674
510675
510676
510677
510678
510679
510680
510682
510834
510835
510836
510841
510850
510853
510854
510863
510868
510882
510884
510885
510886
510887
510888
510889
510890
510891
510892
510893
510894
510895
510896
510897
510898
510899
510900
510901
510902
510903
510948
510950
511296
511419
511420
511421
511429
511430
511431
511443
511614
511617
511620
511631
511632
511633
511646
511755
511826
511827
511828
511832
511833
511836
511838
511839
511840
511969
512009
512064
512162
512163
512169
512414
512493
512761
512780
512782
512783
512784
512786
512792
512822
512827
512896
512948
512949
512958
512961
512964
512966
512968
512969
512970
512971
512973
512976
512979
512981
512982
512983
512985
512991
512992
512993
513139
513550
513654
513992
514018
514094
514118
514122
514152
514177
514197
514205
514283
514289
514327
514372
514412
514477
514515
514618
514641
514653
514660
514676
514683
514716
514730
514740
514741
514745
514769
514844
514847
514873
514957
514958
514962
514963
514998
515030
515038
515046
515080
515103
515111
515112
515176
515177
515178
515179
515180
515303
515319
515320
515444
515446
515575
515583
515660
515670
516541
516542
516543
516956
516995
517033
517044
517046
517058
517059
517069
517070
517083
517090
517100
517114
517173
517179
517180
517184
517194
517205
517290
517316
517319
517326
517340
517360
517361
518628
518629
518630
518829
518830
518922
518923
518926
518931
518935
518938
518946
518951
518962
518966
518967
518970
518974
518976
518981
518986
518987
518989
518995
518996
519014
519015
519082
519100
519104
519106
519108
519350
519359
519363
519367
519376
519496
519497
519498
519788
519810
519812
519822
519830
519831
519832
519833
519836
519837
519838
519839
519840
519841
519877
520123
520848
520962
520963
520964
520969
520970
520972
520973
520974
520975
520976
520977
521047
521195
521197
521249
521257
521391
521433
521436
521437
521443
521445
521446
521523
522268
522272
522277
522724
522725
522727
522735
522737
522740
522743
522750
522751
522754
522756
522759
522764
522770
522901
523741
523743
523766
523797
523798
523799
523909
524011
524023
524221
524222
524380
524649
524650
524651
524652
524653
524654
524655
524656
524658
524659
524660
524661
524662
524864
524865
524890
525784
525891
526118
526119
526120
526394
526413
526476
526519
526522
526548
526549
526553
526554
526555
526560
526561
526562
526591
526791
526792
526795
526797
526798
526800
526803
526805
526806
526808
526809
526892
526893
526899
526905
526907
526913
526915
527168
527205
527213
527220
527221
527227
527230
527232
527238
527240
527245
527246
527247
527251
527253
527254
527259
527687
527804
528163
528321
528322
528461
528568
528570
528572
529020
529028
529036
529037
529056
529060
529074
529077
529100
529380
529419
529624
529640
529641
529644
529646
529647
529648
529649
529652
529676
529680
529786
529788
529796
529798
529800
529803
529806
529809
529811
529834
529840
529929
529930
529932
529933
530042
530126
530127
530128
530130
530131
530132
530141
530146
530158
530231
530236
530253
530458
530466
530536
531704
531707
531710
531713
531759
531760
531768
531772
531773
531774
531778
531779
531783
531785
531927
531928
532074
532075
532076
532077
532078
532080
532090
532092
532093
533020
533021
533022
533023
533024
533026
533037
533100
533104
533135
533164
533185
533259
533297
534452
534453
534462
534483
534518
534527
534540
534542
534553
534564
534590
535207
535209
535210
535215
535217
535220
535221
535500
535505
535506
535511
535526
535529
535543
535549
535553
535556
535559
535563
535578
535579
535583
535599
535600
535602
535631
535663
535680
535828
535839
535846
535853
535858
535868
535869
535870
535876
535877
535882
535892
535898
536079
536081
536082
536083
536084
536085
536086
536170
536171
536173
536174
536175
536179
536180
536182
536184
536185
536186
536187
536188
536189
536192
536194
536195
536196
536197
536198
536200
536201
536202
536203
536204
536205
536207
536208
536209
536444
536445
536446
536448
536449
536450
536453
536454
536455
536457
536458
536459
536464
536466
536472
536473
536474
537009
537019
537023
537333
537362
537508
537513
537516
537521
537529
537532
537536
537549
537556
537560
537578
537591
537874
537881
537882
537906
537911
537918
537922
537923
537924
537925
537934
537940
537941
537944
537948
537950
537951
537957
537958
537959
537960
537994
538004
538120
538121
538122
538123
538398
538404
538408
538412
538413
538414
538417
538426
538507
538508
538510
538511
538512
538515
538542
538544
538545
538546
538547
538548
538550
538551
538552
538553
538554
538556
538563
538970
538979
538986
538987
538988
538989
538990
538991
538992
538995
539221
539227
539352
539353
539354
539355
539356
539357
539358
539359
539360
539361
539362
539363
539364
539366
539367
539368
539369
539370
539372
539373
539375
539377
539378
539379
539381
539382
539383
539384
539385
539386
539387
539388
539390
539392
539396
539397
539398
539399
539400
539401
539893
539933
539935
539939
539941
539942
539944
539945
539946
539952
539953
539955
539956
539959
539963
539972
539977
539984
539985
539989
539990
539991
539993
539994
540004
540029
540030
540064
540065
540066
540067
540068
540069
540070
540172
540178
540568
540610
540620
540623
540630
540632
540641
540720
540992
540993
540994
540995
541211
541213
541865
542343
542562
542563
542596
542608
542609
542611
542613
542615
542616
542617
542620
542626
542654
542769
542771
542815
542817
542818
542830
542836
542837
542846
542849
542851
542852
542855
542856
542859
542860
542862
542863
542864
542866
542869
542880
542881
542882
542883
542884
542885
542886
542888
542890
542891
542892
542894
542895
542898
542904
542911
542912
542913
542917
542925
542926
542927
542931
542932
542933
542934
542942
542943
542944
542946
542947
542948
542949
542950
542953
542954
542955
542956
542957
542959
542960
543151
543152
543153
543159
543171
543176
543202
543210
543212
543213
543216
543217
543218
543219
543301
543388
543442
543447
543471
543473
543492
543497
543502
543503
543528
543529
543530
543532
543534
543640
543721
543837
543838
543840
543841
543842
543843
543844
543846
543876
543900
543937
543939
544528
544530
544534
544537
544554
544555
544571
544572
544573
544639
544640
544686
544696
544743
544789
544801
544802
544810
544811
544812
545092
545094
545122
545134
545148
545150
545244
545259
545408
545409
545411
545412
545414
545416
545676
545932
545959
545967
545968
546025
546168
546169
546170
546172
546182
546183
546184
546185
546287
546327
546337
546423
546427
546432
546437
546439
546440
546442
546552
546673
546677
546679
546683
546684
546685
546692
546695
546706
546708
546714
546718
546725
546726
546791
546792
546793
546794
546795
546797
546800
546801
546802
546803
546805
546806
546807
546808
546951
546952
546953
546954
546955
546960
546961
546962
546966
546967
546972
546973
546974
546977
546978
546979
546980
546981
546982
546985
547067
547068
547069
547070
547071
547073
547074
547076
547078
547079
547080
547085
547086
547087
547088
547124
547127
547128
547200
547212
547222
547228
547350
547351
547368
547378
547379
547380
547382
547385
547389
547390
547391
547393
547395
547396
547397
547408
547409
547467
547774
547898
547899
547900
547901
547902
547905
547907
547908
547911
547932
547934
547939
548468
548555
548681
548682
548684
548685
548686
548687
548688
548689
548807
548809
548810
548823
548908
548912
548913
548914
548915
549198
549200
549201
549202
549205
549341
549369
549445
549446
549779
550803
550971
550972
550976
550977
550989
550991
550992
550996
550999
551003
551086
551087
551108
551187
551189
551210
551213
551224
551226
551230
551231
551232
551234
551235
551236
551237
551245
551246
551247
551250
551251
551252
551256
551259
551266
551281
551454
551495
551523
551531
551560
551583
551603
551790
551793
551801
551805
551809
551818
551821
551822
551827
551828
551829
551895
552054
552364
552405
552439
552450
552451
552468
552509
552512
552517
552525
552527
552528
552529
552554
552592
552629
552634
552635
552789
552790
552791
552795
552803
552804
552805
552806
552807
552873
552874
552875
552876
553338
553621
553624
553904
553910
553911
553921
553929
553942
553958
553959
553967
553968
553970
553971
554020
554021
554168
554667
554692
554711
554712
554713
554723
554727
554740
554749
554756
554767
555249
555281
555285
555288
555291
555292
555293
555294
555297
555298
555308
555387
555397
555599
555603
555638
555698
555864
555980
556021
556138
556181
556277
556278
556381
556410
556415
556426
556524
556751
556755
556756
556757
556761
556926
557218
557232
557241
557242
557243
557245
557247
557289
557393
557401
557419
557593
557594
557595
557596
557597
557889
557989
558016
558017
558018
558019
558385
558386
558387
558388
558389
558391
558392
558674
558690
559170
559180
559182
559188
559498
559878
559881
559883
559966
560178
560197
560227
560353
560362
560366
560372
560374
560375
560376
560380
560381
560382
560387
560460
560478
560485
560559
560567
560568
560569
560574
560575
560577
560581
560587
560591
560592
560791
560792
560796
560798
560800
560801
560998
561309
561576
561888
561996
561997
561998
561999
562742
562746
562747
562944
562947
562984
562989
562990
563006
563013
563020
563023
563029
563119
563121
563122
563123
563124
563180
563190
563769
563775
563812
563820
563823
563829
563831
563925
563928
563941
564217
564220
564222
564224
564227
564231
564232
564244
564246
564247
564248
564251
564252
564253
564254
564256
564262
564263
564268
564269
564270
564273
564276
564277
564280
564283
564336
564640
564643
564644
564645
564646
564749
564798
564800
564807
564809
564813
564817
564818
564821
564833
564878
564886
564944
564945
565052
565053
565140
565244
565284
565290
565302
565303
565323
565332
565335
565337
565338
565343
565346
565351
565358
565365
565368
565537
565567
565624
565995
566029
566244
566251
566252
566253
566254
566256
566257
566258
566259
566260
566266
566270
566308
566363
566369
566373
566376
566477
566558
566559
566568
566604
566629
566972
568065
568090
568148
568151
568155
568160
568161
568162
568163
568209
568225
568247
568306
568307
568333
568334
568335
568338
568365
568373
568374
568376
568377
568378
568379
568380
568381
568487
568488
568489
568491
568494
568495
568506
568578
568715
568804
568805
568833
568918
568920
568923
568986
568989
568990
568991
568992
568993
569161
569162
569195
569196
569198
569199
569200
569209
569212
569213
569220
569223
569225
569234
569235
569239
569245
569246
569247
569248
569249
569250
569253
569254
569255
569256
569257
569258
569259
569261
569262
569263
569264
569265
569266
569267
569268
569269
569270
569279
569282
569284
569285
569287
569288
569290
569291
569292
569293
569295
569296
569297
569298
569299
569300
569304
569305
569309
569311
569312
569313
569316
569317
569320
569323
569325
569326
569329
569330
569332
569333
569334
569335
569337
569339
569343
569345
569346
569531
569610
569644
569649
569651
569652
569653
569655
569658
569660
569664
569668
569687
569690
569692
569694
569700
569707
569949
570173
570300
570375
570385
570401
570404
570411
570421
570424
570533
570831
570832
570903
570906
570907
570908
570909
570910
570913
570914
570915
570916
570949
570950
570970
571201
571205
571206
571217
571218
571219
571236
571284
571439
571446
571452
571454
571455
571457
571458
571459
571460
571462
571464
571465
571466
571467
571468
571469
571470
571471
571472
571473
571474
571475
571476
571477
571478
571479
571480
571481
571482
571483
571484
571485
571486
571487
571488
571489
571492
571494
571495
571496
571497
571498
571499
571500
571501
571502
571503
571504
571650
571950
572153
572239
572287
572288
572289
572290
572388
572394
572398
572402
572416
572423
572425
572441
572458
572460
572461
572464
572467
572470
572981
572986
572988
572989
572991
572993
572997
573000
573012
573014
573015
573016
573017
573020
573021
573023
573027
573042
573043
573044
573045
573053
573054
573055
573057
573165
573166
573171
573172
573173
573174
573175
573176
573199
573409
573591
573615
573792
573793
573797
573798
573800
573824
573867
573900
573904
573915
573940
573941
573942
573944
573948
573950
573953
573954
573960
573961
573962
573964
573966
573967
573968
573977
574038
574040
574147
574148
574151
574156
574157
574215
574216
574217
574230
574296
574297
574298
574299
574547
574548
574549
574653
574745
574890
574984
574986
575456
575457
575458
575460
575561
575562
575608
575610
575913
575917
575918
575932
575935
575940
575979
575980
575982
576144
576253
576254
576255
576256
576259
576261
576262
576263
576264
576265
576266
576267
576268
576352
576546
576547
576571
576572
576690
576691
576692
576693
576702
576707
576712
576713
576714
576789
576790
576791
576877
576878
576879
576880
576881
576882
576884
576885
576887
576889
576890
576897
576898
576899
576900
576901
576902
576903
576904
576947
576948
577122
577124
577445
577537
577538
577540
577541
577566
577567
577570
577575
578079
578107
578134
578234
578302
578304
578305
578307
578319
578361
578362
578363
578364
578365
578368
578375
578376
578378
578379
578380
578381
578382
578383
578384
578385
578386
578387
578388
578389
578390
578394
578397
578398
578399
578401
578402
578403
578404
578405
578406
578407
578408
578409
578410
578413
578414
578418
578419
578420
578423
578424
578425
578427
578428
578429
578430
578431
578432
578435
578436
578437
578438
578439
578442
578443
578444
578445
578448
578449
578450
578451
578452
578500
578504
578506
578509
578512
578513
578514
578518
578520
578521
578522
578617
578670
578839
578998
578999
579001
579002
579003
579004
579007
579113
579114
579115
579117
579131
579134
579135
579163
579164
579166
579167
579171
579173
579407
579408
579410
579411
579416
579420
579422
579423
579425
579429
579430
579431
579432
579434
579436
579437
579438
579439
579440
579441
579444
579445
580060
580156
580254
580295
580299
580300
580302
580308
580313
580314
580433
580434
580435
580437
580440
580443
580447
580448
580449
580513
580546
580585
580588
580590
580591
580592
580593
580595
580840
581024
581037
581119
582345
582382
582384
582386
582389
582390
582396
582397
582400
582816
582817
582869
582964
582966
582968
582976
582986
582987
582988
582989
582996
582997
582998
582999
583000
583002
583004
583005
583007
583008
583011
583013
583015
583016
583017
583019
583020
583022
583023
583036
583046
584658
584660
584711
584892
585041
585042
585044
585046
585053
585059
585060
585063
585064
585066
585067
585068
585070
585071
585072
585073
585077
585078
585079
585080
585081
585082
585083
585084
585085
585086
585087
585088
585089
585090
585093
585094
585095
585096
585097
585177
585195
585227
585241
585680
585749
585756
585766
585768
585775
585776
585782
585798
585802
585803
585893
585894
585895
586028
586029
586140
586141
586144
586146
586148
586153
586154
586155
586156
586160
586168
586170
586175
586176
586178
586183
586188
586189
586201
586203
586205
586210
586213
586215
586217
586265
586418
586420
586421
586424
586425
586433
586439
586443
586445
586450
586461
586463
586465
586466
586467
586471
586475
586477
586478
586480
586481
586482
586488
586489
586490
586491
586492
586494
586496
586499
586504
586505
586506
586507
586508
586509
587077
587080
587081
587083
587084
587087
587088
587089
587090
587091
587094
587095
587096
587098
587102
587104
587105
587106
587108
587109
587115
587116
587117
587119
587120
587122
587123
587197
587204
587205
587206
587207
587208
587209
587210
587211
587212
587213
587214
587215
587216
587217
587218
587221
587222
587223
587224
587225
587226
587227
587228
587229
587230
587231
587232
587233
587234
587235
587236
587237
587238
587239
587240
587241
587242
587243
587244
587245
587247
587248
587249
587250
587251
587252
587253
587254
587255
587256
587257
587258
587259
587260
587261
587262
587263
587264
587266
587267
587268
587269
587270
587272
587273
587274
587276
587277
587278
587280
587281
587313
587314
587347
587348
587349
587350
587351
587361
587370
587432
587620
587624
587638
587639
587641
587642
587643
587644
587645
587647
588068
588181
588183
588185
588186
588187
588188
588189
588224
588532
588752
589524
589912
589918
590403
590404
590636
590647
590739
590742
590743
590745
591068
591070
591144
591160
591166
591487
591848
591849
592206
592207
592237
592266
592271
592333
592334
592335
592626
592633
592634
593131
593138
593139
593142
593144
593155
593156
593158
593172
593173
593175
593176
593177
593179
593181
593183
593186
593187
593192
593197
593198
593199
593200
593572
593888
593889
593890
593897
593903
593915
593933
593951
593953
593964
593984
593990
593997
593998
594673
595218
595230
595231
595234
595235
595652
595895
596165
596239
596240
596283
596284
596286
596477
596489
596768
596956
596957
598494
598573
598577
598579
598580
598581
598589
598654
598671
598673
598675
598746
598747
600649
600650
600654
602011
602015
602016
602017
602020
602074
603003
603333
604276
604277
604339
604436
604442
604444
604445
604450
607682
607683
607684
607716
608401
608504
608577
608582
608585
608589
608592
608593
608595
608597
608598
608600
608601
608624
608636
608648
610165
610166
610167
610168
610169
610170
610171
610172
610173
610174
610175
610176
610177
610178
610179
610180
610190
610194
610206
610208
611314
611707
611708
611709
611724
611727
611749
611755
611758
611761
611762
613024
613118
613191
613192
614033
614034
614035
614036
614037
614038
614039
614040
614041
614042
614043
614044
614046
614047
614048
614055
614072
616674
616834
616865
616868
616870
616891
616904
616922
616923
616924
616925
616926
616927
616928
616929
616930
616931
616932
616933
616934
616936
616937
616938
616939
616940
616941
616942
617102
617127
619317
619318
619428
619591
619599
619631
619878
619879
619880
619881
620841
620894
621175
621177
621178
621180
621182
621183
621187
621188
621190
621192
621193
621195
621196
621197
621198
621201
621204
621208
621214
621276
621277
621278
622176
622186
622356
622676
622707
622708
622709
622712
622718
623705
623708
623710
624134
624430
624440
624772
624773
624774
624775
624776
624777
624778
624779
624780
624781
624782
624783
624784
624785
624786
624787
624788
626157
626159
626160
626164
626166
626167
626174
626177
626180
626181
626182
626187
626195
626196
626355
626776
626959
626962
626985
627087
627198
627251
627258
627273
627331
627338
627347
627348
627350
627351
627352
627353
627354
627355
627356
627357
627362
627364
627366
627367
627372
627376
627377
627378
627379
627381
627382
627386
627387
627388
627390
627393
627396
627397
627400
627406
627409
627416
627420
627421
627422
627428
627431
627432
627433
627434
627435
627436
627439
627440
627442
627474
627479
627480
627500
627518
627522
627523
627524
627525
627530
627532
627533
627534
627536
627538
627541
627542
627544
627545
627546
627547
627548
627549
627550
627551
627553
627554
627555
627556
627557
627558
627559
627561
627563
627565
627566
627567
627570
627571
627572
627573
627574
627575
627576
627577
627578
627579
627580
627581
627582
627583
627584
627585
627588
627607
629212
629213
629216
629220
629221
629224
629271
629701
629705
629725
629726
629727
629728
629730
629735
629736
629737
629739
629740
630199
630608
631257
631259
631262
631265
631267
631272
631278
631282
631287
631292
631293
631300
631304
631311
631345
631424
631428
631431
631714
631718
631719
632112
632113
632115
632120
632121
632126
632127
632128
632129
632130
632131
632133
632134
632135
632136
632137
632743
632783
632784
632785
632787
632789
632794
632797
632801
632804
632805
632807
632810
632817
632820
632823
632855
632861
632872
632901
632909
633135
633137
633140
633441
633442
633557
633679
633835
633836
633837
633838
633841
633844
633846
633854
633855
633856
633858
634168
634441
634772
634962
635009
635010
635011
635012
635076
635099
635100
635101
635102
635135
635136
635139
635140
635211
635213
637730
637888
638149
638281
638299
638304
638306
638307
638308
638310
638313
638358
638660
638664
638927
639968
639970
639973
639975
639977
639984
639985
639997
640022
640136
640148
640156
640172
640181
640327
640506
640507
640862
640897
640907
640909
640913
640915
640916
640917
640918
640919
640920
640921
640923
640929
640930
640931
640932
641158
641245
641312
641313
641314
641316
641320
641322
641323
641324
641328
641330
641331
641332
641338
641339
641342
641344
641345
641348
641349
641350
641353
641357
641358
641360
641361
641363
641364
641487
641577
641589
641594
641809
641812
641832
641833
641835
641836
641838
641884
641982
641984
641985
641996
641997
642004
642006
642015
642022
642111
642248
642251
642252
642253
642254
642255
642256
642257
642258
642259
642260
642478
642480
642481
642485
642486
642490
642493
642590
642794
642926
643107
643113
643114
643117
643120
643126
643132
643133
643212
643400
643541
643569
643688
643689
643690
643695
643854
643876
643879
643887
643888
643892
643967
643969
643972
643973
643976
643979
643982
643983
643986
643988
643990
643993
643996
643997
643998
644000
644001
644002
644003
644004
644007
644025
644026
644028
644029
644030
644031
644032
644034
644035
644036
644037
644151
644199
644224
644243
644244
644250
644253
644254
644255
644256
644257
644260
644289
644371
644373
644374
644524
644563
644609
644610
644626
644635
644647
644649
644650
644674
644681
644686
644691
644694
644696
644698
644699
644706
644773
644774
644775
644776
644777
644779
644781
644783
644786
644788
644920
644921
644922
645113
645116
645117
645161
645233
645425
645427
645428
645449
645516
645581
645664
645687
645736
645771
645794
645800
645803
645805
645806
645817
645823
645824
645834
645845
645851
645852
645858
645863
645868
645870
645873
645966
646010
646134
646136
646272
646294
646300
646301
646302
646303
646413
646416
646418
646419
646420
646421
646442
646448
646454
646456
646457
646460
646491
646527
646542
646558
646561
646571
646575
646577
646581
646587
646593
646610
646618
646620
646621
646622
646623
646704
647095
647174
647176
647183
647187
647192
647193
647197
647199
647201
647203
647205
647206
647208
647214
647215
647219
647293
647294
647340
647344
647345
647346
647357
647358
647362
647364
647370
647371
647445
647450
647451
647452
647453
647455
647456
647457
647458
647460
647461
647465
647466
647467
647471
647511
647514
647515
647516
647517
647519
647520
647521
647527
647616
647712
647713
647716
647923
648016
648017
648109
648157
648165
648204
648205
648206
648208
648209
648212
648213
648214
648215
648216
648219
648221
648223
648224
648225
648226
648227
648228
648229
648801
648856
648998
649187
649191
649193
649258
649259
649260
649261
649262
649272
649283
649348
649449
649509
649604
649622
649623
649624
649626
649628
649629
649630
649631
649633
649634
649635
649636
649688
649727
649729
649731
649732
649735
649738
649878
649890
649898
649900
649936
649994
649995
649996
650121
650403
650404
650405
650407
650408
650410
650411
650513
651000
651089
651090
651092
651103
651115
651134
651284
651579
651580
651733
651994
651995
651997
651998
651999
652000
652001
652002
652003
652004
652008
652011
652012
652537
652717
652718
652719
652723
652810
652812
652936
653170
653171
653173
653175
653182
653183
653188
653216
653237
653266
653358
653361
653691
653692
653694
653708
653713
653715
653722
653896
653947
654254
654256
654263
654276
654284
654289
654300
654314
654315
654353
654422
654425
654690
654692
654769
654811
654901
654964
655097
655098
655197
655210
655282
655284
655288
655289
655291
655300
655302
655314
655341
655428
655477
655603
655689
655691
656017
656018
656019
656020
656021
656022
656023
656025
656028
656034
656035
656037
656039
656041
656047
656054
656055
656058
656114
656115
656118
656190
656234
656235
656263
656290
656496
656520
656813
656841
656852
656854
656864
656880
656889
657027
657035
657043
657045
657046
657047
657048
657050
657051
657209
657375
657376
657378
657416
657430
657431
657542
657552
657608
657610
657663
657664
657665
657666
657668
657669
657673
657675
657681
657682
657691
657695
657696
657698
657700
657704
657708
657710
657712
657714
657721
657722
657723
657727
657729
657732
657734
657735
657736
657737
657739
657742
657747
657752
657753
657754
657755
657759
657764
657765
657767
657768
657772
657774
657776
657779
657781
657785
657788
657793
657798
657799
657808
657809
657810
657811
657815
657816
657817
657820
657829
657832
657834
657835
657836
657839
657841
657846
657847
657849
657853
657856
657857
657858
657860
657861
657863
657864
657866
657875
657878
657883
657886
657888
657890
657891
657893
657894
657895
657899
657901
657905
657911
657912
657914
657916
657917
657924
657925
657926
657927
657929
657931
657933
657934
657935
657939
657940
657941
657943
657945
657948
657953
657954
657961
657964
657968
657969
657974
658048
658111
658205
658207
658208
658210
658211
658213
658214
658390
658391
658397
658401
658402
658422
658562
658564
658565
658567
658568
658569
658570
658571
658572
658573
658574
658575
658576
658577
658578
658647
658667
658904
658929
658930
659270
659364
659365
659366
659367
659371
659372
659373
659374
659460
659465
659484
659497
659612
659614
659621
659630
659634
659641
659660
659661
659665
659668
660105
660542
660543
660564
660566
660568
660572
660581
660656
660657
660658
660659
660661
660662
660664
660666
660669
660671
660673
660687
660694
660773
660837
660869
660890
660954
660955
661046
661075
661101
661121
661231
661235
661236
661237
661240
661256
661259
661262
661264
661274
661282
661286
661287
661293
661297
661298
661301
661307
661315
661316
661317
661318
661319
661505
661526
661543
661557
662108
662110
662112
662113
662114
662115
662116
662436
662468
662562
662563
662564
662565
662566
662567
662569
662570
662571
662572
662573
662574
662575
662576
662577
662578
662579
662580
662581
662582
662584
662585
662586
662593
662596
662614
662622
662623
662636
662640
662783
662851
662852
662863
662864
663198
663200
663236
663237
663239
663241
663244
663248
663251
663255
663265
663267
663279
663280
663281
663282
663440
663553
663554
663556
663557
663558
663559
663560
663565
664077
664085
664088
664095
664122
664136
664255
664256
664257
664488
664497
664498
664500
664501
664503
664504
664510
664516
664535
664549
664551
664558
664561
664562
664582
664584
664586
664587
664588
664589
664591
664594
664595
664596
664597
664598
664614
664615
664616
664649
664650
664655
664661
664696
664704
664706
664713
664721
664723
664724
664726
664730
664756
664778
664785
664818
664835
664899
664980
665008
665032
665033
665102
665463
665589
665602
665616
665883
665884
665886
665915
666057
666144
666145
666147
666189
666193
666196
666205
666206
666214
666215
666219
666220
666225
666227
666229
666231
666232
666235
666242
666244
666245
666251
666255
666257
666260
666273
666276
666277
666279
666284
666301
666305
666307
666317
666363
666474
666497
666502
666503
666635
666636
666641
666810
666853
666859
666888
666898
666961
666962
666966
666969
667067
667069
667093
667119
667346
667428
667429
667430
667431
667432
667433
667435
667436
667437
667438
667439
667440
667442
667443
667445
667446
667447
667514
667516
667517
667522
667532
667533
667555
667723
668292
668548
668549
668618
669008
669059
669060
669079
669377
669485
669875
669911
669952
669975
669983
670001
670003
670116
670122
670125
670134
670136
670137
670138
670139
670198
670199
670247
670248
670251
670252
670524
670525
670534
670753
670754
670755
670756
670757
670759
670785
670787
670788
670792
670883
671095
671126
671152
671154
671155
671157
671163
671496
671497
671498
671779
671812
671820
671822
671823
671830
671832
671833
671834
671836
672020
672021
672335
672336
672372
672375
672377
672380
672383
672391
672392
672410
672412
672786
673019
673020
673021
673026
673031
673038
673040
673042
673053
673055
673057
673065
673323
673361
673363
673364
673365
673368
673374
673375
673376
673388
673391
673402
673415
673425
673428
673443
673457
673515
673763
673764
673765
673790
673792
673795
673796
673800
673801
673802
673803
673804
673805
673807
673809
673814
673815
673819
673822
673824
673825
673826
673827
673832
673833
673834
673835
673836
673837
673838
673839
673840
673841
673873
673878
673881
674077
674081
674082
674086
674089
674092
674093
674908
674930
674952
674953
674954
674962
674970
674971
674976
674979
674980
674981
674982
674983
674984
674996
675005
675006
675007
675008
675010
675011
675012
675013
675014
675015
675016
675017
675019
675020
675021
675022
675023
675024
675025
675026
675028
675029
675030
675031
675032
675035
675036
675037
675039
675041
675042
675044
675048
675049
675050
675053
675054
675056
675057
675058
675059
675060
675061
675062
675063
675064
675065
675066
675068
675070
675071
675072
675073
675074
675075
675076
675077
675123
675389
675661
675662
675664
675665
675666
675667
675668
675844
675845
676017
676036
676044
676083
676130
676234
676516
676524
676532
676537
676540
676544
676550
676552
676558
676566
676589
676590
676595
676598
676676
676695
676698
676703
676704
676705
676709
676724
676726
676736
676737
676745
676760
676762
676765
676777
676778
678622
678623
678664
678668
678674
678675
678676
678681
678682
678683
678684
678686
678688
678693
678698
678795
678818
678820
679019
679172
679182
679280
679281
679282
679283
679284
679285
679287
679289
679290
679292
679294
679295
679296
679297
679298
679300
679301
679302
679303
679304
679305
679306
679307
679309
679311
679314
679443
679444
679536
679568
679579
679582
679585
679727
679736
679738
679754
679762
679767
679801
679809
679811
679838
679845
679849
679873
679879
680063
680067
680070
680112
680114
680115
680116
680155
680156
680159
680160
680161
680169
680170
680171
680180
680182
680185
680194
680272
680277
680287
680459
680502
680504
680505
680506
680509
680510
680511
680512
680513
680514
680516
680517
680518
680523
680524
680525
680527
680528
680530
680531
680532
680533
680535
680536
680538
680539
680541
680542
680543
680546
680547
680550
680555
680559
680562
680565
680566
680567
680568
680570
680573
680574
680576
680578
680579
680581
680585
680589
680590
680591
680592
680593
680594
680597
680602
680607
680613
680618
680620
680622
680688
680689
680690
680691
680692
680694
680696
680699
680700
680701
680709
680710
680712
680713
680715
680717
680718
680720
680722
680729
680730
680731
680732
680736
680737
680739
680740
680741
680742
680743
680745
680746
680747
680748
680750
680751
680753
680754
680755
680756
680759
680760
680761
680762
680763
680764
680767
680769
680771
680772
680775
680777
680783
680784
680788
680790
680791
680792
680801
680802
680804
680805
680813
680818
680822
680823
680825
680826
680830
680837
680838
680844
680848
680849
680850
680851
680852
680854
680856
680859
680861
680862
680863
680864
680866
680867
680872
680876
680880
680882
680885
680890
680892
680895
680898
680899
680900
680901
680902
680903
680904
680905
680907
680908
680909
680910
680913
680917
680918
680919
680921
680924
680926
680933
680952
680963
680970
680971
680976
680987
680988
680989
680996
680998
680999
681000
681005
681008
681010
681011
681013
681016
681022
681024
681027
681030
681032
681038
681054
681057
681058
681059
681061
681065
681066
681067
681068
681069
681071
681072
681073
681074
681075
681076
681281
681518
681647
681855
681862
681885
681999
682002
682003
682013
682014
682015
682019
682025
682031
682033
682035
682036
682042
682045
682048
682049
682050
682056
682057
682123
682125
682370
682382
682383
682384
682424
682470
682489
682492
682508
682568
682650
682651
682809
682814
682816
682818
682821
682822
682823
682835
682837
682839
682840
682843
682867
682884
683084
683085
683088
683089
683090
683091
683103
683169
683172
683173
683174
683176
683178
683686
683687
683688
683690
683691
683735
683777
683779
683780
683781
683785
683786
683788
683789
683790
683791
683792
683793
683794
683795
683796
683797
683799
683800
683801
683802
683803
683843
683852
683855
683861
684135
684141
684163
684206
684207
684215
684225
684228
684256
684261
684296
684388
684389
684393
684394
684396
684412
684418
684448
684455
684456
684461
684465
684466
684468
684471
684472
684475
684481
684483
684485
684486
684487
684492
684493
684494
684498
684499
684502
684503
684504
684505
684506
684507
684509
684510
684513
684514
684515
684516
684520
684521
684522
684526
684527
684534
684535
684536
684537
684538
684563
684567
684570
684572
684574
684575
684577
684578
684579
684583
684584
684585
684596
684605
684607
684608
685026
685180
685183
685299
685308
685309
685310
685311
685315
685316
685317
685318
685319
685321
685324
685325
685326
685327
685443
685506
685892
685899
685973
686147
686189
686197
686262
686439
686452
686464
686481
686483
686493
686501
686516
686521
686531
686533
686549
686554
686557
686558
686559
686560
686561
686562
686563
686565
686629
686631
686635
686643
686880
686882
686883
686884
686885
686886
686887
686888
686889
686890
686891
686892
686896
686961
686963
686982
686983
686984
686985
687239
687329
687331
687332
687333
687334
687335
687336
687337
687338
687339
687340
687341
687342
687343
687344
687345
687346
687347
687348
687349
687350
687351
687352
687353
687354
687355
687356
687357
687358
687359
687360
687361
687362
687363
687364
687365
687366
687367
687368
687369
687370
687371
687372
687373
687374
687375
687376
687377
687379
687380
687381
687382
687383
687384
687385
687386
687387
687799
687800
687801
687802
687803
687870
687871
687872
687873
687875
687879
687880
687882
687884
687887
687889
687890
687891
687893
687894
687895
687896
687897
687898
687917
687918
688075
688077
688436
688437
688438
688449
688452
688453
688455
688457
688459
688461
688463
688540
688663
688664
688668
688669
688670
688672
688679
688681
688688
688689
688691
688692
688693
688695
688697
688699
688701
689403
689404
689405
689406
689414
689614
689615
689654
689759
689771
689968
689987
689992
689995
690006
690043
690046
690047
690048
690049
690050
690054
690055
690057
690059
690060
690062
690063
690064
690068
690069
690070
690072
690073
690074
690075
690078
690079
690080
690081
690082
690272
690273
690285
690693
690878
690897
690976
690977
690978
690979
690980
690981
690982
690984
690985
690986
690987
690988
690989
690992
690994
690995
690996
690997
690998
691002
691003
691004
691007
691008
691010
691280
691281
691282
691290
691291
691292
691293
691295
691298
691301
691303
691305
691306
691310
691311
691317
691318
691319
691461
691462
691464
691465
691466
691469
691470
691471
691472
691473
691475
691476
691480
691481
691483
691484
691485
691487
691489
691491
691492
691494
691499
691500
691501
691502
691504
691510
691512
691513
691515
691524
691532
691534
691538
691767
691832
691852
691877
691911
691918
691919
691926
691942
691944
691945
691955
691956
691957
691958
691961
691963
691964
691965
691966
692069
692251
692256
692258
692263
692264
692265
692266
692526
692559
692574
692605
692606
692607
693015
693021
693066
693116
693272
693419
693426
693427
693428
693450
693581
693626
693627
693628
693629
693632
693657
693866
693867
693868
693873
693892
693894
693897
693898
693995
693996
693997
693998
693999
694000
694001
694002
694003
694005
694006
694007
694008
694009
694013
694014
694015
694017
694018
694057
694058
694060
694065
694066
694067
694213
694447
694448
694466
694511
694581
694582
696012
696013
696069
696098
696218
696408
696410
696472
696746
696786
696806
696807
696820
696821
696822
696823
696824
696825
696827
696828
696829
696831
696832
696833
696834
696836
696837
696855
696859
696863
696874
696984
696988
696992
696995
696997
696998
697093
697192
697244
697289
697290
697298
697300
697301
697584
697593
697594
697608
697611
697628
697690
697693
697699
697710
697712
697715
697719
697721
697729
697731
697750
697759
697762
697775
697777
697781
697782
697809
697812
697832
697852
697855
697858
697872
697874
697905
697906
697950
698338
698344
698345
698347
698349
698398
698400
698419
698486
698487
698488
698489
698490
698657
698658
698662
698663
698664
698667
698668
698672
698704
698705
698706
698707
698708
698728
698798
698834
698836
698845
698847
698857
698883
698884
698885
698887
698888
698891
698892
698894
698895
698902
698905
698909
698911
698918
698921
698935
699001
699003
699004
699022
699023
699166
699180
699181
699182
699189
699370
700512
700542
700591
700939
700948
700950
700960
700964
700971
700974
700976
700992
700996
701005
701006
701012
701016
701017
701018
701022
701025
701027
701028
701029
701030
701032
701034
701038
701071
701090
701235
701251
701257
701454
701455
701456
701751
701754
701756
701799
701807
701816
701817
701818
701819
701821
701822
701824
701827
701828
701835
701849
701854
701856
701866
702172
702173
702267
702508
702516
702527
702531
702534
702537
702538
702542
702558
702560
702561
702562
702691
702700
702706
702718
702722
702725
702729
702730
702731
702732
702733
702734
702736
702738
702779
702781
702782
702783
702784
702786
702787
702788
702789
702792
702793
702794
702795
702796
702798
702800
702802
702803
702805
702806
702807
702809
702810
702811
702821
702822
703038
703042
703045
703063
703079
703084
703117
703126
703169
703175
703202
703346
703351
703409
703555
703582
703611
703633
703646
703647
703659
703660
703661
703662
703664
703665
703673
703690
703694
703713
703716
703744
703746
703944
703946
704909
704943
704962
705015
705021
705080
705435
705441
705451
705461
705462
705468
705475
705479
705480
705484
705486
705489
705494
705497
705498
705503
705513
705517
705518
705524
705525
705544
706122
706195
706250
706429
706430
706431
706432
706451
706452
706454
706455
706456
706457
706458
706459
706461
706462
706463
706464
706465
706466
706467
706468
706469
706497
706524
706525
706526
706527
706530
706531
706686
707008
707152
707153
707154
707156
707157
707376
707378
707379
707381
707382
707384
707385
707386
707389
707391
707398
707401
707405
707406
707407
707408
707409
707411
707414
707415
707416
707417
707419
707420
707423
707424
707425
707426
707427
707430
707431
707432
707433
707435
707436
707437
707441
707442
707443
707445
707446
707447
707449
707450
707451
707452
707454
707455
707456
707458
707460
707463
707464
707467
707471
707476
707481
707485
707486
707487
707488
707489
707490
707491
707492
707493
707495
707496
707497
707498
707499
707500
707501
707502
707505
707507
707508
707509
707511
707512
707515
707516
707517
707518
707519
707520
707521
707522
707523
707524
707525
707526
707527
707528
707530
707531
707532
707534
707536
707538
707539
707540
707541
707542
707543
707544
707545
707546
707645
707757
707878
707882
707957
707958
707969
708161
708434
708529
708543
708561
708565
708567
708581
708637
708638
709481
709484
709489
709537
709906
709915
709916
709917
709922
709927
709935
709937
709940
709943
709944
709950
709954
709955
709967
709968
710077
710078
710079
710080
710081
710082
710083
710084
710112
710196
710197
710198
710225
710492
710516
710517
710518
710533
710545
710664
710665
710668
710749
710750
710777
711465
711466
711470
712031
712035
712037
713089
713091
713092
713098
713111
713142
713153
713685
713937
713949
714200
714232
714242
714243
714249
714253
714257
714258
714288
714290
714297
714299
714308
714309
714310
714368
714371
714373
714384
714557
714561
714562
714567
714568
714583
714615
714640
714929
714933
714978
715223
715449
715480
715493
715494
715495
715876
716011
716023
716037
716041
716071
716096
716137
716168
716267
716286
716302
716372
716683
716869
716870
716871
716872
716873
716874
716875
716878
716912
716920
716923
717464
717465
717466
717529
717530
717544
717636
717637
717641
717674
717677
717678
717679
717680
717681
717848
718007
718008
720640
720652
720655
720657
720659
720661
720663
720666
720669
720675
720708
721838
721967
722417
722418
722424
722755
722763
722896
722898
722900
722901
722902
722903
722905
722907
722912
722913
722914
722916
722917
723674
723692
723720
723722
723725
723726
723734
723735
723750
723757
723766
723778
723782
723783
723786
723791
723802
723894
723895
727906
727907
727909
727912
727914
727916
727919
727924
727925
727926
727929
727931
727932
727934
727937
727938
727939
727940
727962
727977
727987
727988
728233
732201
735354
735356
735496
735503
735504
740933
740934
740942
740943
740950
740971
741184
741199
741206
741211
741336
741337
741368
741377
741733
741942
741956
741957
741977
741995
741997
741998
741999
742000
742001
742003
742004
742005
742012
742162
742163
742193
742198
742215
742218
742220
742249
742253
742256
742266
742268
742270
742275
742278
742279
742280
742284
742293
742294
742300
742307
742308
742314
742487
742489
742494
742495
742496
742497
742498
742689
742793
742819
742822
742824
742825
742826
742914
742915
742916
742917
742918
742919
742920
742922
742923
742924
742925
742932
742935
742940
742941
742942
742943
742944
742946
742949
742953
742956
742957
742958
742960
742969
742980
742984
742985
742989
742994
742998
743023
743026
743031
743033
743035
743040
743247
743290
743300
743493
743529
743531
743532
743533
743534
743535
743536
743537
743538
743539
743540
743541
743542
743543
743544
743545
743546
743547
743549
743550
743551
743552
743553
743554
743555
743556
743557
743558
743559
743560
743561
743562
743563
743564
743565
743566
743567
743568
743569
743570
743571
743572
743573
743574
743575
743576
743577
743578
743579
743580
743581
743582
743583
743584
743585
743586
743587
743588
743589
743590
743591
743592
743593
743594
743595
743596
743597
743598
743811
743812
743813
743839
743844
743860
743954
743959
743961
743964
744414
744415
744416
744427
744445
744452
744732
744736
744739
744740
744744
744745
744747
744748
744749
744752
744754
744755
744760
744762
744763
744764
744765
744767
744768
744770
744771
744772
744773
744774
744775
744777
744778
744782
744783
744784
744786
744794
744799
744800
744801
744802
744807
744812
744828
744833
744835
744837
744842
745043
745044
745070
745076
745078
745088
745091
745092
745095
745096
745097
745098
745099
745100
745101
745103
745104
745105
745106
745107
745108
745157
745159
745164
745176
745387
745709
745716
745735
745738
745740
745895
745896
746046
746052
746053
746063
746069
746072
746080
746087
746088
746098
746101
746110
746543
746830
746831
746832
746847
747015
747019
747020
747022
747029
747035
747038
747056
747223
747226
747305
747658
747763
747781
747785
747787
747796
747802
747804
747811
747814
747818
747827
747828
747836
747846
747854
747857
747874
747881
747882
747884
747887
747896
747898
747904
747907
747912
747914
747922
747927
747929
747941
747943
747945
747946
747948
747951
747958
747959
747973
747974
747975
747976
748006
748134
748139
748170
748172
748174
748191
748192
748243
748300
748307
748309
748427
748540
748549
748550
748551
748570
748667
748771
749223
749224
749343
749344
749390
749413
749416
749423
749424
749426
749427
749431
749438
749447
749994
750032
750035
750044
750059
750075
750096
750103
750117
750123
750130
750138
750162
750171
750173
750451
750468
750506
750515
750521
750524
750533
750561
750599
750611
750617
750634
750640
750662
750670
750677
750680
750695
750697
750759
750789
750803
750807
750809
750811
750831
750841
750845
750853
750870
750895
750963
750978
751030
751049
751063
751104
751134
751286
751294
751366
751369
751376
751412
751424
751429
751438
751492
751506
751509
751512
751554
751556
751557
751559
751560
751561
751563
751564
751565
751566
751567
751569
751570
751571
752102
752103
752104
752106
752107
752110
752111
752112
752113
752114
752115
752116
752117
752118
752119
752120
752131
752132
752134
752138
752142
752144
752148
752149
752150
752152
752226
752231
752232
752237
752239
752241
753084
753085
753087
753089
753577
753579
753580
753581
753583
753586
753587
753589
753590
753591
753593
753594
753598
753599
753600
753601
753602
753603
753605
753608
753610
753658
753665
753669
753670
753758
754004
754032
754037
754038
754039
754040
754041
754042
754043
754044
754045
754046
754048
754049
754051
754052
754053
754055
754056
754058
754059
754064
754066
754067
754069
754070
754072
754073
754074
754075
754149
754172
754182
754368
754372
754381
754441
754485
754492
754493
754497
754527
754528
754756
755164
755272
755275
755276
755277
755278
755284
755285
755289
755290
755292
755293
755294
755297
755298
755299
755300
755302
755303
755304
756274
756275
756276
756277
756278
756280
756282
756283
756285
756342
756347
756350
756351
756352
756353
756418
756419
756420
756495
756496
756497
756651
756696
756756
756759
756849
756850
756894
756895
756955
756956
756958
756970
756973
756976
756977
756978
756983
756986
756987
757016
757017
757018
757019
757020
757021
757023
757025
757340
757342
757359
757426
757427
758504
758677
758813
758814
758815
758863
758864
758865
758866
758894
758899
758907
758918
759124
759125
759162
759188
759197
759207
759222
759224
759226
759232
759389
759390
759414
759416
759417
759418
759419
759421
759423
759425
759426
759427
759428
759430
759431
759432
759435
759437
759438
759440
759441
759444
759445
759446
759447
759448
759449
759450
759451
759452
759453
759454
759455
759458
759460
759461
759463
759464
759469
759470
759471
759472
759473
759474
759476
759477
759480
759482
759483
759485
759488
759489
759490
759491
759493
759494
759495
759496
759497
759499
759500
759501
759502
759503
759504
759506
759508
759509
759514
759516
759517
759519
759520
759521
759523
759525
759527
759528
759529
759531
759532
759533
759534
759535
759537
759538
759539
759542
759544
759545
759546
759548
759549
759550
759553
759554
759555
759556
759557
759559
759560
759561
759562
759563
759564
759566
759575
759576
759577
759578
759579
759580
759581
759582
759584
759585
759586
759587
759588
759701
759716
759729
759731
759753
759754
759755
759804
759866
759868
759883
759886
759888
759892
759893
759894
759895
759896
759897
759898
759938
759939
760065
760067
760068
760070
760074
760077
760078
760080
760081
760082
760087
760088
760093
760216
760530
760561
760572
760578
760579
760580
760582
760587
760588
760610
760615
760616
760658
760727
760732
760897
760908
760911
760916
760924
760925
760926
760928
760929
760935
760939
761020
761022
761023
761189
761202
761205
761211
761214
761225
761228
761229
761231
761234
761235
761238
761240
761245
761253
761660
761661
761665
761666
761676
761677
761683
761701
761702
761705
761706
761707
761710
761711
761712
761773
761783
761790
761820
761825
761826
761827
761829
761830
761832
761833
761834
761835
761836
761837
761838
761967
762299
762304
762377
762378
762379
762380
762381
762382
762383
762384
762385
762386
762387
762388
762389
762390
762391
762392
762393
762394
762395
762396
762397
762398
762399
762400
762401
762402
762404
762405
762406
762407
762408
762409
762410
762411
762412
762413
762414
762415
762416
762417
762418
762419
762420
762421
762422
762423
762424
762428
762429
762430
762432
762436
762450
762509
762511
762660
762860
762905
762906
762907
762908
762909
762916
762921
762922
762924
762926
762927
762928
762930
762931
762932
762933
762936
762937
762938
762939
762940
762941
762943
762944
762945
763077
763441
763444
763445
763449
763452
763494
763552
763564
763567
763572
763587
763602
763604
763607
763619
763623
763628
763784
763792
763799
763863
763916
763918
763998
763999
764013
764014
764030
764142
764143
764243
764245
764247
764260
764263
764348
764520
764561
764562
764592
764595
764599
764823
765051
765052
765054
765055
765056
765146
765147
765252
765258
765422
765423
765444
765447
765454
765458
765460
765463
765467
765468
765470
765471
765473
765474
765479
765481
765489
765490
765491
765493
765497
765499
765501
765503
765507
765508
765510
765516
765521
765527
765530
765532
765539
765540
765548
765552
765556
765560
765565
765574
765582
765589
765602
765606
765607
765613
765614
765619
765623
765628
765629
765631
765646
765655
765657
765658
765696
765754
765759
765765
766513
766517
766519
766791
766792
767161
767162
767163
767206
767219
767236
767244
767344
767345
767348
767354
767473
767474
767476
767521
767710
767806
767934
767945
767955
767956
767962
767979
767981
767982
767993
768007
768015
768018
768113
768381
768390
768393
768396
768405
768406
768411
768418
768419
768430
768431
768432
768435
768436
768437
768438
768476
768646
768647
768655
768661
768662
768663
768665
768666
768722
768723
768738
768739
768743
768744
768789
771789
792674
795120
795346
795347
795348
795349
795350
795353
795354
795361
795372
795373
795376
795380
795381
795382
795383
795384
795385
795388
795402
795650
795653
795654
795655
795682
795691
795694
795695
795696
795814
795820
795821
796084
796085
796198
796199
796200
796201
796202
796203
796205
796206
796207
796208
796209
796338
796352
796588
796592
796901
796902
796908
797075
797379
797418
798072
798073
798074
798609
798621
798622
798625
804298
856335
856340
856349
856350
856368
856378
856380
856381
856393
856399
856412
856413
856418
856431
856435
856439
856444
856446
856454
856471
856494
856503
856506
856517
856525
856528
856530
856535
856540
856543
856546
856547
856550
856568
856580
856592
856606
856609
856618
856640
856723
856725
856735
856926
856944
856948
856962
857033
857266
857268
857275
857277
857288
857312
857317
857473
857474
857483
857510
857743
857744
858136
858167
858169
858219
858350
858367
858482
858485
858487
858488
858490
858491
858492
858494
858495
858496
858505
858506
858507
858508
858509
858510
858511
858512
858513
858514
858516
858517
858572
859129
859130
859133
859134
859135
859137
859138
859139
859146
859255
859630
859631
859650
859651
859987
859988
859989
859993
859994
859995
859996
859997
859998
859999
860000
860001
860002
860004
860007
860009
860011
860013
860014
860015
860016
860017
860018
860020
860024
860025
860026
860028
860031
860037
860040
860043
860044
860049
860058
860061
860062
860063
860064
860067
860069
860070
860071
860342
860343
860344
860533
860534
860964
861044
861045
861046
861047
861048
861164
861165
861173
861182
861184
861185
861196
861197
861243
861388
861391
861416
861448
861458
861460
861461
861463
861465
861466
861467
861468
861469
861470
861471
861472
861473
861474
861475
861519
861561
861568
861573
861586
862147
862153
862162
862165
862175
862242
862909
862943
862944
862945
863103
863108
863109
863114
863187
863215
863216
863240
863455
863456
863457
863465
863578
863603
863604
863605
863606
863607
863608
863916
863918
863941
863944
863947
864178
864187
864188
864192
864193
864195
864196
864197
864198
864199
864202
864204
864206
864207
864209
864212
864213
864214
864215
864217
864219
864220
864221
864226
864228
864229
864230
864232
864233
864234
864238
864239
864244
864245
864246
864250
864251
864252
864253
864256
864258
864259
864260
864261
864262
864264
864265
864266
864267
864269
864271
864272
864274
864276
864277
864279
864281
864282
864432
864433
864457
864596
864608
864613
864618
864619
864686
864692
864693
864694
864695
864696
864698
864804
865761
865776
865777
865780
865784
865790
865805
865816
865851
865852
865854
865957
865994
866339
866553
866598
866600
866603
866612
866633
866787
866853
866889
867160
867282
867283
867285
867286
867287
867288
867290
867291
867293
867297
867298
867299
867300
867301
867302
867304
867305
867306
867309
867310
867329
867695
867697
867698
867699
867700
867701
867702
867704
867705
867707
867708
867709
867710
867712
868567
868568
868569
868612
868613
868615
868622
868623
868629
868644
868651
868668
868670
868671
868680
868685
868687
868690
868691
868699
868703
868706
868709
868716
868718
868723
868734
868737
868744
868747
868764
868767
868769
868863
869132
869133
869134
869137
869138
869148
869152
869155
869156
869317
869320
869331
869338
869343
869351
869367
869376
869379
869380
869381
869383
869460
869475
869476
869477
869560
869661
869662
869663
869724
869733
869734
869740
869741
869742
869743
869746
869747
869749
870256
870261
870274
870281
870286
870287
870288
870461
870469
870470
870471
870473
870474
870475
870588
870710
870711
870712
870716
870740
870742
870749
870752
870755
870756
870758
870759
870762
870972
870973
870975
870976
870977
870978
870979
870981
870982
870983
871010
871011
871014
871016
871220
871222
871223
871227
871228
871231
871260
871521
871584
871597
871598
871604
871605
871607
871608
871609
871611
871612
871613
871618
871619
871620
871621
871634
871638
871639
871641
871649
871678
871679
871680
871681
871682
871683
871699
871700
871701
871711
871721
871736
871765
872269
872291
872294
872738
872774
873119
873160
873280
873290
873304
873380
873551
873552
873747
873787
873841
873997
874013
874029
874053
874121
874148
874267
874269
874272
874428
874430
874432
874460
874471
875071
875323
875324
875325
875326
875354
875356
875360
875361
875362
875363
875364
875365
875367
875371
875372
875495
875521
875607
875612
875613
875614
875615
875927
875929
876170
876285
876287
876449
876492
876548
876581
876853
877181
877240
877290
877304
877483
877491
877502
878257
878260
878322
878329
878330
878457
878458
878462
878463
878464
878466
878469
878470
878471
878472
878473
878521
878523
878524
878533
878546
879095
879096
879097
879186
879294
879628
879630
879994
880017
880018
880021
880158
880159
880160
880161
880162
880349
880423
880424
880425
880427
880562
880565
880763
880767
880773
880774
880775
880784
880786
880787
880789
880790
880792
880794
880795
880811
880815
880831
880837
880838
880853
880921
880922
880923
880924
880925
880926
880929
880931
880934
880935
881301
881311
881901
881903
881904
881905
881911
881913
881914
881915
881944
881945
881953
882183
882377
882560
882705
882706
882707
882708
882709
882711
882712
882713
882714
882715
882716
882717
882718
882719
882720
882721
882768
882803
882804
882805
882806
882807
882809
882810
882942
883862
883881
883952
884091
884093
884094
884095
884096
884097
884098
884099
884100
884101
884143
884200
884517
884518
884519
884520
884521
884522
884523
884524
884525
884526
884527
884528
884529
884530
884531
884610
884611
884612
884613
884666
884690
884693
884694
884697
884701
884703
884704
884705
884706
884708
884712
884713
884715
884719
884722
884725
884728
884734
884741
884742
884746
884750
884754
884755
884756
884761
884763
884767
884768
884770
884771
884772
884773
884775
884776
884777
884778
884780
884783
884786
884787
884800
884802
884804
884806
884807
884808
884809
884810
884811
884812
884813
884814
884816
884818
884819
884824
884830
884831
884832
884833
884835
884836
884839
884841
884843
884844
884856
884858
884862
884865
884867
884869
884873
884879
884881
884887
884890
884891
884893
884894
884896
884898
884900
884901
884902
884908
884911
884912
884915
884916
884922
884923
884924
884927
884929
884933
884935
884937
884946
884947
884951
884954
885071
885078
885090
885178
885214
885220
885238
885308
885376
885377
885379
885555
885558
885560
885568
885867
886262
886526
886540
886546
886547
886548
886669
886791
886980
886994
887108
887109
887110
887111
887112
887117
887119
887120
887172
887174
887175
887182
887482
887485
887569
887570
887572
887824
887825
887826
887827
888179
888193
888213
888216
888223
888241
888249
888257
888258
888260
888261
888277
888440
889012
889178
889184
889185
889186
889187
889189
889190
889192
889202
889203
889320
889338
889350
889353
889354
889355
889357
889359
889360
889361
889362
889363
889367
889369
889370
889371
889372
889374
889389
889392
889510
889684
889795
889809
889813
889820
889825
889826
889872
889873
889876
889951
889953
889954
889955
889956
891981
891983
891984
891986
891988
891990
891991
891993
891996
891998
892003
892005
892006
892007
892009
903570
903583
903590
903592
903599
903602
903623
903637
904108
904115
904117
904123
904608
904609
904611
904618
904627
904637
904640
904668
904671
904673
904674
904679
904698
904699
904722
904837
904841
904864
905054
905055
905828
906668
906669
906884
906885
906886
906887
906922
907076
907077
907079
907081
907191
907194
907195
907894
908009
908010
908011
908012
908013
908015
908017
908018
908020
908021
908022
908023
908024
908027
908028
908030
908031
908032
908033
908039
908041
908043
908044
908047
908049
908050
908051
908052
908057
908058
908061
908063
908064
908065
908066
908069
908070
908073
908074
908075
908076
908077
908079
908081
908083
908084
908085
908087
908088
908089
908090
908092
908093
908096
908097
908098
908101
908102
908104
908108
908110
908112
908114
908116
908117
908118
908119
908125
908127
908129
908136
908140
908141
908162
908163
908164
908165
908168
908169
908171
908173
908175
908200
908207
908267
908268
908269
908270
908271
908272
908273
908276
908277
908278
908628
908629
908633
908634
908635
908636
908637
908640
908641
908644
908646
908647
908650
908651
908652
908653
908654
908655
908661
908662
908663
908665
908667
908668
908669
908670
908671
908673
908675
908676
908677
908680
908684
908688
908690
908691
908693
908694
908696
908700
908701
908702
908703
908705
908706
908707
908710
908713
908714
908715
908716
908717
908719
908721
908723
908728
908741
908747
908748
908750
908751
908755
908758
908759
908760
908761
908762
908763
908766
908774
908775
908776
908778
908780
908783
908784
908787
908789
908790
908791
908804
908807
908808
908819
908820
908821
908828
908829
908830
908831
908832
908833
908834
908835
908836
908837
908838
908839
908840
908841
909000
909001
909002
909003
909005
909006
909008
909009
909011
909014
909017
909019
909021
909024
909026
909027
909028
909031
909032
909034
909035
909037
909044
909206
909207
909210
909297
909304
909307
909308
909328
909329
909330
909331
909332
909333
909390
909391
909397
909583
909586
909604
909605
909635
909642
909645
909664
909665
909668
909675
909676
909680
909827
909901
909903
909906
909907
909908
909917
909919
909956
909957
909958
909960
910174
910180
910245
910428
910473
910474
910475
910548
911246
911255
911256
911260
911263
911264
911266
911272
911276
911280
911283
911284
911285
911323
911325
911573
911574
911728
911729
911731
911733
911740
911743
911749
911753
911767
911771
911815
911826
911834
911845
911854
911863
911874
912029
912033
912034
912035
912037
912040
912048
912049
912055
912116
912266
912320
912321
912634
912967
913012
913015
913183
913323
913595
913596
913597
913598
913599
913600
913601
913602
913820
913934
913937
913938
913970
913976
914038
914040
915011
915012
915014
915015
915016
915017
915018
915019
915020
915021
915026
915293
915341
915342
915344
915351
915356
915358
915362
915364
915365
915368
915370
915380
915424
915425
915426
915427
915428
915429
915443
915486
925389
925745
925746
925747
925754
925983
925984
925986
925989
925992
925993
925994
925995
925996
925998
925999
926004
926054
926066
926067
926070
926084
926438
926439
926440
926441
926442
926474
926543
926544
926589
926696
926697
926840
926844
927194
927252
927261
927392
927575
927576
927604
927771
927773
927988
928211
928212
928213
928214
928260
928261
928274
928280
928284
928285
928289
928290
928291
928292
928293
928315
928647
928648
928727
928728
929037
929038
929040
929047
929051
929449
929706
929707
929766
929767
929769
929814
929831
929832
929833
929834
929835
930075
930167
930168
930196
930222
930275
930557
930566
930584
930591
930595
930596
930597
930599
930604
930605
930610
930625
930628
930638
930639
930640
930645
930652
930653
930667
930668
930673
930676
930682
930683
930689
930695
930696
930699
930723
930727
930807
930809
930810
930857
930881
930950
930951
930952
930953
930954
930965
930982
930983
930985
930986
931209
931210
931244
931249
931527
931543
931545
931546
931547
931884
931885
931886
931887
931892
931893
931894
931895
931896
931897
931898
931899
931900
931901
931902
931903
931904
931905
931906
931907
931909
931911
931912
931913
931914
931915
931917
931919
931920
931922
931923
931926
931927
931972
932048
932049
932051
932052
932053
932054
932055
932056
932058
932059
932064
932065
932068
932069
932070
932071
932073
932622
932662
932699
932700
932926
932927
932928
932929
932930
932935
932936
932938
932941
932942
932945
932946
932950
932953
932956
933486
933487
933488
933489
933490
933491
933492
933697
933699
933701
933703
933704
933706
933743
933744
933752
933769
933772
933791
933845
934027
934028
934285
934286
934287
934288
934290
934291
934293
934421
934422
934423
934424
934430
934437
934440
934799
934800
934802
934803
934804
935233
935234
935286
935287
935300
935471
935472
935473
935635
935641
935646
935650
935985
935986
935990
936004
936005
936054
936056
936057
936058
936059
936060
936061
936091
936092
936095
936097
936099
936101
936102
936103
936104
936110
936111
936112
936113
936114
936115
936116
936117
936120
936121
936149
936152
936308
936313
936314
936315
936316
936318
937388
937393
937401
937414
937422
937587
937720
937809
937835
938049
938080
938081
938082
938083
938131
938257
938264
938265
938268
938270
938272
938276
938277
939922
940280
940552
940566
940568
940569
940814
940815
940816
940817
940818
940819
940820
940821
940822
940823
940824
940825
940834
940838
940846
940848
940849
940850
941058
941284
941303
941312
941320
941336
941425
941426
941427
941629
941765
941821
941822
941826
941829
941830
941832
941833
941837
941838
941908
941909
941969
941970
942016
942030
942033
942034
942036
942037
942038
942041
942042
942043
942044
942159
942162
942165
942166
942168
942169
942170
942171
942172
942173
942174
942175
942176
942177
942179
942180
942181
942729
942730
942731
942732
942734
942958
942961
942966
942979
942983
942990
942993
942998
943003
943005
943022
943023
943025
943031
943036
943041
943042
943044
943045
943050
943060
943062
943064
943083
943084
943151
943154
943155
943157
943161
943162
943272
943282
943335
943342
943896
943907
943908
943962
943978
943979
944384
944385
944386
944438
944439
944440
944580
944582
944644
944645
944963
944964
944969
944994
944995
944996
945036
945037
945038
945039
945040
945057
945058
945059
945060
945062
945083
945085
945225
945250
945913
945960
945961
945962
946046
946162
946244
946268
946350
946400
946402
946403
946404
946406
946408
946409
946411
946422
946522
946564
946710
947066
947379
947380
947523
947842
947843
947936
947938
947939
947941
947942
947964
947966
947967
947980
947981
948071
948590
948592
948739
948741
948748
948870
949124
949125
949126
949127
971271
977801
977838
977839
977840
977845
977850
977852
977912
977913
977927
978110
978111
979197
979227
979525
979526
979527
979528
979529
979530
979531
979532
979533
979534
979535
979537
979539
979626
979725
979726
979781
979850
979852
979853
979854
979855
979856
979858
979861
979862
979864
979865
979866
979867
980037
980087
980096
980112
980113
980172
980173
980174
980175
980176
980377
980380
980382
980383
980522
980525
980526
980527
980529
980532
980540
980541
980610
980634
980635
980864
980879
980880
980881
980895
980897
980964
980965
980972
981017
981018
981123
981228
981231
981323
981330
981335
981341
981342
981344
981345
981347
981348
981403
981431
981676
981795
981800
981802
981803
981807
981809
981816
981821
981833
981834
981840
981846
981851
981870
981871
981874
981885
981898
981917
981939
981947
981948
981971
981985
981986
981994
981997
981998
981999
982020
982032
982050
982065
982066
982077
982088
982096
982138
982203
982204
982205
982206
982208
982214
982216
982228
982237
982252
982255
982256
982258
982261
982279
982288
982289
982294
982298
982301
982306
982308
982311
982328
982331
982334
982338
982347
982349
982354
982363
982368
982372
982375
982376
982380
982386
982394
982410
982414
982416
982419
982421
982422
982423
982425
982426
982451
982454
982455
982461
982468
982479
982480
982481
982483
982517
982536
982545
982546
982559
982566
982567
982602
982604
982620
982621
982626
982642
982645
982648
982651
982656
982672
982680
982690
982695
982705
982715
982724
982728
982729
982752
982769
982771
982775
982777
982781
982782
982783
982787
982793
982794
982812
982815
982820
982837
982843
982846
982849
982854
982856
982858
982863
982871
982888
982889
982892
982898
982902
982908
982909
982913
982914
982916
982939
982951
982961
982965
982975
982995
982996
982998
983000
983004
983012
983017
983019
983022
983030
983031
983040
983044
983063
983068
983073
983077
983087
983100
983115
983127
983292
983307
983458
983469
983480
983482
983483
983484
983492
983495
983496
983537
983540
983882
983884
983885
983887
983888
983922
983923
983924
983925
983926
983928
983929
983995
984053
984175
984186
984331
984338
984918
984930
984932
984939
984940
984941
984942
985088
985089
985090
985094
985683
985691
985777
985779
985780
985782
985899
985903
985907
985908
985910
985911
985914
985920
985928
985940
985943
985946
985950
985961
985966
985971
986164
986165
986172
986182
986701
986729
986731
987113
988481
988499
988501
988644
988656
988692
988775
988776
988948
988949
989271
989277
989337
989895
990089
990100
990280
990302
990303
990304
990305
990306
990550
990662
990663
990664
990665
990666
990667
990668
991022
991149
991153
991154
991159
991160
991161
991163
991166
991168
991171
991175
991182
991188
991189
991191
991195
991196
991197
991198
991200
991201
991202
991217
991218
991221
991223
991231
991234
991237
991239
991240
991241
991250
991268
991269
991279
991280
991281
991284
991285
991286
991292
991295
991301
991304
991305
991306
991307
991309
991312
991314
991315
991317
991322
991323
991326
991330
991332
991334
991342
991344
991345
991351
991352
991359
991368
991370
991374
991380
991383
991385
991387
991403
991404
991409
991417
991421
991434
991438
991441
991444
991453
991460
991462
991463
991464
991466
991467
991481
991482
991484
991492
991505
991506
991517
991520
991524
991526
991532
991534
991542
991547
991550
991556
991557
991558
991566
991578
991580
991581
991583
991584
991585
991592
991593
991600
991606
991607
991609
991610
991618
991624
991625
991626
991636
991641
991642
991654
991655
991657
991660
991665
991668
991671
991672
991676
991680
991681
991688
991690
991695
991698
991701
991706
991708
991713
991714
991719
991722
991723
991728
991732
991736
991737
991746
991751
991753
991754
991760
991761
991768
991803
991809
991820
991821
991822
991878
991902
992191
992192
992193
992194
992195
992196
992210
992211
992212
992213
992214
992215
992216
992217
992218
992219
992220
992230
992231
993034
993345
993409
993410
993412
993413
993433
993435
993461
993462
993492
994382
994384
994385
994388
994485
994601
994672
994884
994887
994994
994995
995017
995021
995022
995023
995049
995734
996272
996273
996274
996288
996311
996312
996368
996574
996575
996576
996577
996578
996579
996581
996582
996583
996584
996612
996613
996614
996616
996619
996621
996629
996650
996651
997078
997454
997457
997463
997468
997469
997474
997481
997493
997555
997556
997558
997561
997909
997910
997911
997912
997915
997920
997921
997923
998086
998111
998113
998829
998864
999288
999467
999535
999706
999729
999755
999756
999759
999765
999770
999779
999787
999801
999802
999829
999830
999845
999883
999887
999888
999889
999890
1000288
1000289
1000290
1000291
1000293
1000294
1000297
1000302
1000303
1000304
1000309
1000311
1000312
1000314
1000315
1000316
1000318
1000319
1000320
1000321
1000324
1000325
1000333
1000337
1000338
1000343
1000344
1000349
1000356
1000359
1000364
1000366
1000370
1000372
1000373
1000400
1000403
1000408
1000409
1000411
1000460
1000468
1000470
1000471
1000486
1000487
1000494
1000497
1000508
1000513
1000586
1000587
1000645
1000646
1000647
1000648
1000649
1000652
1000653
1000654
1000656
1000663
1000664
1000665
1000668
1000669
1000670
1000672
1000673
1000674
1000675
1000676
1000677
1000678
1000680
1000681
1000682
1000685
1000687
1000688
1000689
1000690
1000691
1000714
1000728
1000750
1000752
1000759
1000761
1000767
1000773
1000774
1000777
1000793
1000812
1000814
1000815
1000816
1000825
1000838
1000843
1000848
1000851
1000854
1000859
1000874
1001056
1001057
1001058
1001059
1001061
1001080
1001081
1001208
1001211
1001217
1001221
1001264
1001303
1001308
1001321
1001341
1001382
1001533
1001625
1001627
1001628
1001629
1001796
1001798
1001799
1001806
1001815
1001974
1002079
1002154
1002162
1002273
1002292
1002295
1002359
1002360
1002361
1002362
1002681
1002724
1002725
1002899
1002918
1002920
1002921
1002931
1003077
1003079
1003171
1003177
1003428
1003429
1003432
1003433
1003434
1003435
1003436
1003437
1003438
1003439
1003442
1003443
1003444
1003448
1003450
1003451
1003452
1003454
1003456
1003457
1003458
1003460
1003461
1003462
1003465
1003467
1003473
1003476
1003484
1003835
1003836
1003890
1003891
1004014
1004015
1004049
1004050
1004084
1004087
1004160
1004263
1004591
1004594
1004600
1004602
1004605
1004609
1004610
1004611
1004613
1004614
1004616
1004619
1004621
1004623
1004629
1004630
1004632
1004642
1004655
1004657
1004669
1004671
1004675
1004683
1004686
1004693
1004757
1004797
1004798
1004799
1004801
1004802
1004804
1004811
1004813
1004814
1004815
1004820
1004822
1004825
1004826
1004827
1004829
1004830
1004832
1004833
1004835
1004837
1004839
1004840
1004844
1004846
1004849
1004850
1004852
1004854
1004855
1004856
1004857
1004858
1004859
1004860
1004861
1004862
1004863
1004864
1004865
1004866
1004868
1004869
1004870
1004871
1004872
1004878
1004879
1004881
1004883
1004884
1004886
1004887
1004889
1004911
1004913
1004915
1004926
1004927
1004928
1004942
1004943
1004948
1004998
1005001
1005056
1005638
1005639
1005640
1005641
1005642
1005643
1005644
1005646
1005647
1005648
1005649
1005673
1005674
1005675
1005676
1005677
1005903
1005904
1005916
1005993
1006008
1006017
1006033
1006047
1006061
1006062
1006063
1006157
1006158
1006177
1006278
1006281
1006296
1006297
1006306
1006308
1006328
1006354
1006432
1006435
1006436
1006437
1006439
1006441
1006443
1006530
1006535
1006583
1006584
1006585
1006586
1006759
1006763
1006771
1006972
1007078
1007127
1007710
1007712
1007713
1007714
1007715
1007869
1007892
1007893
1007894
1007895
1007896
1007897
1007929
1007936
1007937
1007939
1007942
1007943
1007945
1007947
1007948
1008292
1008358
1008359
1008433
1009561
1009563
1009692
1009842
1010614
1010615
1010616
1010665
1010668
1010669
1010698
1016852
1016853
1016854
1016855
1016856
1016857
1016869
1016878
1016879
1016899
1016904
1016905
1016906
1016907
1017219
1017230
1017241
1017370
1018469
1019320
1026938
1026955
1027231
1027232
1027244
1027245
1027246
1027247
1027248
1027253
1027366
1027367
1027398
1027399
1027410
1027414
1027415
1027466
1027467
1027468
1027470
1027632
1027869
1027872
1027880
1027947
1028322
1028323
1028324
1028325
1028326
1028327
1028328
1028329
1028330
1028427
1028489
1028671
1028673
1028674
1028675
1028676
1028730
1028733
1028788
1029988
1030139
1030140
1030141
1030555
1030560
1030563
1030564
1030576
1030577
1030578
1030581
1030593
1030594
1030627
1030628
1030629
1030631
1030634
1030645
1030647
1030648
1030649
1031403
1031404
1031406
1031409
1031410
1031438
1031441
1031449
1031452
1031453
1031458
1031459
1031460
1031461
1031463
1031465
1031466
1031467
1031475
1031479
1031482
1031485
1031486
1031488
1031489
1031490
1031493
1031495
1031501
1031502
1031505
1031509
1031511
1031513
1031514
1031707
1031708
1031762
1031765
1031776
1031886
1031901
1032000
1032028
1032030
1032042
1032047
1032050
1032055
1032065
1032101
1032118
1032119
1032145
1032155
1032156
1032159
1032160
1032180
1032184
1032185
1032198
1032199
1032213
1032220
1032362
1032457
1032473
1032474
1032477
1032479
1032481
1032482
1032483
1032777
1032780
1032783
1032785
1032789
1032792
1032796
1032800
1032891
1032892
1032893
1032894
1032895
1033017
1033018
1033019
1033022
1033023
1033024
1033027
1033029
1033033
1033036
1033037
1033038
1033039
1033040
1033041
1033042
1033043
1033044
1033045
1033048
1033050
1033051
1033053
1033054
1033055
1033056
1033058
1033064
1033067
1033072
1033167
1033168
1033169
1033266
1033267
1033850
1033976
1034009
1034011
1034012
1034067
1034096
1034099
1034100
1034101
1034102
1034103
1034104
1034105
1034106
1034107
1034108
1034109
1034110
1034111
1034112
1034113
1034114
1034115
1034116
1034117
1034118
1034119
1034124
1034125
1034126
1034127
1034128
1034129
1034130
1034131
1034132
1034133
1034134
1034135
1034136
1034137
1034138
1034139
1034140
1034141
1034142
1034143
1034144
1034145
1034146
1034147
1034148
1034149
1034150
1034151
1034152
1034320
1034342
1034377
1034378
1034379
1034380
1034649
1034705
1034709
1034770
1034771
1034773
1034774
1034791
1034792
1034793
1034795
1034796
1034797
1034799
1034800
1034801
1034803
1034805
1034886
1035086
1035094
1035257
1035457
1035472
1035474
1035475
1035482
1035483
1035484
1035485
1035662
1035691
1035696
1036035
1036092
1036113
1036114
1036190
1036191
1036192
1036193
1036194
1036195
1036196
1036197
1036260
1036263
1036268
1036270
1036274
1036587
1036613
1036614
1036615
1036616
1036664
1036815
1036816
1036818
1036825
1036827
1036828
1036829
1036830
1036831
1036832
1036834
1036963
1036965
1037299
1037301
1037390
1037422
1037523
1037558
1037792
1037800
1037801
1037802
1037808
1037811
1037817
1037833
1037836
1037853
1037854
1037855
1037858
1037864
1038050
1038051
1038052
1038053
1038054
1038055
1038067
1038068
1038069
1038080
1038081
1038082
1038104
1038105
1038149
1038174
1038177
1038178
1038187
1038189
1038191
1038200
1038203
1038204
1038210
1038216
1038222
1038229
1038230
1038233
1038234
1038238
1038239
1038240
1038249
1038261
1038288
1038289
1038291
1038292
1038295
1038297
1038300
1038302
1038303
1038305
1038307
1038309
1038310
1038311
1038314
1038317
1038319
1038322
1038324
1038325
1038326
1038328
1038330
1038341
1038342
1038345
1038347
1038350
1038354
1038358
1038364
1038366
1038370
1038376
1038377
1038378
1038384
1038387
1038388
1038394
1038687
1038688
1038689
1038690
1038761
1040660
1040661
1040664
1040668
1040675
1040680
1040683
1040687
1040688
1040690
1040691
1040695
1040701
1040702
1040705
1040707
1040708
1040710
1040711
1041062
1041063
1041075
1041088
1041100
1041366
1041406
1041483
1041524
1041526
1041527
1041528
1041529
1041538
1041543
1041545
1041551
1041555
1041571
1041575
1041576
1041782
1041806
1041807
1041808
1041830
1041831
1041883
1041885
1041886
1041887
1041888
1041889
1041890
1041894
1041896
1041897
1041898
1041900
1041901
1041902
1041903
1041904
1041905
1041906
1041907
1041908
1041909
1041910
1041911
1041913
1041914
1041917
1041918
1041921
1041922
1041923
1041926
1041928
1041929
1041933
1041992
1041995
1041998
1042003
1042007
1042011
1042022
1042023
1042024
1042027
1042032
1042033
1042034
1042041
1042049
1042054
1042122
1042123
1042124
1042211
1042212
1042213
1042214
1042215
1042216
1042264
1042539
1042554
1042555
1042556
1042560
1042561
1042562
1042563
1042564
1042565
1042569
1042570
1042571
1042572
1042573
1042575
1042576
1042577
1042578
1042579
1042580
1042581
1042582
1042583
1042585
1042586
1042587
1042588
1042589
1042590
1042591
1042592
1042599
1042601
1042602
1042603
1042604
1042607
1042610
1042697
1042722
1042733
1042765
1042766
1042767
1042805
1043027
1043028
1043029
1043030
1043031
1043032
1043033
1043034
1043035
1043036
1043038
1043039
1043040
1043041
1043042
1043043
1043045
1043048
1043049
1043050
1043051
1043053
1043064
1043068
1043069
1043070
1043071
1043072
1043073
1043074
1043076
1043077
1043078
1043079
1043081
1043082
1043084
1043087
1043090
1043094
1043095
1043099
1043101
1043102
1043103
1043105
1043106
1043109
1043110
1043111
1043121
1043129
1043135
1043137
1043140
1043141
1043144
1043146
1043148
1043149
1043156
1043157
1043184
1043218
1043222
1043233
1043237
1043246
1043250
1043251
1043252
1043259
1043283
1043286
1043288
1043294
1043295
1045778
1045800
1046049
1046251
1046267
1046295
1046296
1046297
1046298
1046299
1046301
1046302
1046308
1046311
1046402
1046403
1046551
1046565
1046568
1046571
1046572
1046573
1046574
1046847
1046893
1047118
1047120
1048188
1048189
1048190
1048191
1048207
1048219
1048220
1048226
1048229
1048230
1048231
1048233
1048235
1048240
1048243
1048363
1048365
1048366
1048367
1048369
1048373
1048375
1048376
1048377
1048379
1048434
1048436
1048444
1048515
1048516
1048517
1048520
1048521
1048522
1048523
1048524
1048525
1048536
1048668
1048670
1048671
1048785
1048849
1048854
1048855
1048856
1048871
1049168
1049180
1049185
1049259
1049268
1049271
1049283
1049490
1049495
1049496
1049497
1049498
1049502
1049509
1049510
1049517
1049530
1049534
1049603
1049605
1049606
1049608
1049719
1049741
1050407
1050735
1050899
1050903
1050904
1050938
1050943
1050944
1050949
1050952
1050957
1050959
1051138
1051140
1051143
1051211
1051213
1051214
1051220
1051223
1051225
1051226
1051228
1051230
1051233
1051236
1051237
1051244
1051258
1051284
1051323
1051631
1051647
1051671
1051673
1051674
1051675
1051676
1051697
1051792
1051966
1052032
1052038
1052121
1052157
1052158
1052159
1052263
1052264
1052267
1052268
1052269
1052271
1052296
1052297
1052298
1052300
1052302
1052303
1052305
1052308
1052312
1052313
1052314
1052315
1052316
1052317
1052318
1052320
1052321
1052322
1052323
1052331
1052332
1052335
1052336
1052338
1052340
1052341
1052343
1052346
1052347
1052348
1052354
1052355
1052357
1052365
1052379
1052388
1052394
1052399
1052400
1052401
1052403
1052405
1052409
1052411
1052412
1052415
1052417
1052419
1052422
1052424
1052425
1052426
1052428
1052431
1052433
1052436
1052438
1052439
1052440
1052441
1052444
1052446
1052447
1052448
1052450
1052451
1052453
1052455
1052456
1052458
1052459
1052461
1052463
1052464
1052471
1052472
1052476
1052484
1052488
1052489
1052491
1052492
1052495
1052576
1052603
1052604
1052664
1052665
1052671
1052672
1052673
1052693
1052694
1052696
1052697
1052698
1052699
1052700
1052701
1052702
1052703
1052704
1052705
1052706
1052708
1052709
1052710
1052711
1052713
1052714
1052715
1052716
1052717
1052718
1052719
1052720
1052723
1052724
1052725
1052727
1052728
1052730
1052731
1052734
1052735
1052736
1052737
1052738
1052739
1052740
1052741
1052742
1052743
1052746
1052750
1052751
1052752
1052753
1052754
1052755
1052756
1052757
1052758
1052763
1052765
1052767
1052768
1052769
1052770
1052771
1052772
1052773
1052775
1052776
1052778
1052779
1052780
1052781
1052782
1052783
1052784
1052785
1052787
1052788
1052789
1052790
1052791
1052793
1052794
1052795
1052796
1052893
1052896
1052899
1052902
1053146
1054205
1054206
1054216
1054305
1054309
1054315
1054316
1054319
1054321
1054331
1054332
1054461
1054480
1054649
1054656
1054657
1054658
1054662
1054669
1054671
1054672
1054673
1054676
1054677
1054678
1054680
1054683
1054685
1054687
1054688
1054693
1054701
1054703
1054704
1054706
1054708
1054710
1054711
1054713
1054714
1054716
1054719
1054720
1054724
1054726
1054727
1054728
1054732
1054734
1054735
1054739
1054742
1054746
1054749
1054753
1054755
1054758
1054760
1054768
1054772
1054774
1054776
1054777
1054779
1054780
1054781
1054796
1054797
1054798
1054799
1054802
1054803
1054804
1054806
1054807
1054814
1054815
1054818
1054822
1054834
1054852
1054854
1054856
1054857
1054858
1054967
1054968
1055130
1055136
1055160
1055161
1055162
1055163
1055164
1055165
1055166
1055167
1055168
1055169
1055170
1055171
1055172
1055173
1055174
1055175
1055177
1055178
1055179
1055180
1055340
1055341
1055342
1055343
1055345
1055346
1055347
1055348
1055349
1055452
1055670
1055671
1055672
1055675
1055684
1055750
1055980
1056039
1056040
1056041
1056047
1056049
1056050
1056053
1056055
1056063
1056064
1056067
1056074
1056078
1056079
1056081
1056296
1056297
1056299
1056491
1056492
1056515
1056516
1056517
1056597
1056830
1056831
1056832
1056833
1064520
1068692
1068701
1068715
1068720
1068722
1068737
1068738
1068740
1068803
1068898
1068961
1069163
1069165
1069166
1069167
1069168
1069170
1069171
1069174
1069177
1069178
1069179
1069248
1069258
1069265
1069280
1069306
1069313
1069357
1069378
1069395
1069396
1069441
1069537
1069538
1069539
1069540
1069542
1069544
1069546
1069548
1069660
1069671
1069677
1069684
1069691
1070315
1070316
1070324
1070408
1070409
1070410
1070411
1070412
1070413
1070414
1070415
1070416
1070417
1070418
1070419
1070420
1070457
1070460
1070461
1070473
1070488
1070489
1070490
1070492
1070497
1070498
1070499
1070502
1070524
1070526
1070527
1070529
1070538
1070539
1070540
1070544
1070546
1070548
1070675
1070676
1070682
1070683
1070684
1070687
1070688
1070690
1070697
1070740
1070801
1070810
1070812
1070813
1070826
1070829
1070832
1070833
1070834
1070835
1070836
1070989
1070990
1071014
1071017
1071019
1071023
1071024
1071025
1071026
1071027
1071029
1071132
1071133
1071134
1071135
1071138
1071144
1071146
1071150
1071164
1071177
1071323
1071324
1071325
1071326
1071327
1071328
1071330
1071332
1071333
1071335
1071336
1071338
1071339
1071340
1071343
1071350
1071351
1071352
1071353
1071354
1071356
1071357
1071358
1071359
1071360
1071361
1071362
1071363
1071364
1071365
1071366
1071370
1071371
1071372
1071374
1071375
1071376
1071406
1071407
1071485
1071486
1071488
1071502
1071503
1071504
1071505
1071506
1071620
1071622
1071623
1071624
1071625
1072162
1072176
1072204
1072278
1072305
1072329
1072330
1072332
1072333
1072517
1072549
1072550
1072672
1072677
1072683
1072983
1072996
1073006
1073007
1073010
1073022
1073043
1073050
1073052
1073232
1073233
1073234
1073236
1073237
1073438
1073439
1073440
1073441
1073444
1073445
1073446
1073447
1073448
1073449
1073450
1073454
1073456
1073457
1073458
1073459
1073463
1073464
1073466
1073467
1073468
1073471
1073473
1073476
1073754
1073766
1073767
1073950
1073951
1073952
1073953
1073954
1073955
1073956
1073957
1073958
1073959
1073960
1073961
1073962
1073964
1073965
1073966
1073967
1073968
1073970
1074012
1074043
1074044
1074206
1074207
1074208
1074209
1074210
1074212
1074213
1074214
1074253
1074255
1074270
1074295
1074297
1074298
1074303
1074304
1074305
1074306
1074307
1074308
1074309
1074325
1074330
1074335
1074336
1074337
1074339
1074340
1074344
1074359
1074364
1074368
1074372
1074381
1074415
1074471
1074829
1074838
1074839
1074840
1074842
1074843
1074844
1074845
1074846
1074847
1074850
1074851
1074853
1074854
1074857
1074858
1074859
1074860
1074862
1074863
1074864
1074865
1074894
1074900
1075093
1075420
1075422
1075739
1075744
1075745
1075747
1075750
1075754
1075756
1075774
1075775
1075816
1075817
1075819
1075820
1075821
1075823
1075825
1075826
1075827
1075828
1075829
1075830
1075835
1076136
1076255
1076281
1076282
1076283
1076284
1076295
1076298
1076299
1076300
1076301
1076305
1076306
1076307
1076309
1076310
1076311
1076312
1076313
1076314
1076320
1076321
1076322
1076323
1076324
1076325
1076326
1076339
1076342
1076343
1076345
1076422
1076425
1076428
1076630
1076631
1076653
1076654
1076680
1076704
1076705
1076706
1076708
1076759
1076932
1076952
1076953
1076954
1076955
1076956
1076957
1076958
1076959
1076960
1076962
1076969
1076970
1076971
1076975
1076976
1076977
1076979
1076980
1076984
1076989
1076991
1077001
1077018
1077041
1077151
1077220
1077287
1077391
1077393
1077416
1077417
1077418
1077420
1077421
1077422
1077430
1077587
1077591
1077830
1077831
1077832
1077858
1077859
1077906
1077907
1078036
1078037
1078038
1078039
1078054
1078062
1078064
1078065
1078069
1078079
1078264
1078401
1078402
1078671
1078682
1078947
1079253
1079894
1079895
1079896
1079948
1079951
1079952
1079998
1079999
1080138
1080139
1080140
1080141
1080798
1080799
1080800
1081054
1081055
1081229
1081232
1081233
1081234
1081239
1081240
1081242
1081243
1081250
1081253
1081397
1081398
1081399
1081400
1081401
1081663
1081693
1081695
1081696
1081700
1081702
1081704
1081803
1082189
1082401
1082403
1082404
1082409
1082417
1082418
1082419
1082420
1082422
1082423
1082432
1082433
1082435
1082441
1082442
1082444
1082447
1082448
1082451
1082452
1082455
1082457
1082460
1082461
1082462
1082464
1082465
1082466
1082467
1082468
1082470
1082513
1082514
1082515
1082516
1082517
1082518
1082519
1082520
1082522
1082523
1082524
1082525
1082526
1082527
1082528
1082576
1082745
1082759
1082760
1082761
1082910
1084372
1084500
1084501
1084715
1084716
1084717
1084718
1084719
1084720
1084721
1084722
1084723
1085534
1085566
1085569
1086035
1086055
1086072
1086543
1086544
1086556
1086561
1086563
1086564
1086565
1086567
1086569
1086573
1086574
1086575
1086576
1086577
1086578
1086581
1086582
1086583
1086749
1086751
1086800
1086841
1086842
1086843
1086846
1086847
1086848
1086849
1086851
1086852
1086855
1086856
1086857
1086858
1086859
1086860
1086861
1086863
1086864
1086865
1086867
1086868
1086869
1086871
1086874
1086875
1086876
1086878
1086879
1086880
1086882
1086885
1086887
1086889
1086890
1086891
1086892
1086893
1086895
1086897
1086900
1086904
1086908
1086909
1086910
1086911
1086912
1086913
1086916
1086920
1086922
1086924
1086930
1086931
1086932
1086933
1086937
1086938
1086941
1086943
1086945
1086946
1086947
1086948
1086949
1086952
1086953
1086954
1086955
1086956
1086958
1086959
1086960
1086962
1086963
1086965
1086966
1086967
1086968
1086969
1086971
1086974
1086977
1086978
1086982
1086983
1086985
1086986
1086987
1086988
1086989
1086991
1086992
1086993
1086996
1086997
1086999
1087004
1087006
1087007
1087008
1087009
1087010
1087011
1087012
1087013
1087014
1087015
1087016
1087019
1087020
1087026
1087028
1087029
1087031
1087032
1087033
1087034
1087035
1087038
1087039
1087040
1087042
1087043
1087044
1087051
1087068
1087070
1087071
1087108
1087109
1087279
1087285
1087288
1087289
1087291
1087292
1087422
1087426
1087433
1087435
1087436
1087480
1087482
1088008
1088012
1088660
1088661
1088664
1088665
1088687
1088689
1088701
1088753
1088786
1088864
1088865
1088866
1088867
1088890
1088917
1089107
1089108
1089110
1089111
1089112
1089113
1089114
1089115
1089116
1089117
1089118
1089119
1089120
1089121
1089122
1089123
1089125
1089126
1089127
1089128
1089129
1089130
1089131
1089132
1089135
1089136
1089137
1089138
1089195
1089196
1089208
1089209
1089353
1089360
1089387
1089555
1089565
1089601
1089795
1090097
1090133
1090134
1090140
1090654
1090664
1090687
1090692
1090694
1090717
1090736
1090738
1090742
1090756
1090786
1090791
1090803
1090805
1090957
1090958
1090959
1090960
1090962
1091052
1091166
1091170
1091174
1091178
1091197
1091198
1091287
1091306
1091556
1091662
1091663
1091670
1091678
1091690
1091692
1091699
1091774
1091917
1091970
1092011
1092020
1092033
1092046
1092061
1092067
1092081
1092151
1092161
1092183
1092235
1092259
1092266
1092276
1092279
1092296
1092336
1092343
1092563
1092564
1092848
1092855
1092863
1092871
1092873
1092876
1092877
1092881
1092886
1092888
1092891
1092902
1092906
1092910
1092912
1092913
1092914
1092915
1092925
1092928
1092929
1092930
1092933
1092934
1092935
1092946
1092951
1092953
1092954
1092956
1092957
1092958
1092961
1092962
1092963
1092965
1092966
1092967
1092969
1092970
1092973
1092974
1092977
1092985
1092988
1093000
1093007
1093009
1093010
1093011
1093012
1093013
1093019
1093020
1093030
1093032
1093033
1093035
1093040
1093045
1093047
1093048
1093049
1093052
1093054
1093065
1093066
1093067
1093076
1093077
1093078
1093080
1093081
1093084
1093086
1093087
1093088
1093089
1093090
1093091
1093092
1093100
1093101
1093104
1093160
1093259
1093260
1093261
1093297
1093298
1093305
1093324
1093326
1093327
1093329
1093331
1093334
1093335
1093339
1093340
1093354
1093360
1093361
1093362
1093363
1093364
1093365
1093366
1093367
1093369
1093370
1093381
1093382
1093383
1093384
1093385
1093386
1093387
1093388
1093389
1093390
1093396
1093397
1093402
1093403
1093404
1093411
1093414
1093415
1093420
1093421
1093422
1093423
1093424
1093425
1093426
1093427
1093429
1093433
1093434
1093435
1093438
1093447
1093449
1093451
1093457
1093458
1093463
1093465
1093466
1093472
1093475
1093477
1093479
1093481
1093482
1093483
1093485
1093486
1093487
1093489
1093491
1093492
1093493
1093494
1093495
1093496
1093497
1093498
1093499
1093501
1093502
1093503
1093504
1093505
1093508
1093509
1093514
1093515
1093516
1093517
1093520
1093521
1093522
1093523
1093524
1093525
1093526
1093531
1093532
1093533
1093538
1093541
1093544
1093545
1093547
1093550
1093552
1093553
1093554
1093558
1093560
1093562
1093565
1093566
1093567
1093570
1093573
1093578
1093584
1093586
1093587
1093591
1093592
1093672
1093773
1093779
1093781
1093784
1093785
1093901
1093902
1093903
1093904
1093905
1093906
1093907
1093908
1093909
1093910
1093911
1093913
1093914
1093928
1093934
1093941
1093958
1094249
1094287
1094288
1094290
1094299
1094307
1094311
1094319
1094363
1094373
1094374
1094375
1094376
1094424
1094426
1094429
1094433
1094439
1094620
1094799
1094810
1094815
1094821
1094844
1094892
1094895
1094898
1094899
1094900
1094901
1095053
1095056
1095062
1095072
1095076
1095126
1095132
1095134
1095140
1095144
1095145
1095150
1095158
1095161
1095171
1095427
1095757
1095905
1095908
1096141
1096142
1096144
1096165
1096193
1096309
1096342
1096418
1096419
1096420
1096421
1096423
1096425
1096426
1096427
1096428
1096430
1096432
1096435
1096437
1096722
1096763
1096787
1096789
1096792
1096795
1096796
1096808
1097017
1097365
1097380
1097381
1097382
1097719
1097720
1097722
1097725
1097730
1097731
1097732
1097736
1097738
1097739
1097744
1097752
1097754
1098844
1098846
1098859
1098904
1098912
1098913
1098914
1099870
1099871
1099897
1099916
1099917
1099920
1099921
1099922
1099931
1099932
1099933
1099951
1099963
1099964
1100035
1100036
1100037
1100043
1100787
1100790
1100791
1100814
1100835
1100836
1100839
1100840
1100878
1101371
1101396
1101406
1101407
1101411
1101416
1101419
1101423
1101424
1101425
1101428
1101433
1101435
1101438
1104347
1104916
1104917
1104985
1104989
1104992
1104993
1105008
1105018
1105028
1105033
1105057
1105165
1105171
1105172
1105173
1105286
1105327
1105376
1105378
1105379
1105380
1105381
1105383
1105384
1105385
1105386
1107325
1107327
1107328
1107330
1107331
1107335
1107336
1107337
1107953
1107954
1107955
1107956
1107959
1108070
1108495
1108810
1108814
1108816
1108817
1108819
1108820
1108821
1108824
1108827
1108865
1108925
1108926
1108927
1108949
1109105
1109106
1109107
1109404
1109710
1109711
1109712
1109713
1109714
1109715
1109716
1109717
1109721
1109732
1110438
1110443
1110514
1110515
1110516
1110517
1110520
1110526
1110528
1110529
1110530
1110702
1110703
1110704
1110710
1110713
1110714
1111160
1111543
1111552
1111560
1111567
1111575
1111583
1111589
1111592
1111598
1111606
1111610
1111611
1111619
1111622
1111634
1111649
1111709
1111710
1111816
1111817
1111820
1111825
1111849
1111868
1111988
1112008
1112202
1112326
1112328
1112329
1112332
1112339
1112578
1112591
1112594
1112597
1112600
1112602
1112606
1112608
1112611
1112629
1112630
1112635
1112640
1112642
1112649
1112655
1112656
1112657
1112658
1112659
1112660
1112661
1112663
1112664
1112665
1112670
1112676
1112677
1112679
1112680
1112683
1112684
1112686
1112689
1112690
1112692
1112693
1112697
1112699
1112700
1112769
1112770
1112859
1113535
1113547
1114179
1114182
1114183
1114214
1114215
1114270
1114274
1114276
1114280
1114283
1114618
1114659
1114942
1115105
1115110
1115112
1115114
1115115
1115116
1115118
1115119
1115120
1115123
1115124
1115125
1115126
1115127
1115128
1115130
1115200
1115227
1115250
1115261
1115272
1115276
1115280
1115287
1115291
1115297
1115304
1115324
1115341
1115344
1115478
1115653
1115692
1115693
1115696
1115845
1115886
1116241
1116242
1116482
1116809
1116811
1116822
1116846
1116849
1116850
1117045
1117048
1117049
1117050
1117130
1117131
1117132
1117183
1117188
1117190
1117192
1117195
1117197
1117198
1117201
1117202
1117204
1117207
1117208
1117210
1117224
1117225
1117228
1117231
1117235
1117239
1117241
1117243
1117470
1117518
1117520
1117523
1117544
1117551
1117600
1117633
1117734
1117737
1117738
1117739
1117740
1117741
1117742
1117745
1117746
1117749
1117750
1117752
1117753
1117755
1117756
1117760
1117763
1117767
1117768
1117770
1117771
1117772
1117773
1117776
1117777
1117778
1117779
1117783
1117786
1117787
1117791
1117792
1117794
1117795
1117797
1117798
1117799
1117802
1118018
1118036
1118037
1118040
1118063
1118064
1118205
1118207
1118208
1118369
1118486
1118488
1118493
1118892
1118894
1118985
1118986
1118987
1118991
1118992
1118994
1118995
1120751
1120765
1120767
1122275
1122277
1122279
1123754
1123947
1123958
1123959
1123963
1123964
1124577
1124578
1124653
1124654
1124655
1124795
1124849
1125438
1125439
1125440
1125442
1125443
1125444
1125584
1125653
1125677
1125764
1125810
1125813
1125818
1125844
1126247
1126250
1126254
1126383
1126384
1126385
1126386
1126885
1126949
1126950
1126951
1127357
1127365
1127476
1127491
1127492
1127514
1127515
1127516
1127518
1127767
1127768
1127823
1128027
1128071
1128072
1128073
1128117
1128118
1128119
1128120
1128121
1128131
1128135
1128137
1128138
1128140
1128141
1128143
1128146
1128151
1128422
1128423
1128424
1128647
1128741
1129000
1129032
1129033
1129034
1129035
1129145
1129146
1129147
1129191
1129192
1129194
1129344
1129345
1129347
1129826
1129831
1129862
1129873
1129880
1129883
1129884
1130823
1130831
1130861
1130862
1130981
1131029
1131040
1131256
1131262
1131315
1131316
1131317
1131334
1131386
1131391
1131393
1131395
1131416
1131483
1131485
1131590
1131592
1131594
1131595
1131622
1131623
1131699
1131700
1131701
1131702
1131862
1131879
1131880
1131881
1132026
1132364
1132365
1132582
1132621
1132622
1132624
1132625
1132843
1132845
1132847
1132848
1132915
1132916
1132918
1132919
1132920
1132923
1132924
1132925
1132933
1132935
1132946
1132950
1132960
1132962
1132963
1132964
1132965
1132976
1133022
1133025
1133031
1133032
1133122
1133251
1133292
1133293
1133354
1133355
1133358
1133360
1133361
1133363
1133557
1133560
1133653
1133699
1133726
1133727
1133728
1133751
1133941
1133948
1133954
1133957
1133960
1133962
1133963
1133973
1133974
1134038
1134340
1134396
1134397
1134398
1134400
1134411
1134579
1134582
1134583
1134586
1134587
1134588
1134590
1134607
1134619
1134622
1134640
1134641
1134642
1134644
1134665
1135256
1135257
1135258
1135259
1135261
1135262
1135263
1135278
1135301
1135308
1135313
1135541
1135609
1135615
1135623
1135632
1135642
1135655
1135658
1135667
1135708
1135731
1135762
1135824
1135858
1136024
1136025
1136027
1136048
1136060
1136061
1136133
1136260
1136299
1136301
1136311
1136315
1136316
1136321
1136324
1136456
1136459
1136533
1136534
1136535
1136731
1136878
1137452
1137744
1137745
1137746
1137801
1137931
1138483
1138484
1138485
1138486
1138487
1138488
1138489
1138490
1138844
1140149
1140152
1140153
1140160
1140177
1140191
1140194
1140195
1140196
1140202
1140207
1140222
1140225
1140227
1140237
1140258
1140260
1140261
1140267
1140268
1140270
1140275
1140277
1140285
1140286
1140291
1140294
1140297
1140298
1140304
1140320
1140329
1140338
1140339
1140344
1140345
1140347
1140351
1140354
1140357
1140361
1140365
1141132
1141133
1141134
1141135
1141136
1141137
1141138
1141139
1141140
1141141
1141241
1141274
1141285
1141296
1141300
1141309
1141371
1141372
1141491
1141494
1141495
1141519
1141525
1141526
1141563
1141564
1141582
1141583
1141624
1141625
1141706
1141720
1141721
1141724
1141726
1141727
1141754
1141919
1142451
1142452
1142453
1142454
1143142
1143396
1143475
1143531
1143580
1143586
1143594
1143600
1143641
1143645
1143646
1143654
1143697
1143701
1143702
1143709
1143712
1143713
1143714
1143716
1143717
1143742
1143750
1143762
1143784
1143786
1143808
1143810
1143819
1143835
1143856
1143864
1143868
1143882
1143911
1143913
1143919
1143929
1143932
1143939
1143974
1143979
1143983
1144016
1144019
1144029
1144036
1144038
1144049
1144057
1144065
1144067
1144070
1144078
1144093
1144120
1144128
1144130
1144145
1144159
1144160
1144168
1144182
1144187
1144189
1144239
1144263
1144267
1144274
1144284
1144295
1144379
1144380
1144381
1144382
1144383
1144721
1144723
1144724
1144727
1144728
1144729
1144736
1144737
1144906
1145081
1145082
1145238
1145295
1146848
1146857
1146872
1146873
1146875
1146876
1146877
1146935
1146936
1147042
1147043
1147044
1147094
1147126
1147137
1147139
1147140
1147141
1147142
1147143
1147144
1147145
1147147
1147148
1147149
1147150
1147151
1147152
1147153
1147154
1147155
1147156
1147157
1147158
1147160
1147458
1147461
1147468
1147496
1147499
1147512
1147513
1147514
1147515
1147524
1147545
1147557
1147565
1147589
1147593
1147600
1147603
1147622
1147625
1147630
1147636
1147711
1147713
1147722
1147756
1148094
1148100
1148101
1148107
1148110
1148117
1148122
1148127
1148128
1148129
1148137
1148139
1148141
1148143
1148153
1148454
1148455
1148456
1148457
1148458
1148491
1148492
1148493
1148494
1148496
1148507
1148771
1148801
1149326
1149327
1149328
1149330
1149333
1149334
1149339
1149340
1149341
1149342
1149343
1149347
1149348
1149349
1149350
1149351
1149352
1149353
1149354
1149356
1149357
1149360
1149364
1149366
1149372
1149374
1149375
1149376
1149377
1149379
1149381
1149389
1149391
1149395
1149396
1149397
1149401
1149402
1149404
1149406
1149413
1149418
1149421
1149423
1149425
1149426
1149429
1149430
1149431
1149437
1149443
1149444
1149446
1149447
1149448
1149450
1149454
1149462
1149465
1149467
1149468
1149469
1149470
1149471
1149472
1149474
1149476
1149477
1149478
1149480
1149482
1149484
1149485
1149487
1149492
1149495
1149496
1149497
1149499
1149501
1149505
1149506
1149507
1149509
1149510
1149511
1149515
1149516
1149517
1149519
1149520
1149528
1149529
1149536
1149537
1149539
1149541
1149549
1149550
1149551
1149552
1149556
1149558
1149559
1149560
1149561
1149565
1149566
1149573
1149577
1149581
1149583
1149584
1149585
1149586
1149587
1149588
1149590
1149592
1149596
1149598
1149600
1149603
1149612
1149613
1149614
1149616
1149618
1149619
1149620
1149621
1149622
1149774
1149838
1149844
1149846
1150353
1150741
1150742
1150745
1150757
1150835
1150836
1150855
1150860
1150861
1150869
1150880
1150989
1150990
1150991
1150992
1151014
1151015
1151017
1151036
1151040
1151783
1151789
1151790
1151791
1151792
1151793
1154689
1154691
1154725
1154749
1154987
1154995
1154997
1155088
1155104
1155188
1155931
1155932
1155935
1155936
1155937
1155938
1155943
1155999
1156386
1156719
1156720
1156721
1156722
1156749
1156769
1156810
1156816
1156821
1156979
1156980
1156981
1156982
1157040
1157299
1157319
1157336
1157337
1157338
1157339
1157522
1157543
1157566
1157597
1157599
1157691
1157993
1158189
1158190
1158191
1158212
1158213
1158214
1158265
1158460
1158559
1158561
1158680
1158713
1158721
1159003
1159014
1159186
1159187
1159188
1159189
1159190
1159191
1159192
1159193
1159194
1159195
1159779
1159782
1159785
1159787
1159888
1159901
1159902
1159903
1159904
1159905
1159906
1159907
1159908
1160941
1160947
1160948
1160968
1161126
1161128
1161130
1161131
1161132
1161297
1161299
1161300
1161301
1161302
1161304
1161305
1161306
1161307
1161311
1161312
1161313
1161314
1161528
1161571
1161749
1161901
1161903
1161906
1161927
1161928
1161930
1161931
1161933
1161934
1161935
1161939
1162280
1162290
1162295
1162304
1162305
1162306
1162393
1162483
1162554
1162556
1162557
1162558
1162681
1162682
1162684
1162685
1162688
1162866
1162880
1162887
1162893
1162911
1162917
1162972
1163307
1163309
1163311
1163314
1163316
1163317
1163319
1163322
1163324
1163326
1163328
1163370
1163380
1163482
1163487
1163537
1163570
1163571
1163572
1163574
1163576
1163581
1163668
1163669
1163683
1163689
1163701
1163703
1163706
1163708
1163709
1163715
1163767
1164581
1164583
1164588
1164591
1165123
1165130
1165134
1165135
1165136
1165137
1165140
1165141
1165142
1165143
1165145
1165149
1165151
1165152
1165153
1165154
1165155
1165156
1165159
1165160
1165702
1165826
1165907
1165934
1166414
1166421
1166422
1166424
1166425
1166433
1166436
1166448
1166449
1166453
1166470
1166473
1166555
1166568
1166569
1166570
1166571
1166574
1166575
1166577
1166580
1166582
1166588
1166589
1166591
1166592
1166596
1166597
1166598
1166602
1166603
1166605
1166607
1166613
1166622
1166623
1166624
1166625
1166626
1166627
1166629
1166630
1166632
1166634
1166635
1166636
1166637
1166638
1166639
1166640
1166641
1166642
1166645
1166648
1166649
1166650
1166651
1166652
1166653
1166655
1166656
1166657
1166659
1166661
1166662
1166663
1166664
1166665
1167204
1167305
1167310
1167461
1167614
1167660
1167667
1167668
1167670
1167673
1167690
1167691
1167692
1167696
1167698
1168173
1168261
1168263
1168269
1168271
1168274
1168280
1168281
1168478
1168479
1168481
1168482
1168483
1168489
1168493
1168498
1168499
1168504
1168505
1168514
1168516
1168522
1168535
1168547
1168548
1168549
1168550
1168563
1168593
1168594
1168595
1168600
1168607
1168608
1168610
1168611
1168612
1168613
1168744
1168811
1168812
1168813
1168814
1168815
1168816
1168817
1168818
1168820
1168821
1168822
1168823
1168824
1168825
1168826
1168827
1168828
1168829
1168830
1168831
1168832
1168833
1168834
1168836
1168837
1168838
1168839
1168840
1168841
1168842
1168843
1168844
1168845
1168846
1168847
1168848
1168850
1168851
1168852
1168916
1168955
1169008
1169009
1169014
1169015
1169016
1169020
1169032
1169120
1169617
1169618
1169619
1169620
1169621
1169622
1169624
1169625
1169626
1169627
1169628
1169629
1169630
1169631
1169632
1169633
1169634
1169635
1169636
1169638
1169639
1169640
1169641
1169642
1169917
1170233
1170234
1170370
1170375
1170410
1170411
1170412
1170416
1170417
1170418
1170421
1170422
1170423
1170424
1170425
1170427
1170505
1170506
1170589
1170590
1170592
1170604
1170605
1170612
1170620
1170655
1170656
1170661
1170666
1170667
1170670
1170671
1170672
1171059
1171060
1171061
1171064
1171066
1171072
1171093
1171094
1171096
1171097
1171099
1171101
1171102
1171103
1171104
1171106
1171108
1171111
1171116
1171121
1171156
1171157
1171158
1171167
1171172
1171178
1171182
1171184
1171190
1171196
1171197
1171201
1171204
1171205
1171206
1171208
1171212
1171213
1171215
1171217
1171228
1171241
1171256
1171259
1171261
1171263
1171265
1171267
1171270
1171271
1171273
1171275
1171277
1171280
1171282
1171283
1171284
1171288
1171289
1171290
1171294
1171295
1171296
1171298
1171299
1171328
1171330
1171334
1171336
1171339
1171342
1171343
1171346
1171347
1171631
1171632
1171633
1171637
1171638
1171640
1171643
1171650
1171651
1171653
1171654
1171667
1172082
1172083
1172086
1172088
1172089
1172090
1172092
1172093
1172094
1172095
1172096
1172097
1172099
1172100
1172101
1172103
1172104
1172105
1172106
1172107
1172108
1172193
1172195
1172196
1172314
1172353
1172985
1173135
1173138
1173193
1173203
1173217
1173295
1173296
1173297
1173523
1173626
1173627
1173709
1173740
1173741
1173743
1173745
1173747
1173748
1173749
1173750
1173751
1173752
1173753
1173754
1173756
1173757
1173758
1173759
1173760
1173761
1173762
1173764
1173766
1173767
1173768
1173769
1173770
1173771
1173772
1174516
1174517
1174519
1174520
1174522
1174526
1174530
1174534
1174536
1174537
1174538
1174539
1174976
1174977
1174980
1174985
1175242
1175308
1175309
1175310
1175312
1175504
1175505
1175507
1175653
1175654
1175655
1175657
1175659
1175662
1175663
1175848
1175849
1175850
1175851
1175852
1175853
1175854
1175855
1175981
1175982
1175984
1176006
1176035
1176040
1176041
1176042
1176043
1176044
1176045
1176046
1176047
1176048
1176049
1176050
1176051
1176052
1176053
1176054
1176055
1176056
1176057
1176058
1176059
1176060
1176061
1176062
1176064
1176065
1176066
1176067
1176068
1176069
1176070
1176071
1176072
1176073
1176074
1176075
1176076
1176077
1176078
1176079
1176080
1176081
1176087
1176089
1176090
1176091
1176092
1176093
1176094
1176095
1176096
1176097
1176098
1176099
1176100
1176101
1176102
1176103
1176104
1176106
1176107
1176110
1176111
1176112
1176113
1176114
1176115
1176116
1176117
1176118
1176119
1176120
1176121
1176122
1176123
1176124
1176133
1176135
1176145
1176146
1176147
1176148
1176149
1176150
1176153
1176422
1176423
1176425
1176478
1176479
1176481
1176484
1176557
1176560
1176736
1176764
1176765
1176766
1176767
1177006
1177042
1177043
1177045
1177046
1177191
1177590
1177591
1177613
1177614
1177615
1177616
1177617
1177623
1177624
1177625
1177626
1177630
1177632
1177751
1177752
1177753
1177757
1177758
1177759
1177762
1177763
1177764
1177765
1177766
1177767
1178443
1178517
1178525
1178527
1178775
1178776
1178840
1178856
1178859
1178873
1178886
1179638
1179664
1179680
1181288
1181289
1181290
1181291
1181292
1181310
1181675
1181709
1181711
1182142
1182143
1182206
1182518
1182525
1182526
1182527
1182528
1182850
1182851
1182925
1183059
1183064
1183156
1183160
1183239
1183241
1183254
1183255
1183266
1183271
1183273
1183281
1183284
1183285
1183286
1183288
1183295
1183299
1183301
1183312
1183313
1183316
1183317
1183319
1183320
1183638
1184126
1184127
1184128
1184129
1184131
1184132
1184133
1184484
1184485
1184486
1184487
1184488
1184491
1184496
1184507
1184510
1184514
1184524
1184527
1184530
1184531
1184533
1184535
1184541
1184543
1184544
1184545
1184546
1184547
1184550
1184551
1184552
1184555
1184557
1184558
1184563
1184565
1184566
1184568
1184569
1184574
1184575
1184579
1184584
1184586
1184587
1184594
1184595
1184597
1184691
1184693
1184694
1184695
1184696
1184697
1184698
1184699
1184700
1184704
1184708
1184797
1185413
1185853
1185854
1185855
1185856
1185857
1185858
1185859
1185866
1185867
1185869
1186059
1186124
1187128
1187131
1187894
1187967
1187973
1188015
1188792
1188793
1188794
1188795
1188812
1188819
1188991
1189101
1189116
1189123
1189124
1189153
1190450
1190451
1190460
1190475
1190974
1190980
1190992
1191005
1191063
1191064
1191065
1191066
1191207
1191380
1191383
1192193
1192194
1192195
1192859
1192860
1192873
1192876
1192877
1192879
1192881
1192883
1192884
1192885
1192893
1192899
1192907
1192909
1192910
1192916
1192917
1192924
1192925
1192927
1192928
1192929
1192931
1192932
1192935
1192937
1192939
1192943
1192945
1192946
1192947
1192954
1192955
1192957
1192958
1192959
1192960
1192962
1192963
1192966
1192967
1192968
1192970
1192971
1193290
1193328
1193336
1193359
1193386
1193388
1193390
1193395
1193398
1193399
1193419
1193420
1193422
1193655
1193657
1193663
1193666
1193668
1193848
1193849
1193852
1193858
1193859
1193860
1193863
1193869
1193874
1193876
1193877
1193878
1193883
1193884
1193885
1193888
1193891
1193892
1193893
1193894
1193895
1193898
1193902
1193903
1193904
1193905
1193910
1193911
1193912
1193913
1193916
1193927
1193929
1193933
1193938
1193939
1193946
1193947
1193948
1193949
1193952
1193958
1193960
1193961
1193962
1193966
1193967
1193968
1193969
1193970
1193974
1193975
1193976
1193979
1193980
1194000
1194001
1194006
1194007
1194008
1194011
1194013
1194014
1194015
1194017
1194021
1194024
1194025
1194026
1194091
1194096
1194147
1194163
1194230
1194299
1194303
1194306
1194307
1194308
1194309
1194310
1194311
1194312
1194313
1194314
1194315
1194316
1194317
1194318
1194319
1194321
1194322
1194323
1194324
1194325
1194326
1194328
1194329
1194330
1194337
1194338
1194339
1194340
1194428
1194429
1194430
1194433
1194437
1194438
1194439
1194444
1194635
1194641
1194642
1194757
1195069
1195070
1195071
1195072
1195073
1195074
1195075
1195077
1195078
1195079
1195080
1195081
1195085
1195086
1195087
1195162
1195163
1195196
1195201
1195202
1195203
1195208
1195209
1195218
1195220
1195221
1195233
1195235
1195279
1195281
1195289
1195290
1195291
1195364
1195366
1195367
1195368
1195370
1195371
1195372
1195374
1195376
1195378
1195608
1195613
1195615
1195616
1195618
1195619
1195620
1195621
1195622
1195623
1195624
1195626
1195627
1195628
1195629
1195630
1195631
1195632
1195633
1195634
1195635
1195636
1195637
1195638
1195639
1195641
1195658
1195791
1195796
1196057
1196060
1196061
1196065
1196075
1196079
1196228
1196236
1196237
1196600
1196601
1196602
1196619
1196624
1196647
1196824
1196826
1196844
1197114
1197457
1197459
1197880
1197935
1197951
1197952
1197953
1198013
1198014
1198015
1198016
1198017
1198018
1198019
1198021
1198022
1198023
1198024
1198085
1198086
1198087
1198117
1198134
1198136
1198137
1198139
1198140
1198144
1198146
1198147
1198218
1198219
1198220
1198288
1198328
1198329
1198330
1198331
1198332
1198333
1198334
1198388
1198392
1198394
1198396
1198397
1198399
1198412
1198413
1198418
1198425
1198431
1198435
1198450
1198498
1198648
1198663
1198664
1198665
1198666
1198887
1198891
1198910
1198976
1198980
1199139
1199274
1199277
1199352
1199380
1200308
1200310
1200367
1200395
1200670
1200671
1200862
1200971
1201021
1201040
1201042
1201156
1201157
1201158
1201301
1201302
1201311
1202094
1202142
1202184
1202185
1202186
1202190
1202191
1202192
1202193
1202204
1202205
1202218
1202220
1202224
1202226
1202228
1202230
1202232
1202236
1202238
1202240
1202241
1202242
1202251
1202252
1202253
1202254
1202256
1202273
1202274
1202277
1202278
1202281
1202282
1202283
1202286
1202287
1202288
1202290
1202292
1202298
1202302
1202303
1202304
1202305
1202306
1202309
1202310
1202313
1202314
1202315
1202318
1202553
1202565
1202566
1202570
1202571
1202572
1202573
1202576
1202577
1202579
1202580
1202582
1202585
1202588
1202589
1202590
1202591
1202593
1202594
1202596
1202598
1202599
1202604
1202609
1202611
1202616
1202618
1202619
1202630
1202633
1202640
1202642
1202644
1202648
1202656
1202992
1202997
1203000
1203029
1203273
1203274
1203275
1203281
1203294
1203295
1203297
1203298
1203305
1203312
1203331
1203337
1203348
1203354
1203356
1203539
1203543
1203640
1203676
1203680
1203681
1203698
1203703
1203710
1203711
1203713
1203715
1203723
1203725
1203726
1203729
1203735
1203747
1203767
1203768
1203770
1203796
1203825
1203874
1203886
1203900
1203907
1203912
1203919
1203923
1203924
1203934
1203958
1203961
1203974
1203975
1203978
1203987
1204003
1204026
1204030
1204058
1204060
1204075
1204080
1204099
1204105
1204120
1204122
1204134
1204149
1204159
1204160
1204161
1204178
1204180
1204231
1204232
1204235
1204236
1204237
1204238
1204243
1204244
1204247
1204254
1204257
1204258
1204289
1204514
1204515
1204516
1204517
1204521
1204522
1204523
1204524
1204525
1204527
1204528
1204529
1204530
1204531
1204533
1204534
1204535
1204536
1204537
1204538
1204539
1204540
1204541
1204542
1204543
1204544
1204570
1204571
1204572
1204577
1204737
1204801
1204805
1204812
1204988
1205300
1205304
1205318
1205479
1205492
1205512
1205519
1205835
1205838
1205875
1205899
1205901
1205902
1205904
1205924
1206069
1206110
1206163
1206179
1206183
1206184
1206201
1206206
1206207
1206211
1206300
1206313
1206556
1206557
1206558
1206559
1206560
1206566
1206674
1206676
1206678
1206679
1206680
1206682
1206684
1206688
1206691
1206694
1206696
1206698
1206699
1206700
1206701
1206703
1206704
1206706
1206708
1206999
1207438
1207924
1207926
1207928
1207930
1207932
1207936
1207941
1207943
1207945
1207946
1207948
1207950
1207959
1207962
1207964
1207967
1207972
1207973
1207977
1207979
1207982
1208059
1208062
1208063
1208064
1208236
1208309
1208310
1208341
1208385
1208587
1208593
1208650
1208652
1208653
1208714
1208725
1208726
1209378
1209379
1209380
1209381
1209382
1209383
1209385
1209442
1209443
1209820
1210004
1210018
1210025
1210035
1210124
1210127
1210132
1210133
1210134
1210135
1210140
1210178
1210183
1210192
1210203
1210210
1210212
1210213
1210214
1210217
1210230
1210239
1210266
1210285
1210303
1210308
1210311
1210325
1210326
1210346
1210352
1210914
1210996
1211016
1211017
1211018
1211020
1211278
1211279
1211280
1211281
1211282
1211283
1211284
1211285
1211380
1211386
1211388
1211417
1211480
1211482
1211484
1211640
1211641
1211642
1211644
1211786
1211898
1211899
1212475
1212478
1212483
1212507
1212668
1212699
1212700
1213187
1213198
1213379
1213406
1213422
1213588
1213620
1213621
1213881
1213962
1213983
1213990
1214023
1214037
1214042
1214046
1214049
1214051
1214059
1214061
1214078
1214137
1214138
1214139
1214230
1214458
1214459
1214618
1214619
1214620
1214621
1214622
1214623
1214625
1214626
1214627
1214628
1214629
1214630
1214631
1214632
1214793
1214798
1214800
1214805
1214809
1214827
1214830
1214832
1214833
1214848
1214852
1214858
1214859
1214861
1214865
1214866
1214877
1214881
1214882
1214884
1214885
1214887
1214888
1214891
1214893
1214894
1214896
1214898
1214899
1214900
1214906
1214920
1214953
1214955
1214957
1214959
1214966
1214967
1214968
1214970
1214971
1214972
1214973
1214974
1214976
1214979
1214981
1214983
1214984
1214985
1214987
1214988
1214989
1214990
1214991
1214992
1214994
1214996
1214997
1214998
1214999
1215001
1215003
1215006
1215007
1215008
1215009
1215010
1215306
1215307
1215308
1215316
1215318
1215320
1215321
1215413
1215424
1215429
1215440
1215441
1215470
1215475
1215494
1215503
1215516
1215535
1215560
1215578
1215594
1215597
1215598
1215919
1215921
1215922
1216472
1216504
1216890
1216904
1216905
1216906
1216909
1216911
1216920
1216926
1216927
1216928
1217117
1217123
1217124
1217126
1217129
1217131
1217132
1217303
1217304
1217310
1217561
1217568
1217770
1217771
1217772
1217773
1217774
1217775
1217776
1217777
1217778
1217810
1217821
1217841
1217847
1217851
1217854
1217859
1217861
1217862
1218299
1218300
1218301
1218302
1218303
1218304
1218305
1218306
1218307
1218309
1218487
1218488
1218489
1218490
1218619
1218622
1218637
1218648
1218650
1218727
1219262
1219263
1219264
1219265
1219268
1219351
1219352
1219353
1219376
1219377
1219378
1219379
1219380
1219381
1219404
1219405
1219406
1219407
1219413
1219416
1219419
1219424
1219426
1219465
1219528
1219529
1219530
1219531
1219554
1219558
1219563
1219564
1219875
1219876
1219877
1219896
1220025
1220265
1220488
1220489
1220552
1220601
1220602
1220603
1220714
1220715
1220716
1220717
1221206
1221208
1221219
1221391
1221437
1221449
1221622
1221623
1221637
1221835
1221882
1222019
1222251
1222252
1222338
1223259
1223260
1223261
1223262
1223561
1223562
1223808
1223810
1223823
1223825
1223827
1223829
1223832
1223833
1223835
1223836
1223839
1224329
1224344
1224349
1224363
1224371
1224390
1224397
1224400
1224402
1224510
1224515
1224516
1224517
1224520
1224522
1224524
1224525
1224526
1224528
1224530
1224531
1224532
1224534
1224538
1224540
1224676
1224677
1224818
1224820
1225069
1225431
1225479
1225483
1225491
1225644
1225732
1225739
1225740
1225744
1225745
1225751
1225752
1225753
1225755
1225757
1225759
1225760
1225762
1225763
1225764
1225765
1225766
1225768
1225789
1225790
1225791
1225792
1225793
1225794
1225795
1225800
1225805
1225806
1225860
1225861
1225862
1226252
1226253
1226254
1226255
1226257
1226258
1226259
1226260
1226261
1226262
1226263
1226266
1226329
1226368
1226504
1226531
1226655
1226656
1226722
1226723
1227348
1227354
1227355
1227356
1227357
1227515
1227519
1227520
1227521
1227522
1227523
1227524
1227525
1227557
1227559
1227786
1227789
1227793
1227798
1227803
1227925
1228012
1228013
1228014
1228070
1228086
1228099
1228220
1228234
1228250
1228302
1228310
1228333
1228340
1228393
1228403
1228412
1228418
1228421
1228424
1228425
1228427
1228430
1228431
1228443
1228447
1228454
1228455
1228458
1228461
1228462
1228464
1228470
1228485
1228499
1228513
1228524
1228526
1228535
1228541
1228551
1228553
1228562
1228574
1228576
1228577
1228581
1228583
1228586
1228606
1228607
1228612
1228616
1228617
1228630
1228631
1228632
1228663
1228673
1228674
1228675
1228676
1228677
1228680
1228681
1228690
1228695
1228696
1228706
1228723
1228735
1228737
1228754
1228759
1228812
1228813
1228814
1228815
1228822
1228823
1228828
1228830
1228831
1228834
1228835
1228836
1228837
1228840
1228841
1228842
1228846
1228847
1228848
1228849
1228856
1228862
1228863
1228865
1228866
1228870
1228874
1228877
1228879
1228880
1228881
1228884
1228885
1228886
1228888
1228889
1228891
1228893
1228896
1228898
1228899
1228900
1228901
1228902
1228903
1228905
1228906
1228908
1228910
1228913
1228915
1228918
1228920
1228924
1228927
1228928
1228932
1228933
1229186
1229189
1229190
1229324
1229325
1229326
1229455
1229457
1229470
1229528
1229535
1229536
1229537
1229540
1229551
1229558
1229572
1229576
1229579
1229581
1229593
1229612
1229618
1229620
1229634
1229675
1229676
1229677
1229678
1229680
1229682
1229683
1229685
1229686
1229751
1229752
1229753
1229754
1229755
1229757
1229760
1229761
1229766
1229768
1229773
1229777
1229782
1229784
1229786
1229787
1229788
1229789
1229790
1229791
1229792
1229793
1229794
1229832
1229833
1229834
1229835
1229837
1229838
1229913
1230175
1230176
1230199
1230201
1230209
1230210
1230222
1230223
1230228
1230231
1230242
1230245
1230251
1230253
1230254
1230390
1230469
1231003
1231048
1231086
1231088
1231094
1231098
1231099
1231106
1231107
1231111
1231113
1231115
1231146
1231155
1231159
1231163
1231176
1231177
1231267
1231283
1231291
1231293
1231296
1231298
1231304
1231305
1231307
1231319
1231322
1231325
1231334
1231360
1231361
1231612
1231613
1231614
1231709
1231902
1231903
1231929
1231972
1232468
1232498
1232618
1232619
1232637
1232640
1232647
1232658
1232736
1232737
1232738
1232754
1232868
1232869
1232871
1232872
1232896
1233096
1233097
1233167
1233177
1233218
1233314
1233316
1233317
1233320
1233383
1233488
1233522
1233523
1233675
1233678
1233735
1234171
1234417
1234428
1234611
1234615
1234616
1234688
1234689
1234697
1234701
1234808
1234872
1234878
1234879
1234880
1234881
1234882
1234883
1234884
1234886
1234887
1234888
1235280
1235281
1235282
1235285
1235288
1235289
1235314
1235419
1235421
1235427
1235428
1235429
1235430
1235559
1235640
1235645
1235647
1235648
1235649
1235650
1235651
1235652
1235653
1235654
1235655
1235656
1235657
1235659
1235661
1235662
1235689
1235691
1235692
1235712
1235824
1235991
1235996
1236000
1236042
1236047
1236391
1236392
1236393
1236394
1236395
1236396
1236397
1236398
1236399
1236400
1236401
1236403
1236405
1236406
1236407
1236409
1236410
1236566
1236569
1236573
1236767
1236981
1236985
1236986
1236987
1236992
1237001
1237009
1237063
1237064
1237159
1237364
1237423
1237432
1237435
1237445
1237450
1237452
1237462
1237467
1237472
1237483
1237484
1237485
1237489
1237490
1237871
1238267
1238268
1238269
1238270
1238271
1238272
1238274
1238275
1238276
1238278
1238279
1238280
1238282
1238283
1238284
1238455
1238886
1239215
1239216
1239234
1239241
1239247
1239248
1239260
1239266
1239267
1239379
1239381
1239382
1239383
1239384
1239385
1239386
1239416
1239435
1239437
1239438
1239439
1239441
1239452
1239565
1239566
1239567
1239568
1239569
1239570
1239571
1239572
1239573
1239574
1239575
1239576
1239577
1239578
1239579
1239580
1239581
1239582
1239583
1239800
1239801
1239805
1239825
1239832
1240004
1240008
1240009
1240010
1240011
1240012
1240013
1240014
1240015
1240016
1240017
1240018
1240019
1240020
1240021
1240120
1240124
1240574
1240575
1240577
1240584
1240589
1240595
1240596
1240597
1241370
1241371
1241381
1241383
1241398
1241399
1241407
1241438
1241918
1241932
1241933
1241957
1241966
1241967
1241968
1241969
1241970
1241971
1241972
1241973
1241974
1242122
1242123
1242125
1242140
1242143
1242145
1242179
1242183
1242185
1242191
1242193
1242197
1242199
1242200
1242204
1242215
1242217
1242221
1242224
1242232
1242234
1242235
1242237
1242241
1242781
1242782
1242785
1242786
1242808
1242809
1242810
1242863
1242880
1243178
1243179
1243182
1243183
1243184
1243185
1243186
1243187
1243189
1243190
1243191
1243193
1243194
1243197
1243198
1243199
1243200
1243202
1243207
1243211
1243212
1243213
1243216
1243218
1243220
1243222
1243223
1243224
1243228
1243230
1243231
1243232
1243233
1243234
1243235
1243236
1243238
1243241
1243242
1243243
1243244
1243245
1243246
1243247
1243248
1243249
1243250
1243251
1243252
1243253
1243254
1243256
1243257
1243258
1243259
1243260
1243261
1243263
1243264
1243266
1243269
1243270
1243271
1243272
1243274
1243275
1243279
1243284
1243286
1243287
1243291
1243294
1243298
1243299
1243300
1243301
1243303
1243307
1243309
1243312
1243313
1243314
1243315
1243317
1243319
1243320
1243321
1243322
1243324
1243325
1243328
1243329
1243333
1243334
1243335
1243337
1243338
1243343
1243348
1243349
1243353
1243356
1243358
1243359
1243360
1243361
1243364
1243365
1243366
1243368
1243372
1243373
1243377
1243378
1243380
1243382
1243387
1243388
1243389
1243390
1243391
1243394
1243398
1243399
1243401
1243402
1243403
1243404
1243410
1243411
1243412
1243414
1243419
1243420
1243422
1243423
1243427
1243428
1243431
1243432
1243433
1243435
1243436
1243437
1243438
1243440
1243441
1243442
1243443
1243445
1243448
1243449
1243450
1243451
1243454
1243456
1243457
1243459
1243460
1243461
1243462
1243463
1243465
1243466
1243470
1243472
1243473
1243475
1243476
1243477
1243478
1243479
1243480
1243484
1243493
1243494
1243499
1243501
1243502
1243505
1243506
1243508
1243521
1243527
1243535
1243536
1243540
1243542
1243546
1243548
1243551
1243555
1243558
1243564
1243568
1243571
1243574
1243883
1243884
1243885
1243887
1243888
1243889
1243890
1244158
1244203
1244522
1244523
1244525
1244526
1244527
1244563
1244565
1244854
1244856
1244857
1244873
1244884
1244885
1245187
1245189
1245191
1245464
1245470
1245560
1245561
1245562
1245563
1245564
1245565
1245566
1245593
1245814
1245890
1245909
1246482
1246548
1246555
1246562
1246650
1246651
1246655
1246659
1246675
1246677
1246678
1246679
1246850
1247113
1247114
1247115
1247116
1247238
1247239
1247240
1247241
1247242
1247243
1247244
1247245
1247246
1247247
1247248
1247250
1247252
1247253
1247254
1247259
1247260
1247261
1247269
1247270
1247280
1247301
1247305
1247309
1247313
1247319
1247343
1247347
1247355
1247358
1247366
1247376
1247377
1247378
1247379
1247460
1247461
1247462
1247464
1247465
1247466
1247467
1247469
1247470
1247839
1247841
1247876
1247879
1247891
1247968
1247973
1247977
1247978
1247985
1247986
1247991
1248130
1248131
1248132
1248133
1248134
1248136
1248250
1248332
1248333
1248335
1248337
1248396
1248651
1248656
1248657
1248664
1248665
1248666
1248674
1248676
1248677
1248682
1248687
1248690
1248694
1248698
1248699
1248702
1248704
1248707
1248713
1249212
1249213
1249215
1249217
1249467
1249500
1249501
1249503
1249508
1249648
1249676
1249677
1249826
1249848
1249878
1250303
1250315
1250316
1250389
1250392
1250394
1250395
1250398
1254418
1254420
1254425
1255290
1255293
1255296
1255301
1255765
1256519
1256520
1256521
1256523
1256524
1256595
1256596
1256598
1256600
1256601
1256602
1256603
1256605
1256608
1256610
1256614
1256615
1256616
1256617
1256618
1256620
1256621
1256622
1256623
1256625
1256628
1256633
1256636
1256638
1256786
1256787
1256788
1256848
1256849
1256851
1256855
1256857
1256866
1256868
1256869
1256870
1256880
1257111
1258572
1259774
1259807
1259832
1260033
1260034
1260035
1260036
1260037
1260039
1260041
1260043
1260044
1260119
1260283
1260284
1260285
1260286
1260287
1260539
1260541
1260542
1260543
1260544
1260769
1260939
1260940
1260941
1260942
1260943
1260944
1261100
1261101
1261206
1261210
1261216
1261226
1261230
1261233
1261237
1261238
1261240
1261241
1261243
1261249
1261250
1261255
1261407
1261412
1261419
1261420
1261613
1261657
1261659
1261662
1261664
1261666
1261667
1261672
1261675
1261676
1261677
1261678
1261682
1261685
1261688
1261689
1261690
1261691
1261696
1261702
1261703
1261704
1261707
1261708
1261709
1261710
1261712
1261714
1261719
1261722
1261723
1261725
1261728
1261732
1261733
1261736
1261739
1261741
1261742
1261747
1261748
1261749
1261750
1261754
1261755
1261764
1261766
1261767
1261769
1261771
1261773
1261777
1261780
1261783
1261786
1261788
1261789
1261791
1261793
1261794
1261795
1261796
1261798
1261800
1261805
1261806
1261813
1261814
1261815
1261818
1261821
1261822
1261827
1261830
1261833
1261835
1261840
1261841
1261842
1261843
1261845
1261846
1261849
1261851
1261852
1261853
1261854
1261856
1261857
1261862
1261863
1261864
1261866
1261867
1261870
1261883
1261884
1261885
1261886
1261891
1261893
1261894
1261895
1261896
1261899
1261901
1261902
1261903
1261906
1261907
1261912
1261917
1261918
1261919
1261920
1261921
1261923
1261926
1261930
1261933
1261939
1261940
1261943
1261949
1261950
1261952
1261953
1261954
1261956
1261957
1261959
1261961
1261962
1261963
1261964
1261965
1261966
1261968
1261969
1261970
1261972
1261975
1261976
1261978
1261982
1261983
1261987
1261992
1261996
1261998
1262000
1262002
1262003
1262008
1262009
1262012
1262013
1262014
1262017
1262020
1262022
1262026
1262027
1262028
1262029
1262030
1262034
1262035
1262036
1262040
1262041
1262042
1262046
1262047
1262072
1262073
1262074
1262075
1262167
1262168
1262170
1262176
1262177
1262181
1262182
1262183
1262184
1262186
1262190
1262194
1262224
1262401
1262410
1262411
1262512
1262513
1262514
1262515
1262516
1262517
1262518
1262519
1262520
1262521
1262522
1262523
1262524
1262527
1262528
1262530
1262532
1262533
1262535
1262536
1262537
1262538
1262539
1262540
1262541
1262598
1262599
1262600
1263155
1263292
1263294
1263298
1263299
1263302
1263412
1263900
1263901
1263903
1263907
1263908
1263910
1263912
1263913
1263914
1263925
1263926
1264597
1264598
1264700
1264701
1264737
1264782
1264795
1264880
1264898
1265591
1265605
1265748
1266056
1266058
1266180
1266191
1266194
1266232
1266244
1266274
1266289
1266302
1266304
1266450
1266451
1266458
1266463
1266635
1266637
1266638
1266639
1266640
1266641
1266649
1266651
1266652
1266654
1266656
1266658
1266731
1266774
1266977
1266993
1266995
1267169
1267475
1267484
1267569
1267570
1267582
1267585
1267592
1267594
1267601
1267602
1267603
1267604
1267605
1267606
1267608
1267610
1267611
1267612
1267614
1267615
1267617
1267618
1267619
1267620
1267621
1267622
1267623
1267624
1267625
1267627
1267628
1267629
1267630
1267631
1267632
1267634
1267635
1267636
1267637
1267638
1267639
1267640
1267641
1267642
1267643
1267644
1267645
1267646
1267647
1267648
1267649
1267650
1267651
1267652
1267653
1267654
1267657
1267658
1267659
1267660
1267661
1267662
1267664
1267665
1267666
1267668
1267669
1267670
1267674
1267675
1267676
1267677
1267682
1267683
1267684
1267685
1267689
1267692
1267693
1267694
1267695
1267696
1267697
1267699
1267701
1267702
1267703
1267705
1267706
1267707
1267708
1267711
1267712
1267713
1267715
1267716
1267717
1267721
1267722
1267726
1267727
1267728
1267730
1267731
1267732
1267733
1267735
1267736
1267737
1267738
1267739
1267740
1267741
1267742
1267744
1267745
1267746
1267747
1267748
1267749
1267750
1267751
1268011
1268039
1268058
1268059
1268253
1268259
1268260
1268261
1268262
1268263
1268360
1268642
1268643
1268680
1268809
1269028
1269292
1269302
1269303
1269327
1269944
1269946
1269948
1269976
1269982
1269987
1269990
1269991
1269993
1271477
1271534
1271535
1271777
1271778
1271870
1271871
1271872
1272519
1272571
1272940
1272942
1272943
1272945
1272946
1272947
1272949
1272952
1272953
1272955
1272957
1272958
1272959
1272960
1272961
1272962
1273008
1273009
1273023
1273090
1273128
1273142
1273143
1273145
1273147
1273148
1273450
1273458
1273498
1273499
1273529
1273532
1273706
1273707
1273709
1273711
1273712
1273713
1273714
1273738
1273739
1273740
1273741
1273742
1273743
1273744
1273746
1273747
1273748
1273749
1273750
1273751
1273752
1273753
1273754
1273755
1274209
1274213
1274220
1274226
1274227
1274232
1274235
1274238
1274240
1274247
1274303
1274307
1274308
1274311
1274312
1274322
1274331
1274366
1274367
1274595
1274605
1274606
1274611
1274613
1274615
1274616
1274618
1274619
1274620
1274621
1275491
1275492
1275493
1275498
1275499
1275500
1275507
1275508
1275510
1275513
1275515
1275517
1275519
1275520
1275521
1275522
1275523
1275528
1275529
1275530
1275533
1275536
1275540
1275543
1275545
1275549
1275552
1275558
1275564
1275565
1275568
1275569
1275571
1275572
1275574
1275576
1275577
1275579
1275580
1275582
1275584
1275585
1275589
1275593
1275597
1275598
1275599
1275603
1275612
1275619
1275625
1275629
1275630
1275632
1275635
1275637
1275640
1275641
1275646
1275647
1275651
1275652
1275654
1275655
1275658
1275659
1275661
1275662
1275664
1275665
1275670
1275671
1275676
1275683
1275685
1275692
1275698
1275700
1275703
1275705
1275712
1275716
1275725
1275730
1275740
1275748
1275759
1275760
1275764
1275768
1275771
1275772
1275773
1275775
1275778
1275779
1275783
1275784
1275788
1275790
1275791
1275795
1275796
1275797
1275799
1275800
1275804
1275813
1275815
1275817
1275820
1275822
1275824
1275827
1275837
1275838
1275839
1275840
1275841
1275850
1275851
1275853
1275854
1275858
1275870
1275872
1275877
1275879
1275882
1275889
1275892
1275894
1275895
1275901
1275903
1275905
1275910
1275911
1275913
1275915
1275916
1275918
1275920
1275922
1275923
1275925
1275926
1275928
1275930
1275931
1275932
1275935
1275936
1275937
1275938
1275939
1275940
1275941
1275944
1276158
1276161
1276162
1276163
1276164
1276181
1276186
1276188
1276189
1276190
1276519
1276612
1276880
1276881
1276915
1277443
1277444
1277616
1277637
1277640
1277641
1277642
1277649
1277672
1277886
1277892
1277921
1277922
1277924
1277925
1278204
1278205
1278246
1278247
1278248
1278249
1278250
1278251
1278252
1278253
1278254
1278255
1278257
1278258
1278261
1278262
1278263
1278265
1278268
1278269
1278270
1278271
1278272
1278273
1278274
1278275
1278276
1278277
1278278
1278279
1278324
1278325
1278326
1278327
1278328
1278329
1278331
1278332
1278334
1278335
1278336
1278337
1278338
1278339
1278340
1278341
1278342
1278343
1278345
1278346
1278347
1278349
1278350
1278351
1278352
1278353
1278354
1278356
1278357
1278358
1278359
1278360
1278361
1278362
1278363
1278364
1278365
1278366
1278367
1278368
1278371
1278372
1278373
1278374
1278375
1278376
1278377
1278379
1278380
1278381
1278382
1278383
1278384
1278385
1278386
1278387
1278388
1278390
1278391
1278392
1278395
1278399
1278401
1278402
1278403
1278404
1278405
1278406
1278407
1278408
1278409
1278410
1278411
1278412
1278413
1278414
1278415
1278416
1278417
1278418
1278419
1278420
1278421
1278422
1278423
1278424
1278425
1278426
1278428
1278429
1278430
1278431
1278432
1278433
1278436
1278437
1278438
1278439
1278441
1278443
1278445
1278446
1278447
1278448
1278450
1278451
1278455
1278456
1278457
1278459
1278461
1278464
1278465
1278466
1278468
1278471
1278473
1278474
1278475
1278476
1278477
1278478
1278479
1278480
1278481
1278484
1278485
1278486
1278487
1278488
1278490
1278491
1278493
1278495
1278496
1278497
1278498
1278499
1278500
1278501
1278502
1278503
1278504
1278505
1278506
1278507
1278508
1278511
1278513
1278514
1278515
1278516
1278517
1278519
1278520
1278521
1278522
1278523
1278524
1278526
1278527
1278529
1278531
1278532
1278533
1278535
1278536
1278537
1279057
1279060
1279063
1279066
1279068
1279070
1279080
1279081
1279082
1279083
1279099
1279100
1279470
1279472
1279491
1279497
1279500
1279506
1279508
1279509
1279515
1279523
1279525
1279527
1279548
1279550
1279559
1279567
1279568
1279572
1279573
1279575
1279579
1279590
1279593
1279602
1279616
1279617
1279618
1279665
1279667
1279671
1279673
1279679
1279680
1279690
1279697
1279700
1279707
1279712
1279715
1279716
1279717
1279720
1279722
1279736
1279745
1279746
1279748
1279761
1279764
1279765
1279770
1279774
1279775
1279787
1279788
1279789
1279792
1279794
1279797
1279805
1279810
1279812
1279834
1279836
1279861
1279878
1279879
1279880
1279884
1279900
1279911
1279932
1279937
1279938
1279942
1279954
1279969
1279974
1279979
1279986
1279993
1280297
1280298
1280299
1280300
1280301
1280302
1280309
1280609
1280610
1280612
1280613
1280920
1280921
1281440
1281453
1281454
1281455
1281456
1281469
1281715
1281719
1281720
1281722
1281725
1282341
1282342
1282346
1282422
1282423
1282424
1282425
1282430
1282762
1282768
1282774
1282782
1282784
1282792
1282797
1282967
1282994
1282995
1283001
1283002
1283003
1283004
1283009
1283012
1283015
1283017
1283023
1283025
1283026
1283027
1283028
1283029
1283030
1283032
1283033
1283034
1283036
1283043
1283045
1283052
1283053
1283054
1283057
1283058
1283059
1283061
1283062
1283064
1283066
1283067
1283068
1283069
1283070
1283071
1283073
1283076
1283077
1283078
1283079
1283103
1283105
1283107
1283108
1283109
1283110
1283171
1283174
1283186
1283189
1283195
1283199
1283205
1283207
1283208
1283209
1283210
1283211
1283226
1283294
1283308
1283332
1283333
1283354
1283362
1283363
1283364
1283367
1283369
1283372
1283373
1283376
1283377
1283378
1283390
1283395
1283402
1283405
1283412
1283416
1283418
1283422
1283429
1283431
1283435
1283436
1283441
1283455
1283456
1283461
1283463
1283469
1283470
1283471
1283472
1283473
1283475
1283476
1283477
1283478
1283486
1283487
1283488
1283489
1283490
1283492
1283494
1283499
1283500
1283501
1283502
1283503
1283504
1283505
1283507
1283510
1283513
1283514
1283517
1283523
1283525
1283528
1283534
1283540
1283547
1283562
1283563
1283565
1283570
1283578
1283580
1283581
1283582
1283585
1283591
1283608
1283613
1283615
1283616
1283625
1283627
1283629
1283631
1283632
1283633
1283634
1283635
1283637
1283638
1283639
1283641
1283646
1283652
1283658
1283663
1283664
1283665
1283666
1283667
1283668
1283669
1283673
1283675
1283676
1283680
1283681
1283682
1283683
1283684
1283685
1283686
1283689
1283691
1283692
1283696
1283697
1283701
1283703
1283723
1283725
1283762
1283763
1283764
1283765
1283766
1283767
1283768
1283769
1283770
1283771
1283772
1283774
1283775
1283776
1283779
1283781
1283782
1283783
1283784
1283785
1283793
1283797
1283800
1283802
1283804
1283805
1283808
1283809
1283817
1283822
1283823
1283827
1283829
1283830
1283831
1283833
1284208
1284372
1284373
1284374
1284687
1284688
1284694
1284699
1284905
1284908
1284912
1284914
1284915
1284916
1284917
1284921
1284931
1284936
1284941
1284949
1284953
1284958
1284963
1284964
1284976
1284990
1285010
1285011
1285016
1285022
1285025
1285028
1285038
1285040
1285047
1285048
1285054
1285055
1285056
1285057
1285065
1285068
1285070
1285082
1285083
1285084
1285088
1285090
1285091
1285093
1285212
1285225
1285239
1285240
1285241
1285382
1285463
1285466
1285587
1285588
1285589
1285590
1285591
1285593
1285596
1285597
1285598
1285599
1285600
1285908
1285909
1286140
1286142
1286143
1286198
1286199
1286212
1286213
1286214
1286215
1286216
1286217
1286269
1286276
1286545
1286547
1286549
1286554
1286610
1286614
1286615
1286616
1286617
1286622
1286775
1286955
1287580
1287583
1287598
1287675
1287676
1287677
1287679
1287740
1287744
1287778
1287803
1287807
1287811
1287817
1287822
1287825
1287832
1287868
1287871
1287872
1287873
1287874
1287876
1288116
1288273
1288307
1288308
1288310
1288311
1288357
1288358
1288413
1288414
1288500
1288692
1288703
1288829
1288887
1288889
1288911
1288913
1289198
1289199
1289200
1289201
1289202
1289467
1289544
1289547
1289555
1289562
1289563
1289564
1289588
1289595
1289596
1289597
1289598
1289599
1289600
1289601
1289939
1290326
1290327
1290329
1290330
1290331
1290581
1290582
1290584
1290587
1291378
1291515
1291574
1291619
1291622
1291648
1291650
1291651
1291653
1291654
1291658
1291810
1291811
1291812
1291813
1291814
1291821
1291822
1291823
1291826
1291829
1291834
1291837
1291843
1291844
1291845
1291849
1291853
1291856
1291858
1291860
1291863
1291864
1291865
1291866
1291868
1291869
1291870
1291872
1291873
1291874
1291879
1291880
1291882
1291887
1291888
1292086
1292145
1292146
1292147
1292148
1292396
1292397
1292398
1292399
1292400
1292401
1292402
1292403
1292404
1292977
1292979
1292987
1292994
1293001
1293003
1293004
1293015
1293082
1293278
1293283
1293286
1293302
1293418
1293419
1293420
1293421
1293422
1293433
1293536
1293539
1293540
1293572
1293736
1293737
1293739
1293741
1293742
1293743
1293744
1293745
1293746
1293747
1293748
1293832
1293833
1293834
1293835
1293836
1293838
1293839
1293840
1293842
1293843
1293848
1293849
1293853
1293901
1293961
1294091
1294092
1294095
1294100
1294111
1294112
1294114
1294154
1294155
1294157
1294158
1294159
1294160
1294161
1294163
1294164
1294167
1294168
1294169
1294170
1294171
1294174
1294177
1294277
1294408
1294610
1294611
1294613
1294618
1295012
1295014
1295080
1295304
1295305
1295306
1295307
1295309
1295310
1295311
1295314
1295315
1295317
1295323
1295512
1295521
1295562
1295563
1295570
1295571
1295572
1295620
1296130
1296136
1296140
1296203
1296225
1296239
1296246
1296250
1296260
1296261
1296265
1296542
1296549
1296550
1296559
1296569
1296572
1296573
1296591
1296592
1296641
1296646
1296647
1296654
1296655
1296656
1296659
1296660
1296661
1296662
1296681
1296686
1296690
1296691
1296697
1296698
1296699
1296702
1296704
1296708
1296709
1296712
1296718
1296722
1296725
1296726
1296733
1296734
1296737
1296738
1296739
1296746
1296749
1296754
1296758
1296763
1296764
1296776
1296779
1296780
1296781
1296785
1296786
1296792
1296795
1296797
1296799
1296802
1296803
1296804
1296809
1296814
1296815
1296816
1296819
1296821
1296822
1296825
1296827
1296829
1296830
1296831
1296833
1296834
1296835
1296837
1296843
1296845
1296847
1296850
1296852
1296855
1296861
1296862
1296863
1296864
1296865
1296867
1296868
1296869
1296871
1296872
1296876
1296877
1296882
1296890
1296891
1296892
1296894
1296897
1296898
1296900
1296902
1296903
1296904
1296906
1296912
1296914
1296918
1296919
1296920
1296921
1296923
1296925
1296926
1296928
1296931
1296933
1296935
1296936
1296937
1296938
1296945
1296946
1296947
1296951
1296954
1296967
1296970
1296972
1296975
1296976
1297542
1297543
1297544
1297545
1297546
1297547
1297548
1297549
1297632
1297645
1297646
1297661
1297662
1297741
1297894
1297897
1297898
1298387
1298529
1298531
1298630
1298631
1298632
1298633
1298634
1298653
1298740
1298745
1298746
1298748
1298755
1298942
1299296
1299297
1299306
1299307
1299308
1299309
1299310
1299311
1299312
1299313
1299314
1299315
1299316
1299317
1299429
1299830
1299832
1299833
1299834
1299843
1299845
1299905
1299906
1299907
1299908
1299909
1299922
1299930
1299935
1299938
1299943
1299954
1299955
1299956
1299959
1299960
1299964
1299966
1299972
1299978
1299980
1299987
1299990
1299991
1299993
1299994
1300003
1300004
1300005
1300006
1300007
1300113
1300226
1300229
1300230
1300236
1300323
1300324
1300945
1300978
1300982
1300983
1300984
1300985
1300986
1300987
1300989
1300990
1300991
1300993
1300994
1300995
1300998
1301002
1301005
1301011
1301157
1301159
1301160
1301204
1301220
1301246
1301280
1301933
1301941
1301942
1301944
1301946
1301947
1301948
1301949
1301950
1301952
1301953
1301954
1301955
1301956
1301957
1301961
1301962
1301963
1301964
1301965
1301966
1301967
1301969
1301972
1301976
1301980
1301983
1301985
1301986
1301987
1301990
1301991
1301993
1301996
1301997
1301999
1302000
1302001
1302002
1302004
1302005
1302007
1302008
1302010
1302013
1302014
1302015
1302016
1302018
1302019
1302020
1302021
1302024
1302025
1302027
1302028
1302030
1302031
1302034
1302035
1302036
1302037
1302039
1302040
1302042
1302043
1302046
1302047
1302049
1302056
1302057
1302060
1302061
1302062
1302066
1302069
1302070
1302074
1302076
1302080
1302081
1302082
1302083
1302084
1302086
1302087
1302088
1302089
1302090
1302091
1302092
1302093
1302097
1302100
1302102
1302104
1302105
1302108
1302110
1302111
1302112
1302113
1302114
1302115
1302117
1302119
1302120
1302121
1302122
1302123
1302124
1302126
1302127
1302179
1302279
1302281
1302344
1302372
1302373
1302694
1302695
1302698
1302700
1302702
1302812
1302848
1302850
1302988
1302989
1302990
1302991
1302993
1302994
1303018
1303019
1303198
1303199
1303200
1303201
1303202
1303205
1303206
1303207
1303208
1303209
1303212
1303213
1303214
1303215
1303216
1303217
1303218
1303219
1303221
1303222
1303223
1303225
1303226
1303227
1303228
1303229
1303233
1303234
1303235
1303239
1303240
1303241
1303334
1303346
1303379
1303380
1303382
1303383
1303385
1303386
1303725
1303844
1303845
1303846
1303861
1303862
1304598
1304599
1304600
1304601
1304602
1304603
1304604
1304609
1304611
1304747
1304748
1304749
1304752
1304753
1304862
1305034
1305035
1305059
1305065
1305079
1305080
1305092
1305094
1305097
1305110
1305123
1305155
1305175
1305183
1305187
1305276
1305290
1305291
1305326
1305329
1305349
1305354
1305359
1305363
1305374
1305377
1305378
1305381
1305393
1305396
1305401
1305414
1305429
1305463
1305477
1305478
1305481
1305484
1305487
1305492
1305494
1305495
1305499
1305509
1305510
1305526
1305570
1305576
1305631
1305637
1305639
1305640
1305641
1305645
1305646
1305678
1305679
1305708
1305710
1305727
1306124
1306125
1306126
1306127
1306128
1306129
1306130
1306133
1306145
1306152
1306197
1306546
1306817
1306931
1307092
1307094
1307119
1307161
1307162
1307163
1307164
1307165
1307166
1307167
1307168
1307169
1307170
1307513
1307514
1307518
1307519
1307520
1307521
1307522
1307523
1307524
1307525
1307797
1307798
1307799
1307802
1307803
1307804
1307954
1307956
1307957
1307958
1308042
1308111
1308116
1308119
1308120
1308126
1308131
1308132
1308140
1308143
1308148
1308154
1308155
1308163
1308168
1308170
1308176
1308177
1308178
1308182
1308185
1308188
1308189
1308198
1308202
1308208
1308209
1308210
1308219
1308225
1308235
1308239
1308242
1308250
1308251
1308263
1308265
1308277
1308280
1308285
1308289
1308292
1308340
1308344
1308360
1308844
1308846
1308854
1308855
1308856
1308858
1308859
1308863
1308894
1308896
1308897
1308898
1308899
1309583
1309726
1309756
1309757
1309758
1309759
1309760
1309763
1309764
1309765
1309766
1309767
1309768
1309769
1309770
1309771
1309772
1309774
1309775
1309776
1309778
1309780
1309783
1309784
1309785
1309786
1309787
1309788
1309789
1310122
1310383
1310424
1310446
1310453
1310460
1310464
1310465
1310468
1310482
1310499
1310513
1310520
1310526
1310528
1310532
1310534
1310539
1311277
1311614
1311615
1311625
1311761
1311771
1312076
1312342
1312373
1312374
1312375
1312445
1312723
1312724
1312858
1312860
1312861
1312862
1312872
1312873
1312874
1312875
1312876
1312929
1313070
1313073
1313074
1313076
1313077
1313078
1313080
1313081
1313085
1313086
1313091
1313132
1313133
1313134
1313135
1313136
1313139
1313146
1313147
1313150
1313151
1313153
1313154
1313158
1313163
1313165
1313215
1313216
1313351
1313353
1313357
1313358
1313360
1313368
1313371
1313424
1314755
1314758
1314960
1314972
1314973
1314974
1315029
1315037
1315225
1315259
1315260
1315261
1315262
1315263
1315264
1315265
1315266
1315801
1315802
1315803
1315804
1315805
1315806
1315807
1315808
1315809
1315811
1315812
1315814
1315815
1315816
1315818
1315819
1315821
1315822
1315823
1315824
1315825
1315828
1315829
1315832
1315835
1315838
1315839
1315845
1315853
1315864
1315882
1315885
1315887
1315889
1315903
1315906
1315914
1315916
1315920
1315921
1315924
1315925
1315930
1315932
1315934
1315937
1315939
1315941
1315945
1315946
1315947
1315948
1315949
1315985
1315990
1315991
1315993
1316043
1316122
1316124
1316125
1316129
1316143
1316155
1316156
1316165
1316167
1316168
1316171
1316173
1316174
1316175
1316179
1316180
1316181
1316182
1316183
1316184
1316185
1316186
1316187
1316188
1316189
1316190
1316191
1316217
1316220
1316221
1316223
1316224
1316230
1316232
1316234
1316238
1316453
1316492
1316498
1316504
1316505
1316507
1316725
1316726
1316728
1316730
1316739
1316808
1316810
1316813
1316815
1316839
1316845
1316846
1316847
1316848
1316849
1316850
1316852
1316853
1316854
1316860
1316862
1316863
1316864
1316866
1316867
1316868
1316869
1316870
1316871
1316874
1316875
1316876
1316877
1316879
1316880
1316883
1316885
1316886
1316887
1316888
1316889
1316891
1316893
1316894
1316895
1316896
1316897
1316898
1316899
1316900
1316901
1316902
1316903
1316942
1316947
1316949
1316952
1316953
1317091
1317092
1317093
1317094
1317095
1317096
1317097
1317107
1317662
1317921
1317922
1317925
1317939
1317951
1317958
1317961
1317969
1317976
1317986
1317989
1318005
1318007
1318008
1318015
1318016
1318022
1318023
1318025
1318026
1318039
1318046
1318053
1318059
1318060
1318061
1318087
1318088
1318104
1318112
1318126
1318130
1318132
1318163
1318174
1318175
1318176
1318184
1318190
1318221
1318245
1318259
1318267
1318277
1318282
1318291
1318297
1318321
1318328
1318334
1318336
1318340
1318346
1318354
1318356
1318374
1318382
1318389
1318390
1318400
1318408
1318410
1318413
1318426
1318448
1318463
1318616
1319979
1319980
1320385
1320386
1320397
1320401
1320412
1320425
1320427
1320430
1320441
1320451
1320460
1320461
1320465
1320473
1320474
1320478
1320500
1320503
1320506
1320509
1320513
1320542
1320769
1320775
1320782
1320812
1320813
1320821
1320850
1320864
1320865
1320883
1320891
1320897
1320904
1320905
1320912
1320917
1320921
1320925
1320945
1320956
1320966
1320970
1320971
1320985
1320990
1321009
1321019
1321024
1321029
1321041
1321049
1321050
1321051
1321062
1321069
1321073
1321094
1321097
1321102
1321108
1321109
1321110
1321117
1321124
1321128
1321132
1321140
1321142
1321143
1321150
1321155
1321157
1321161
1321166
1321186
1321190
1321202
1321205
1321216
1321221
1321224
1321229
1321230
1321234
1321240
1321375
1321376
1321377
1321378
1321379
1321382
1321383
1321391
1321467
1321468
1321571
1321572
1321573
1321574
1321575
1321579
1321580
1321581
1321582
1321583
1321584
1321588
1321589
1321997
1321998
1321999
1322000
1322002
1322003
1322048
1322051
1322052
1322057
1322101
1322224
1322225
1322228
1322229
1322230
1322231
1322232
1322233
1322234
1322237
1322238
1322240
1322241
1322242
1322243
1322244
1322245
1322248
1322396
1322404
1322406
1322407
1322409
1322418
1322423
1322446
1322449
1322450
1322458
1322463
1322477
1322479
1322498
1322499
1322502
1322505
1322508
1322510
1322512
1322514
1322523
1322524
1322525
1322526
1322528
1322533
1322534
1322538
1322539
1322543
1322545
1322546
1322547
1322548
1322549
1322557
1322559
1322560
1322561
1322562
1322566
1322567
1322568
1322571
1322578
1322580
1322581
1322582
1322583
1322584
1322585
1322587
1322593
1322595
1322596
1322606
1322610
1322611
1322612
1322613
1322615
1322616
1322617
1322619
1322620
1322622
1322623
1322624
1322628
1322629
1322630
1322631
1322632
1322633
1322634
1322636
1322637
1322638
1322639
1322645
1322646
1322647
1322652
1322653
1322655
1322659
1322661
1322663
1322664
1322665
1322667
1322668
1322669
1322673
1322676
1322682
1322683
1322684
1322685
1322686
1322687
1322690
1322691
1322693
1322700
1322703
1322704
1322705
1322708
1322709
1322717
1322718
1322721
1322722
1322728
1322729
1322732
1322735
1322741
1322755
1322756
1322759
1322765
1322777
1322778
1322779
1322780
1322782
1322783
1322784
1322785
1322786
1322787
1322788
1322789
1322790
1322791
1322796
1322798
1322802
1322806
1322807
1322808
1322809
1322811
1322815
1322819
1322824
1322830
1322838
1322839
1322843
1322845
1322846
1322847
1322848
1322856
1322859
1322860
1322863
1322868
1322869
1322873
1322875
1322876
1322877
1322878
1322879
1322880
1322881
1322882
1322883
1322884
1322885
1322886
1322888
1322889
1322890
1322891
1322893
1322894
1322895
1322898
1322899
1322902
1322910
1322911
1322913
1322914
1322917
1322919
1322920
1322921
1322924
1322926
1322928
1322929
1322930
1322931
1322932
1322933
1322934
1322935
1322936
1322939
1322940
1322945
1322946
1322958
1322962
1322964
1322965
1322966
1322979
1322997
1322998
1323001
1323004
1323006
1323013
1323014
1323015
1323021
1323022
1323023
1323024
1323025
1323029
1323030
1323032
1323036
1323038
1323039
1323041
1323048
1323052
1323055
1323057
1323059
1323062
1323069
1323070
1323071
1323073
1323079
1323084
1323086
1323088
1323090
1323092
1323093
1323096
1323099
1323100
1323101
1323102
1323103
1323104
1323106
1323108
1323109
1323110
1323111
1323113
1323116
1323247
1323429
1323523
1323524
1323525
1323528
1323529
1323848
1324126
1324128
1324209
1324210
1324211
1324212
1324936
1324937
1324939
1324942
1324948
1324949
1324959
1325136
1325139
1325140
1325163
1325164
1325165
1325169
1325170
1325174
1325176
1325200
1325202
1325203
1325204
1325205
1325206
1325207
1325208
1325209
1325210
1325211
1325213
1325214
1325215
1325216
1325217
1325218
1325219
1325371
1325372
1325383
1325384
1325390
1325391
1325394
1325396
1325398
1325400
1325402
1325404
1325405
1325406
1325446
1325459
1325460
1325532
1325533
1325536
1325537
1325538
1325565
1325581
1325731
1325953
1325954
1325963
1326111
1326114
1326116
1326120
1326124
1326132
1326153
1326154
1326164
1326168
1326169
1326171
1326173
1326174
1326175
1326176
1326178
1326180
1326182
1326187
1326189
1326190
1326191
1326194
1326197
1326201
1326203
1326207
1326208
1326209
1326210
1326211
1326213
1326220
1326225
1326226
1326227
1326229
1326235
1326238
1326239
1326243
1326245
1326253
1326255
1326256
1326257
1326266
1326283
1326289
1326291
1326292
1326293
1326305
1326315
1326316
1326329
1326331
1326345
1326349
1326351
1326355
1326361
1326364
1326367
1326368
1326369
1326370
1326373
1326377
1326378
1326395
1326412
1326415
1326420
1326429
1326435
1326436
1326437
1326442
1326443
1326447
1326453
1326457
1326458
1326460
1326468
1326480
1326481
1326483
1326486
1326495
1326500
1326505
1326513
1326516
1326522
1326537
1326540
1326541
1326543
1326545
1326554
1326562
1326565
1326566
1326571
1326576
1326586
1326594
1326595
1326598
1326600
1326602
1326606
1326607
1326611
1326612
1326614
1326619
1326620
1326621
1326624
1326626
1326628
1326632
1326633
1326657
1326659
1326666
1326669
1326672
1326674
1326696
1326699
1326706
1326733
1327035
1327036
1327037
1327758
1327759
1327760
1327762
1327764
1327765
1327766
1327769
1327770
1327771
1327772
1327773
1327774
1327775
1327776
1327777
1327934
1327935
1327936
1327937
1327938
1327939
1327940
1327944
1327945
1327947
1327948
1327949
1327950
1327951
1327952
1327953
1327955
1327956
1327959
1327964
1327965
1327966
1327968
1327969
1327970
1327971
1327972
1327974
1327975
1327976
1327977
1327980
1327981
1327982
1327983
1327985
1327987
1327990
1327992
1327993
1327995
1327999
1328029
1328030
1328031
1328032
1328054
1328055
1328056
1328057
1328104
1328105
1328106
1328120
1328135
1328149
1328160
1328175
1328176
1328177
1328519
1328520
1328525
1328526
1328530
1328539
1328542
1328544
1328545
1328562
1328565
1328567
1328572
1328578
1328587
1328592
1328600
1328610
1328611
1328643
1328651
1328652
1328657
1328662
1328669
1328688
1328695
1329190
1329287
1329313
1329380
1329381
1329402
1329409
1329648
1329649
1329650
1329678
1329679
1329680
1329781
1329782
1329857
1329858
1329859
1329860
1329861
1329863
1329864
1329866
1329867
1329869
1329870
1329871
1329872
1329873
1329874
1329875
1329877
1329880
1329881
1329882
1329890
1330065
1330066
1330067
1330068
1330069
1330070
1330105
1330126
1330175
1330180
1330181
1330204
1330335
1330355
1330359
1330363
1330369
1330370
1330443
1330445
1330446
1330448
1330450
1330455
1330456
1330491
1330520
1330521
1330524
1330992
1330993
1330996
1330999
1331490
1331491
1331495
1331497
1331499
1331503
1331504
1331505
1331506
1331507
1331508
1331539
1331551
1331555
1331556
1331558
1331573
1331576
1331744
1331833
1331841
1331847
1331849
1331850
1332073
1332117
1332118
1332119
1332122
1332124
1332127
1332128
1332129
1332130
1332133
1332134
1332137
1332138
1332140
1332141
1332144
1332145
1332146
1332147
1332148
1332149
1332150
1332155
1332156
1332157
1332158
1332159
1332160
1332161
1332162
1332163
1332164
1332166
1332167
1332168
1332169
1332170
1332171
1332173
1332174
1332244
1332245
1332246
1332247
1332248
1332296
1332297
1332298
1332299
1332300
1332312
1332480
1332481
1332488
1332503
1332504
1332505
1332574
1332579
1332734
1333313
1333670
1333742
1333744
1334009
1334242
1334243
1334244
1334245
1334246
1334274
1334275
1334276
1334286
1334288
1334291
1334294
1334298
1334299
1334313
1334321
1334322
1334327
1334332
1334334
1334338
1334342
1334349
1334358
1334359
1334360
1334367
1334370
1334376
1334377
1334381
1334439
1334494
1334504
1334814
1334815
1334820
1334821
1335143
1335145
1335196
1335222
1335230
1335448
1335467
1335468
1335471
1335472
1335473
1335474
1335475
1335476
1335477
1335478
1335479
1335480
1335481
1335482
1335599
1335602
1335626
1335634
1335635
1335637
1335638
1335709
1335710
1335711
1335712
1335714
1335715
1335716
1335717
1335721
1335722
1335747
1335766
1335768
1335892
1335895
1335899
1336007
1336010
1336012
1336014
1336028
1336031
1336032
1336043
1336071
1336072
1336073
1336074
1336076
1336082
1336084
1336091
1336095
1336099
1336100
1336104
1336112
1336134
1336157
1336166
1336256
1336263
1336599
1336600
1336602
1336684
1336754
1337102
1337107
1337398
1337425
1337877
1338467
1338470
1338471
1338506
1338688
1338690
1339211
1340527
1340534
1340535
1340708
1340709
1340711
1340712
1340713
1340745
1340746
1340750
1340769
1340801
1340802
1340803
1340804
1340805
1340806
1340807
1340808
1340809
1340810
1340811
1340812
1340818
1340819
1340820
1340821
1340822
1340824
1340825
1340826
1340827
1340828
1340829
1340830
1340831
1340834
1340835
1340836
1341019
1341101
1341122
1341124
1341125
1341140
1341148
1341874
1341912
1341914
1341916
1341918
1341922
1341924
1341927
1342321
1342372
1342373
1342374
1342375
1342376
1342391
1342393
1342394
1342395
1342396
1342397
1342399
1342400
1342404
1342405
1342406
1342407
1342411
1342412
1342416
1342419
1342420
1342423
1342430
1342431
1342435
1342437
1342441
1342749
1342750
1343108
1343110
1343111
1343112
1343167
1343493
1343494
1343783
1343786
1343795
1343796
1343798
1343801
1343901
1343902
1343920
1344114
1344122
1344130
1344138
1344141
1344162
1344163
1344166
1344170
1344177
1344181
1344187
1344195
1344210
1344213
1344216
1344239
1344240
1344246
1344252
1344259
1344266
1344269
1344282
1344287
1344302
1344310
1344311
1344561
1344564
1344565
1344947
1344952
1345095
1345160
1345162
1345164
1345165
1345168
1345169
1345171
1345172
1345173
1345174
1345175
1345176
1345177
1345179
1345180
1345181
1345182
1345183
1345184
1345185
1345186
1345187
1345188
1345190
1345193
1345266
1345269
1345271
1345272
1345281
1345285
1345287
1345289
1345290
1345292
1345298
1345391
1345405
1345413
1345424
1345428
1345437
1345449
1345452
1345479
1345482
1345637
1345661
1345662
1346080
1346082
1346129
1346223
1346227
1346229
1346239
1346240
1346295
1346296
1346297
1346298
1346302
1346303
1346306
1346307
1346310
1346312
1346317
1346334
1346335
1346336
1346339
1346344
1346348
1346355
1346358
1346359
1346360
1346364
1346371
1346372
1346374
1346375
1346379
1346387
1346389
1346399
1346400
1346402
1346411
1346414
1346420
1346426
1346428
1346431
1346437
1346441
1346446
1346453
1346459
1346462
1346463
1346464
1346467
1346468
1346469
1346470
1346471
1346473
1346475
1346476
1346477
1346478
1346479
1346480
1346481
1346483
1346484
1346486
1346489
1346530
1346740
1346742
1346815
1346829
1346893
1347105
1347107
1347110
1347112
1347113
1347116
1347119
1347120
1347122
1347124
1347127
1347128
1347130
1347344
1347345
1347346
1347348
1347349
1347350
1347351
1347354
1347358
1347359
1347421
1347423
1347424
1347427
1347429
1347432
1347433
1347435
1347437
1347438
1347439
1347440
1347442
1347443
1347444
1347445
1347447
1347448
1347449
1347450
1347451
1347452
1347453
1347456
1347457
1347458
1347459
1347460
1347461
1347462
1347465
1347467
1347468
1347470
1347471
1347472
1347473
1347474
1347475
1347476
1347477
1347481
1347482
1347483
1347484
1347488
1347491
1347493
1347495
1347496
1347497
1347498
1347507
1347508
1347509
1347510
1347514
1347516
1347518
1347523
1347525
1347526
1347529
1347538
1347539
1347540
1347545
1347548
1347549
1347550
1347551
1347552
1347556
1347562
1347563
1347564
1347565
1347567
1347568
1347569
1347571
1347574
1347580
1347581
1347583
1347584
1347585
1347587
1347594
1347595
1347596
1347597
1347598
1347599
1347601
1347602
1347603
1347604
1347619
1347622
1347623
1347625
1347626
1347627
1347628
1347629
1347630
1347631
1347633
1347634
1347636
1347637
1347638
1347639
1347640
1347641
1347642
1347644
1347645
1347646
1347647
1347648
1347650
1347651
1347656
1347657
1347658
1347659
1347660
1347678
1347679
1347682
1347684
1347685
1347689
1347690
1347691
1347760
1347831
1347832
1348070
1348166
1348384
1348439
1348441
1348500
1348507
1348859
1348883
1348884
1348887
1348888
1348889
1348890
1348891
1348892
1348893
1348894
1348895
1348912
1349389
1349390
1349394
1349397
1349398
1349409
1349410
1349999
1350000
1350001
1350214
1350216
1350217
1350218
1350280
1350483
1351689
1351693
1351702
1351735
1351740
1351929
1352226
1352227
1352230
1352235
1352453
1352456
1352510
1352511
1352512
1352774
1352777
1352780
1352781
1352784
1352785
1352786
1352787
1352788
1352790
1352791
1352794
1352796
1352797
1352801
1352802
1352803
1352804
1352808
1352810
1352811
1352813
1352814
1352907
1352912
1352915
1353016
1353017
1353018
1353019
1353020
1353022
1353023
1353024
1353025
1353027
1353028
1353029
1353031
1353032
1353033
1353036
1353037
1353038
1353039
1353040
1353041
1353043
1353044
1353045
1353239
1353240
1353241
1353289
1353290
1353292
1353479
1353482
1353509
1353511
1353515
1353516
1353517
1353564
1353574
1353637
1353662
1353668
1353674
1353684
1353705
1353708
1353717
1353736
1353772
1353793
1353795
1353932
1353936
1353954
1354012
1354013
1354014
1354015
1354017
1354018
1354019
1354020
1354021
1354022
1354023
1354378
1354392
1354435
1354439
1354461
1354479
1354489
1354496
1354497
1354498
1354507
1354508
1354509
1354510
1354511
1354512
1354513
1354514
1354528
1354550
1354563
1354568
1354571
1354572
1354608
1354613
1354618
1354622
1354627
1354630
1354657
1354660
1354724
1354727
1354735
1354736
1355153
1355166
1355168
1355169
1355171
1355172
1355175
1355176
1355177
1355181
1355189
1357423
1357669
1357694
1357702
1357703
1357704
1357706
1357707
1357709
1357710
1357712
1357713
1357714
1357715
1357732
1357742
1357825
1357964
1357965
1357966
1358124
1358807
1364890
1364891
1364893
1364897
1364900
1364901
1364902
1364904
1365471
1365758
1365761
1365903
1366055
1366244
1366245
1366246
1366247
1366248
1366250
1366253
1366254
1366256
1366258
1366619
1366896
1367126
1367203
1367204
1367218
1367398
1367685
1367760
1367761
1367763
1367765
1367767
1367768
1367769
1367770
1367772
1367776
1367778
1367779
1367783
1367784
1367785
1367786
1367787
1367789
1367790
1367792
1367793
1367795
1367796
1367798
1367799
1367801
1367802
1367803
1367804
1367808
1367809
1367812
1367814
1367816
1367830
1367831
1367837
1367839
1367842
1367843
1367844
1368282
1368314
1368616
1369848
1369850
1369864
1369881
1369885
1369893
1369895
1369898
1369899
1369906
1369914
1369916
1369925
1369936
1369939
1369953
1369956
1369960
1369962
1369963
1369969
1369970
1369977
1369978
1369982
1369986
1369991
1369993
1370002
1370003
1370010
1370011
1370013
1370015
1370018
1370064
1370065
1370094
1370095
1370096
1378034
1378035
1378036
1378037
1378041
1378047
1378049
1378050
1378054
1378055
1378057
1379161
1379163
1379164
1379165
1379174
1379175
1379176
1379212
1379213
1379223
1379227
1379228
1379229
1379230
1379243
1379251
1379309
1379486
1379487
1379496
1379692
1379693
1379694
1379695
1379707
1379708
1379709
1379710
1379711
1379712
1379713
1379714
1379715
1379717
1379718
1379719
1379720
1379721
1379722
1379723
1379725
1379753
1379756
1379762
1379773
1379779
1379780
1379788
1380262
1380263
1380264
1380265
1380573
1380575
1380576
1380577
1380579
1380582
1380583
1380584
1380587
1380709
1380711
1380865
1380877
1380891
1380894
1381007
1381098
1381100
1381104
1381150
1381157
1381159
1381160
1381168
1381178
1381182
1381183
1381184
1381194
1381200
1381205
1381206
1381240
1381249
1381252
1381253
1381254
1381257
1381258
1381260
1381264
1381265
1381266
1381267
1381269
1381275
1381276
1381277
1381278
1381279
1381284
1381285
1381299
1381301
1381302
1381303
1381304
1381308
1381310
1381311
1381312
1381317
1381319
1381320
1381322
1381323
1381324
1381325
1381326
1381327
1381330
1381332
1381358
1381364
1381464
1381563
1381584
1381707
1381710
1381716
1382266
1382279
1382295
1382300
1382829
1382831
1382932
1382992
1382993
1382995
1383052
1383054
1383055
1383056
1383057
1383059
1383481
1383482
1383483
1383484
1383485
1383486
1383491
1383503
1383504
1383510
1383512
1383513
1383522
1383523
1383526
1383529
1383532
1383537
1383538
1383539
1383587
1383590
1383591
1383592
1383593
1383595
1383598
1383599
1383602
1383604
1383605
1383606
1383609
1383876
1383888
1383923
1383926
1383927
1383930
1383932
1383934
1383938
1383939
1383942
1383943
1383945
1383946
1383949
1383967
1383979
1383989
1383992
1383995
1383997
1384004
1384013
1384015
1384019
1384020
1384175
1384206
1384461
1384489
1384490
1384631
1384632
1384672
1384673
1385379
1385380
1385383
1385385
1385427
1385608
1385609
1385657
1385658
1385659
1385864
1385866
1385867
1385869
1385873
1385980
1386074
1386090
1386797
1386828
1386832
1386834
1386838
1386843
1386844
1386845
1386846
1387160
1387290
1387291
1387296
1387300
1387301
1387354
1387876
1387877
1387878
1387879
1387881
1387882
1387905
1387983
1388882
1389022
1389023
1389029
1389054
1389055
1389058
1389060
1389061
1389064
1389072
1389075
1389076
1389077
1389079
1389080
1389081
1389084
1389086
1389087
1389090
1389092
1389093
1389098
1389108
1389109
1389114
1389118
1389119
1389120
1389121
1389123
1389130
1389204
1389673
1389675
1389679
1389803
1389833
1389843
1389846
1389865
1389868
1389886
1389894
1389902
1389907
1389915
1389917
1390960
1390963
1390967
1390968
1390970
1390992
1391019
1391025
1391026
1391027
1391028
1391029
1391030
1391031
1391032
1391033
1391034
1391035
1391036
1391037
1391038
1391178
1391179
1391180
1391181
1391188
1391190
1391221
1391223
1391224
1391428
1391429
1391430
1391431
1391432
1391433
1391455
1391456
1391656
1391657
1391659
1391660
1391662
1391665
1391667
1391702
1391746
1391922
1391925
1391928
1391932
1391933
1391934
1392101
1392221
1392222
1392223
1392224
1392225
1392226
1392229
1392231
1392387
1392388
1392759
1392761
1392763
1393012
1393013
1393020
1393222
1394033
1394034
1394036
1394138
1394142
1394725
1394727
1394847
1394948
1394950
1394979
1394983
1395167
1395179
1395180
1395181
1395182
1395524
1395610
1395612
1395613
1395614
1395615
1395616
1395617
1395618
1395620
1395980
1395981
1395982
1395983
1396421
1396452
1396454
1396457
1396459
1396467
1396469
1396475
1396477
1396478
1396483
1396484
1396485
1396520
1396526
1396530
1396537
1396552
1396815
1396898
1396905
1396913
1396914
1396916
1396917
1396918
1396919
1396925
1396949
1396951
1396971
1396977
1396981
1396986
1396990
1396999
1397010
1397014
1397286
1397670
1397671
1397673
1397674
1397678
1398083
1398177
1398351
1398352
1398353
1398507
1398548
1398549
1398550
1398551
1398661
1398708
1398779
1398788
1398806
1398807
1398816
1398818
1398820
1398825
1398844
1398851
1398858
1398866
1398878
1398880
1398883
1398886
1398939
1398940
1399132
1399135
1399426
1399437
1399561
1399582
1399589
1399590
1399591
1399853
1399914
1399915
1399941
1399942
1399949
1399950
1399966
1399967
1399970
1399982
1400200
1400224
1400226
1400227
1400255
1400256
1400257
1400261
1400290
1400295
1400425
1400443
1400444
1400445
1400446
1400450
1400452
1400456
1400458
1400460
1400461
1400462
1400463
1400468
1400469
1400470
1400474
1400476
1400477
1400479
1400480
1400481
1400482
1400484
1400486
1400487
1400488
1400489
1400490
1400491
1400492
1400493
1400495
1400497
1400499
1400500
1400502
1400503
1400504
1400505
1400506
1400507
1400526
1400548
1400550
1400704
1400705
1400746
1400796
1400960
1401157
1401215
1401263
1401297
1401315
1401318
1401324
1401444
1401446
1401450
1401636
1401643
1401644
1401647
1401653
1401654
1401657
1401669
1401670
1401671
1402035
1402874
1402875
1403201
1403203
1403207
1403209
1403214
1403215
1403216
1403218
1403383
1403390
1403421
1403565
1404323
1404324
1404325
1404331
1404332
1404334
1404335
1404337
1404343
1404345
1405075
1405093
1405279
1405283
1405285
1405286
1405299
1405300
1405434
1405467
1405468
1405470
1405471
1405472
1405473
1405543
1405550
1405554
1405790
1405799
1405806
1405807
1406134
1406147
1406148
1406149
1406201
1406224
1406337
1406341
1406343
1406344
1406384
1406385
1406402
1406403
1406435
1406436
1406437
1406439
1406441
1406458
1406480
1406488
1406490
1406492
1406494
1406496
1406497
1406498
1406500
1406503
1406505
1406506
1406507
1406508
1406509
1406511
1406520
1406521
1406523
1406524
1406525
1406527
1406528
1406529
1406532
1406533
1406534
1406536
1406537
1406539
1406540
1406541
1406542
1406543
1406544
1406546
1406547
1406548
1406550
1406551
1406554
1406557
1406558
1406559
1406560
1406562
1406563
1406570
1406571
1406573
1406575
1406580
1406587
1406588
1406590
1406592
1406604
1406605
1406606
1406607
1406608
1406609
1406610
1406613
1406614
1406620
1406621
1406623
1406625
1406626
1406627
1406628
1406629
1406630
1406631
1406633
1406634
1406638
1406639
1406640
1406641
1406642
1406643
1406644
1406645
1406647
1406648
1406650
1406654
1406655
1406656
1406657
1406658
1406659
1406661
1406662
1406663
1406664
1406665
1406666
1406667
1406674
1406675
1406676
1406677
1406678
1406679
1406680
1406681
1406683
1406686
1406687
1406691
1406694
1406695
1406698
1406700
1406701
1406702
1406704
1406707
1406708
1406709
1406710
1406711
1406712
1406713
1406714
1406715
1406779
1406780
1406781
1406782
1406783
1406784
1406785
1406786
1406787
1406788
1406789
1406790
1406791
1406792
1406793
1406794
1406795
1406796
1406797
1406799
1406802
1406803
1406806
1406811
1406814
1406815
1406816
1406926
1406927
1406931
1406932
1406938
1406939
1406940
1406941
1406942
1406943
1406944
1406946
1406950
1406956
1406959
1406963
1406972
1406973
1406974
1406975
1406978
1406979
1406989
1406992
1406993
1406996
1407000
1407005
1407057
1407058
1407072
1407493
1407608
1407609
1407638
1407671
1407674
1407677
1407678
1407679
1407680
1407681
1407683
1407686
1407692
1407694
1407695
1407697
1407704
1407705
1407707
1407710
1407713
1407715
1407733
1407736
1408107
1408129
1408130
1408133
1408137
1408144
1408182
1408257
1408258
1408279
1408547
1408894
1408895
1408898
1410062
1410328
1410331
1410333
1410334
1410335
1410336
1410337
1410338
1410339
1410340
1410341
1410342
1410343
1410344
1410345
1410346
1410349
1410467
1410469
1410471
1410472
1410474
1410484
1410486
1410490
1410505
1410510
1411095
1411098
1411681
1411887
1411991
1412411
1412418
1412437
1412875
1413193
1413194
1413195
1413196
1413197
1413198
1413199
1413200
1413815
1414603
1414644
1414655
1414671
1414728
1414729
1414731
1414732
1414736
1414737
1414738
1414739
1414741
1414742
1414747
1414748
1414751
1414766
1414768
1414769
1414770
1415145
1415146
1415147
1415148
1415526
1415627
1415628
1415665
1415706
1415834
1415851
1415852
1416008
1416009
1416011
1416012
1416013
1416014
1416020
1416021
1416026
1416028
1416030
1416031
1416032
1416035
1416052
1416063
1416069
1416073
1416100
1416119
1416155
1416158
1416164
1416170
1416179
1416190
1416202
1416216
1416225
1416228
1416240
1416245
1416248
1416256
1416292
1416321
1416332
1416334
1416349
1416450
1416453
1416456
1416466
1416467
1416468
1416470
1416475
1416476
1416477
1416479
1416480
1416506
1416511
1416512
1416514
1416516
1416518
1416519
1416520
1416629
1416630
1416631
1416738
1416740
1416741
1416744
1416745
1416952
1416954
1416956
1417304
1417305
1417306
1417307
1417308
1417598
1417599
1417755
1417756
1417758
1417854
1417855
1417856
1417857
1417859
1417860
1417962
1417981
1418022
1418028
1418029
1418031
1418033
1418035
1418041
1418042
1418043
1418062
1418064
1418065
1418066
1418069
1418070
1418447
1418458
1418464
1418471
1419048
1419059
1419061
1419063
1419065
1419066
1419067
1419068
1419109
1419110
1419327
1419328
1419331
1419340
1419711
1420544
1420545
1420594
1420600
1420818
1420819
1420820
1420837
1420855
1420875
1421031
1421055
1421067
1421421
1421422
1421423
1421424
1421482
1421603
1421607
1421608
1421615
1421616
1421617
1421619
1421621
1421622
1421624
1421625
1421626
1421628
1421633
1421634
1421654
1421669
1421671
1421682
1421690
1421692
1421693
1421696
1421697
1421707
1421773
1421774
1421775
1421813
1423154
1423156
1423158
1423159
1423163
1423164
1423167
1423168
1423175
1423347
1423348
1423580
1424106
1424279
1424280
1424309
1424500
1424504
1424613
1424615
1424630
1424631
1424632
1424633
1424634
1424635
1424636
1425211
1425358
1425359
1425362
1425363
1425364
1425365
1425366
1425367
1425368
1425832
1425836
1425839
1425841
1425843
1425845
1425846
1425847
1425858
1425859
1425860
1425861
1425862
1425863
1425865
1425867
1425869
1425871
1425872
1425873
1425874
1425880
1425890
1425895
1425906
1425912
1425929
1425931
1425940
1425968
1425972
1425982
1425990
1425991
1425997
1425999
1426007
1426013
1426014
1426029
1426041
1426042
1426044
1426045
1426046
1426047
1426048
1426049
1426050
1426051
1426053
1426054
1426056
1426058
1426059
1426060
1426061
1427155
1427156
1427157
1427158
1427159
1427160
1427169
1427454
1427476
1427588
1427589
1427590
1427591
1427592
1427594
1427595
1427596
1427597
1427599
1427600
1427601
1427602
1427604
1427607
1427609
1427610
1427613
1427757
1427767
1427793
1427805
1427810
1427811
1427819
1427820
1427826
1427828
1427839
1427842
1427843
1427849
1427858
1427867
1427869
1427872
1427880
1427881
1427883
1427884
1427890
1427895
1427903
1427904
1427910
1427914
1427917
1427929
1427939
1427942
1427948
1427949
1427950
1427951
1427953
1427954
1427962
1427963
1427964
1427965
1427966
1427967
1427968
1427969
1427970
1427971
1427972
1427974
1427975
1427976
1427977
1428179
1428183
1428189
1428190
1428341
1428342
1428353
1428359
1428371
1428388
1428402
1428456
1428458
1428459
1428460
1428464
1428481
1428581
1428582
1428722
1428727
1428745
1428746
1428747
1428748
1428749
1428750
1428751
1428752
1428754
1428756
1428757
1428759
1428763
1429093
1429097
1429107
1429110
1429111
1429114
1429115
1429116
1429117
1429118
1429119
1429120
1429127
1429128
1429130
1429132
1429133
1429231
1429232
1429233
1429461
1429473
1429474
1429475
1429486
1429491
1429500
1429513
1429544
1429547
1429569
1429604
1429758
1429759
1429760
1429765
1429766
1429767
1429768
1429791
1429792
1429793
1429794
1429810
1429811
1429855
1429903
1429904
1429905
1429912
1429962
1429966
1429985
1430411
1430441
1430444
1431340
1431395
1431456
1431460
1431474
1431594
1431595
1431601
1431602
1431605
1431612
1431613
1431625
1431626
1431629
1431630
1431632
1431633
1431634
1431635
1431636
1431637
1431641
1431747
1431748
1431819
1432004
1432135
1432167
1432168
1432173
1432174
1432175
1432176
1432178
1432179
1432181
1432186
1432191
1432195
1432215
1432220
1432225
1432230
1432233
1432238
1432429
1432430
1432439
1432440
1432441
1432563
1432565
1432574
1432577
1432578
1432579
1432580
1432582
1432583
1432586
1432587
1432589
1432591
1432592
1432593
1432594
1432595
1432597
1432598
1432600
1432601
1432602
1432603
1432604
1432606
1432607
1432608
1432609
1432610
1432613
1432614
1432616
1432617
1432618
1432619
1432620
1432621
1432622
1432627
1432628
1432630
1432631
1432632
1432633
1432634
1432635
1432637
1432638
1432639
1432640
1432641
1432642
1432643
1432645
1432646
1432648
1432650
1432658
1432799
1432800
1432801
1432803
1432821
1432831
1432840
1432847
1432848
1432852
1432853
1432856
1432857
1433214
1433215
1434070
1434088
1434127
1434319
1434323
1434364
1434660
1434720
1434782
1434986
1434987
1434988
1435008
1435062
1435067
1435148
1435208
1435294
1435411
1435412
1435413
1435414
1435438
1435439
1435440
1435441
1435442
1435443
1435444
1435445
1435446
1435447
1435448
1435449
1435450
1435451
1435457
1435459
1435462
1435485
1435978
1436123
1436816
1436889
1436890
1436892
1436976
1436977
1436978
1436982
1436987
1436992
1436994
1436997
1437064
1437070
1437097
1437098
1437099
1437100
1437102
1437103
1437104
1437125
1437189
1437328
1437329
1437363
1437839
1437850
1439705
1439707
1439894
1440074
1440075
1440080
1440086
1440090
1440093
1440094
1440096
1440097
1440102
1440108
1440109
1440112
1440170
1441397
1441418
1441428
1441444
1441691
1441692
1441694
1441695
1441696
1441697
1441744
1441778
1441780
1441796
1441797
1441798
1441799
1441800
1442001
1442003
1442008
1442009
1442010
1442012
1442153
1442154
1442158
1442164
1442384
1442386
1442594
1442941
1442949
1442993
1443008
1443017
1443030
1443457
1443458
1443459
1443461
1443804
1443880
1443883
1443884
1443885
1443910
1444759
1445037
1445044
1445046
1445047
1445048
1445050
1445051
1445052
1445053
1445058
1445059
1445060
1445061
1445062
1445063
1445064
1445065
1445066
1445067
1445068
1445069
1445070
1445071
1445072
1445078
1445080
1445081
1445082
1445083
1445084
1445085
1445086
1445087
1445088
1445089
1445090
1445092
1445093
1445097
1445098
1445099
1445102
1445103
1445104
1445105
1445106
1445113
1445114
1445116
1445120
1445123
1445125
1445127
1445131
1445132
1445134
1445136
1445138
1445139
1445141
1445142
1445143
1445145
1445146
1445150
1445151
1445152
1445155
1445159
1445161
1445164
1445165
1445168
1445169
1445170
1445171
1445174
1445175
1445176
1445179
1445184
1445185
1445186
1445188
1445189
1445190
1445191
1445192
1445193
1445194
1445196
1445199
1445201
1445202
1445203
1445204
1445205
1445207
1445212
1445215
1445216
1445217
1445218
1445222
1445223
1445224
1445225
1445226
1445228
1445229
1445230
1445231
1445233
1445234
1445235
1445236
1445237
1445238
1445239
1445241
1445242
1445243
1445246
1445247
1445248
1445251
1445297
1445299
1445300
1445301
1445302
1445303
1445304
1445307
1445309
1445310
1445312
1445314
1445317
1445318
1445319
1445320
1445321
1445322
1445323
1445324
1445369
1445371
1445373
1445374
1445375
1445376
1445377
1445378
1445382
1445383
1445384
1445386
1445388
1445389
1445390
1445391
1445393
1445394
1445396
1445397
1445398
1445399
1445400
1445401
1445402
1445403
1445404
1445405
1445407
1445408
1445409
1445410
1445413
1445418
1445553
1445557
1445714
1445715
1445726
1445727
1445728
1445729
1445809
1445810
1445811
1445858
1445859
1445860
1446308
1446361
1446489
1446490
1446492
1446853
1446857
1446859
1446864
1446865
1446871
1446873
1446874
1446876
1446878
1446879
1447721
1447727
1447729
1447732
1447736
1447737
1447743
1447752
1447755
1447813
1447814
1447900
1447901
1448273
1448274
1448276
1448285
1448296
1448984
1449437
1449545
1449754
1449827
1449852
1449855
1449857
1449858
1449859
1449864
1449869
1449872
1449896
1449897
1450142
1450169
1450478
1450488
1450490
1450663
1450702
1450703
1450704
1450706
1450711
1450712
1450729
1450730
1450731
1450732
1450733
1450736
1450737
1450738
1450746
1450749
1451050
1451082
1451083
1451084
1451085
1451086
1451087
1451091
1451092
1451097
1451102
1451109
1451313
1451316
1451499
1451500
1451511
1452354
1452434
1452436
1452514
1452516
1452530
1452531
1452533
1452541
1452542
1452592
1452606
1452618
1452620
1452626
1452635
1452750
1452757
1452758
1453080
1453081
1453082
1453083
1453098
1453322
1453336
1453337
1453367
1453404
1453405
1453407
1453408
1453409
1453410
1453744
1453745
1453746
1453750
1453753
1453902
1453910
1453912
1453913
1453916
1453918
1453927
1453935
1453942
1453947
1453952
1453958
1453959
1453965
1453970
1453974
1453975
1454021
1454022
1454023
1454024
1454025
1454026
1454028
1454030
1454041
1454174
1454177
1454178
1454181
1454185
1454186
1454227
1454273
1454274
1454275
1454276
1454277
1454278
1454279
1454280
1454281
1454282
1454283
1454284
1454285
1454286
1454287
1454288
1454289
1454290
1454291
1454292
1454293
1454294
1454295
1454296
1454297
1454298
1454299
1454301
1454302
1454303
1454304
1454305
1454306
1454307
1454308
1454309
1454359
1454360
1454361
1454362
1454551
1454552
1454840
1454843
1454844
1454845
1454846
1454877
1454882
1454883
1454888
1454895
1454903
1454906
1455074
1455075
1455076
1455318
1455320
1455322
1455327
1455335
1455336
1455337
1455339
1455353
1455355
1455358
1455365
1455375
1455377
1455386
1455400
1455401
1455404
1455405
1455406
1455407
1455408
1455412
1455421
1455433
1455444
1455446
1455447
1455448
1455449
1455450
1455451
1455453
1455454
1455456
1455459
1455467
1455469
1455470
1455475
1455477
1455478
1455484
1455488
1455489
1455499
1455506
1455524
1455525
1455526
1455529
1455531
1455535
1455539
1455541
1455545
1455547
1455548
1455552
1455554
1455626
1455651
1455652
1455653
1455654
1456752
1456885
1457165
1457166
1457247
1457322
1457348
1457386
1457545
1457546
1457548
1457549
1457559
1457561
1457562
1457563
1457564
1457565
1457571
1457573
1457574
1457575
1457576
1457577
1457578
1457579
1457581
1457582
1457583
1457586
1457588
1457590
1457591
1457611
1457632
1457649
1457656
1457664
1457692
1458052
1458057
1458058
1458061
1458186
1458241
1458242
1458443
1458458
1458459
1458533
1458669
1458670
1458697
1458701
1458702
1458703
1458705
1458706
1458709
1458710
1458711
1458712
1458713
1458714
1458715
1458716
1458717
1458724
1458725
1458726
1458831
1458841
1458842
1458843
1458846
1458848
1458849
1458851
1458852
1458853
1458854
1458855
1458856
1458857
1458858
1458859
1458860
1458861
1458862
1458863
1458867
1459003
1459044
1459046
1459047
1459051
1459641
1459667
1459668
1459677
1459726
1459728
1459740
1459783
1459785
1459800
1460005
1460070
1460071
1460072
1460361
1460362
1460363
1460364
1460366
1460367
1460374
1460451
1460455
1460462
1460465
1460467
1460472
1460473
1460478
1460479
1460480
1460481
1460482
1460486
1460487
1460489
1460491
1460493
1460495
1460702
1460713
1460714
1460721
1460722
1460723
1460724
1460726
1460727
1460728
1460731
1460733
1460734
1460735
1460736
1460737
1460738
1460740
1460741
1460742
1460743
1460744
1460745
1460746
1460747
1460748
1460749
1460750
1460752
1460753
1460754
1460755
1460756
1460757
1460758
1460759
1460760
1460761
1460762
1460763
1460764
1460767
1460768
1460769
1460774
1460777
1460778
1460779
1460781
1460782
1460783
1460784
1460786
1460787
1460788
1460790
1460791
1460793
1460794
1460799
1460801
1460806
1460807
1460809
1460810
1460811
1460812
1460814
1460815
1460816
1460818
1460820
1460821
1460822
1460823
1460824
1460825
1460826
1460827
1460828
1460829
1460830
1460831
1460832
1460833
1460834
1460835
1460836
1460837
1460839
1460841
1460842
1460843
1460844
1460845
1460846
1460847
1460848
1460849
1460850
1460851
1460853
1460854
1460855
1460856
1460857
1460859
1460860
1460861
1460862
1460863
1460889
1460890
1460939
1460940
1460945
1460947
1461100
1461208
1461210
1461211
1461212
1461213
1461214
1461215
1461216
1461217
1461218
1461219
1461220
1461221
1461222
1461223
1461224
1461226
1461227
1461228
1461229
1461230
1461231
1461232
1461233
1461234
1461235
1461236
1461237
1461246
1461295
1461300
1461304
1461309
1461362
1461363
1461364
1461365
1461366
1461369
1461395
1461695
1461696
1461702
1461704
1461725
1461732
1461733
1461735
1461738
1461743
1461750
1461753
1461756
1461758
1461765
1461792
1461816
1461821
1461822
1461842
1461843
1461846
1461872
1461883
1461884
1461890
1461891
1461894
1461903
1461907
1461910
1461911
1461912
1461921
1461923
1461924
1461931
1461934
1461941
1461942
1461950
1461966
1461967
1461969
1461980
1461981
1461993
1461996
1462002
1462012
1462027
1462031
1462032
1462033
1462037
1462046
1462048
1462055
1462059
1462067
1462070
1462071
1462074
1462078
1462083
1462089
1462091
1462092
1462093
1462099
1462119
1462125
1462137
1462143
1462145
1462146
1462147
1462148
1462154
1462155
1462156
1462158
1462160
1462163
1462165
1462169
1462170
1462176
1462182
1462183
1462184
1462186
1462188
1462238
1462259
1462265
1462353
1462354
1462355
1462357
1462358
1462361
1462363
1462366
1462370
1462379
1462381
1462384
1462385
1462390
1462395
1462396
1462397
1462399
1462401
1462404
1462407
1462408
1462409
1462410
1462411
1462413
1462581
1462588
1462608
1462681
1462682
1462685
1463160
1463161
1463162
1463499
1463544
1463545
1463607
1463809
1463811
1463812
1463813
1463817
1464071
1464072
1464073
1464074
1464075
1464127
1464128
1464129
1464133
1464135
1464137
1464144
1464163
1464778
1464786
1465585
1465586
1465587
1465588
1465589
1465590
1465613
1465618
1465639
1465725
1465751
1468117
1468122
1468124
1468126
1468127
1468129
1468130
1468131
1468133
1468134
1468135
1468136
1468169
1468172
1468179
1468411
1468454
1468497
1468501
1468503
1468504
1468554
1468556
1468576
1468577
1468596
1468597
1468610
1468611
1468612
1468614
1468615
1468616
1468617
1468620
1468621
1468622
1468623
1468624
1468625
1468627
1468628
1468629
1468631
1468635
1468636
1468637
1468639
1468647
1468648
1468655
1468656
1468664
1468665
1468666
1468667
1468668
1468670
1468672
1468674
1468679
1468688
1468692
1468693
1468694
1468696
1468697
1468698
1468700
1468701
1468704
1468712
1468714
1468718
1468720
1468722
1468730
1468732
1468735
1468739
1468740
1468741
1468743
1468745
1468754
1468762
1468764
1468774
1468775
1468783
1468784
1468786
1468790
1468791
1468792
1468793
1468794
1468796
1468798
1468799
1468801
1468803
1468809
1468813
1468815
1468816
1468817
1468829
1468831
1468832
1468834
1468835
1468839
1468842
1468848
1468849
1468850
1468861
1468864
1468867
1468869
1468870
1468873
1468875
1468877
1468881
1468883
1468885
1468890
1468893
1468894
1468896
1468897
1468898
1468899
1468900
1468901
1468904
1468905
1468915
1468919
1468921
1468923
1468932
1468933
1468940
1468942
1468943
1468944
1468953
1468955
1468961
1468964
1468970
1468971
1468973
1468975
1468977
1468979
1468982
1468984
1468985
1468988
1468989
1468990
1468992
1468993
1468997
1469006
1469007
1469008
1469009
1469010
1469014
1469021
1469023
1469024
1469034
1469035
1469037
1469039
1469042
1469043
1469045
1469051
1469053
1469054
1469058
1469059
1469062
1469064
1469065
1469066
1469068
1469071
1469072
1469077
1469088
1469093
1469094
1469095
1469096
1469097
1469098
1469102
1469104
1469105
1469112
1469113
1469117
1469119
1469120
1469128
1469129
1469135
1469143
1469588
1469596
1469597
1469598
1469599
1469641
1469642
1469643
1469644
1469848
1469850
1469851
1469854
1469856
1469857
1469861
1469870
1469876
1469877
1469879
1469882
1469883
1469893
1469902
1469905
1469906
1469907
1469908
1469956
1470129
1470207
1470219
1470227
1470229
1470230
1470231
1470235
1470236
1470244
1470245
1470247
1470248
1470249
1470250
1470458
1470459
1470460
1470462
1470464
1470472
1470473
1470474
1470483
1470486
1470493
1470496
1470503
1470513
1470514
1470517
1470521
1470534
1470535
1470582
1470594
1470597
1470598
1470604
1470605
1470606
1470610
1470613
1470615
1470617
1470813
1470814
1470824
1470827
1470831
1470833
1470838
1470843
1470852
1470853
1470859
1470860
1470861
1471047
1471048
1471086
1471091
1471102
1471105
1471106
1471108
1471112
1471204
1471299
1471407
1471435
1471542
1471543
1471544
1471657
1471658
1471659
1471660
1471661
1471662
1471663
1471664
1471665
1471666
1471668
1471669
1471670
1471671
1471672
1471673
1471674
1471675
1471676
1471677
1471678
1471679
1471680
1471681
1471682
1471683
1471684
1471685
1471686
1471687
1471688
1471690
1471691
1471692
1471694
1471695
1471696
1471698
1471699
1471700
1471701
1471702
1471707
1471708
1471710
1471714
1471715
1471716
1471717
1471718
1471719
1471721
1471723
1471724
1471725
1471726
1471727
1471728
1471730
1471732
1471733
1471734
1471735
1471736
1471737
1471739
1471740
1471741
1471742
1471743
1471744
1471746
1471747
1471748
1471749
1471750
1472012
1472013
1472277
1472280
1472282
1472283
1472284
1472286
1472295
1472296
1472342
1472343
1472424
1472425
1472491
1472493
1472712
1472713
1472714
1472717
1472721
1472911
1472912
1472913
1472914
1472918
1472919
1472967
1472968
1472970
1472973
1472984
1472985
1472988
1472993
1473008
1473025
1473042
1473057
1473062
1473066
1473067
1473068
1473073
1473075
1473076
1473077
1473081
1473085
1473088
1473091
1473093
1473094
1473405
1473408
1473418
1473419
1473420
1473421
1473422
1473423
1473426
1473427
1473431
1473439
1473440
1473441
1473442
1473443
1473444
1473446
1473448
1473449
1473450
1473451
1473460
1473464
1473466
1473468
1473471
1473474
1473478
1473479
1473480
1473481
1474804
1474807
1474867
1475062
1475063
1475143
1476032
1476034
1476158
1476159
1476160
1476162
1476163
1476202
1476220
1476226
1476233
1476234
1476242
1476243
1476245
1476246
1476251
1476252
1476253
1476254
1476255
1476257
1476258
1476259
1476261
1476264
1476275
1476280
1476282
1476284
1476285
1476288
1476290
1476291
1476292
1476294
1476295
1476298
1476299
1476301
1476302
1476304
1476306
1476307
1476310
1476311
1476312
1476314
1476315
1476316
1476317
1476319
1476322
1476326
1476327
1476343
1476347
1476348
1476351
1476352
1476354
1476355
1476356
1476357
1476358
1476359
1476360
1476361
1476364
1476365
1476366
1476367
1476369
1476370
1476372
1476373
1476374
1476375
1476378
1476379
1476381
1476384
1476386
1476387
1476390
1476391
1476429
1476433
1476434
1476435
1476485
1476487
1476502
1476551
1476554
1476584
1476716
1476886
1476887
1476888
1476889
1476902
1476909
1476950
1476951
1476978
1476980
1477404
1477405
1477406
1477453
1477461
1477465
1477469
1477470
1477471
1477476
1477478
1477479
1477480
1477483
1477515
1477516
1477915
1478132
1478160
1478234
1478235
1478236
1478237
1478240
1478243
1478245
1478246
1478248
1478253
1478254
1478255
1478256
1478257
1478258
1478259
1478261
1478262
1478263
1478265
1478267
1478268
1478270
1478271
1478272
1478972
1479037
1479605
1479610
1479613
1480065
1480113
1480698
1480699
1480700
1480731
1481112
1481123
1481139
1481186
1481187
1481224
1481393
1481396
1481451
1481452
1481453
1481460
1481463
1481465
1481709
1481710
1481711
1481785
1481794
1481797
1481808
1481809
1481821
1481831
1481853
1481855
1481858
1481863
1481865
1481871
1481872
1481966
1481985
1481995
1481996
1481997
1482000
1482001
1482002
1482003
1482004
1482005
1482006
1482007
1482008
1482010
1482011
1482012
1482015
1482016
1482017
1482019
1482020
1482023
1482027
1482028
1482030
1482031
1482034
1482035
1482036
1482319
1482355
1482362
1482366
1482413
1482476
1482543
1482642
1482643
1482644
1482652
1482734
1482735
1483485
1483497
1483499
1483500
1483503
1483512
1483681
1483700
1483724
1484554
1484570
1484571
1484573
1484574
1484958
1485012
1485136
1485186
1485922
1486056
1486299
1486301
1486303
1486308
1486309
1486312
1486327
1486328
1486332
1486339
1486397
1486403
1486404
1486413
1486414
1486419
1486421
1486422
1486423
1486424
1486425
1486426
1486427
1486428
1486430
1486469
1486470
1486471
1486472
1486473
1486474
1486640
1486641
1486642
1486643
1486657
1486658
1486659
1486660
1486661
1486662
1486684
1486685
1486686
1486687
1486690
1486692
1486693
1486694
1486695
1486697
1486698
1487156
1487157
1487159
1487162
1487164
1487165
1487166
1487168
1487172
1487173
1487182
1487183
1487185
1487700
1487701
1487702
1487703
1487704
1487796
1488216
1488222
1488508
1488509
1488510
1488518
1488520
1488557
1488574
1489102
1489311
1489312
1489627
1489714
1489729
1489731
1489733
1489736
1489836
1490024
1490227
1490471
1490472
1490473
1490488
1490489
1490491
1490492
1490493
1490501
1491385
1491386
1491387
1491389
1491390
1491491
1491780
1491810
1492111
1492117
1492120
1492169
1492173
1492181
1492296
1492784
1492794
1492804
1492805
1492806
1492808
1493507
1493508
1493509
1493510
1493511
1493512
1493513
1493514
1493829
1493844
1493847
1493852
1493858
1494073
1494074
1494663
1494668
1494672
1494673
1494681
1494691
1494693
1494696
1494702
1494705
1494713
1494876
1494884
1494887
1494919
1494920
1494922
1494923
1494935
1494936
1494939
1494941
1494943
1494944
1494948
1494952
1494953
1495051
1495181
1495182
1495183
1495184
1495185
1495186
1495187
1495188
1495190
1495191
1495253
1495285
1495286
1495311
1495312
1495316
1495828
1495830
1495832
1495833
1495839
1495842
1495844
1495846
1495866
1496075
1496281
1496283
1496683
1496941
1496942
1496943
1496947
1496948
1496953
1496954
1497019
1497031
1497083
1497095
1497096
1497203
1497391
1497434
1497435
1497515
1497518
1497519
1497522
1497566
1497568
1497848
1497850
1497851
1497852
1497857
1498011
1498168
1498169
1498170
1498171
1498172
1498188
1498190
1498204
1498212
1498213
1498220
1498227
1498228
1498296
1498504
1498640
1498641
1498645
1498647
1498648
1498649
1498650
1498654
1498655
1498656
1498657
1498658
1498659
1498660
1498661
1498662
1498663
1498664
1498665
1498666
1498670
1498671
1498672
1498673
1498674
1498675
1498676
1498677
1498678
1498680
1498687
1498688
1498690
1498692
1498696
1498697
1498698
1498703
1498704
1498708
1498710
1498711
1498712
1498713
1498715
1498716
1498717
1498718
1498720
1498721
1498722
1498723
1498724
1498725
1498726
1498727
1498728
1498731
1498732
1498736
1498737
1498738
1498739
1498740
1498741
1498742
1498744
1498745
1498748
1498749
1498750
1498751
1498752
1498753
1498754
1498755
1498756
1498757
1498758
1498759
1498761
1498762
1498763
1498764
1498765
1499389
1499393
1499398
1499399
1499400
1499401
1499402
1499985
1499986
1499987
1500234
1500235
1500243
1500245
1500248
1500316
1500317
1500318
1500321
1500326
1500327
1500386
1500510
1500561
1500563
1500564
1500586
1500680
1500681
1500682
1500712
1500713
1500733
1500734
1500735
1500756
1500757
1500798
1500799
1500800
1500801
1500802
1500804
1500806
1500807
1500808
1500810
1500812
1500813
1500814
1500815
1500816
1500817
1500819
1500820
1500821
1500822
1500823
1500825
1500827
1500828
1500830
1500831
1500832
1500865
1500866
1501085
1501086
1501087
1501088
1501092
1501093
1501096
1501101
1501105
1501107
1501108
1501110
1501111
1501113
1501115
1501116
1501117
1501118
1501124
1501126
1501396
1501435
1501683
1501684
1501686
1501716
1501718
1501719
1501720
1501722
1501724
1501725
1501726
1501729
1501730
1501732
1501735
1501736
1501738
1501739
1501740
1501741
1501743
1501744
1501746
1501748
1501750
1501751
1501752
1501757
1501758
1501759
1501761
1501763
1501764
1501766
1501767
1501768
1501769
1501772
1502000
1502006
1502101
1502849
1503077
1503083
1503086
1503087
1503098
1503102
1503103
1503104
1503105
1503278
1503279
1503280
1503281
1503282
1503283
1503284
1503285
1503286
1503287
1503288
1503289
1503290
1503291
1503292
1503293
1503294
1503295
1503296
1503297
1503298
1503299
1503300
1503301
1503302
1503303
1503304
1503421
1503423
1503426
1503427
1503428
1503429
1503430
1503431
1503432
1503433
1503435
1503436
1503437
1503438
1503439
1503683
1503686
1503687
1503688
1503689
1503690
1503691
1503692
1503693
1503695
1503696
1503697
1503698
1503699
1503700
1503701
1503702
1503704
1503705
1503706
1503709
1503711
1503713
1503714
1503864
1503929
1503931
1503998
1503999
1504278
1504279
1504280
1504281
1504282
1504283
1504284
1504286
1504287
1504288
1504545
1504546
1504556
1504565
1504566
1504567
1504569
1504732
1504733
1504801
1504984
1505026
1505027
1505219
1505226
1505227
1505528
1505530
1505738
1505739
1505881
1505890
1505901
1506157
1506184
1506453
1506546
1506566
1506567
1506568
1506569
1506570
1506571
1506572
1506573
1506574
1506575
1506578
1506579
1506580
1506581
1506703
1506710
1506716
1506997
1507006
1507008
1507009
1507019
1507020
1507021
1507188
1507191
1507193
1507195
1507196
1507197
1507200
1507207
1507210
1507211
1507214
1507215
1507218
1507219
1507222
1507223
1507224
1507226
1507228
1507233
1507234
1507240
1507241
1507242
1507258
1507304
1507379
1507385
1507386
1507387
1507388
1507389
1507392
1507393
1507400
1507401
1507402
1507403
1507724
1507725
1507726
1507809
1507812
1507813
1507899
1507920
1507927
1507928
1507929
1507932
1507937
1507938
1507939
1507940
1507944
1507948
1507949
1507953
1507954
1507955
1507956
1507957
1507959
1508163
1508215
1508216
1508217
1508219
1508220
1508221
1508222
1508223
1508224
1508225
1508226
1508227
1508228
1508658
1508671
1508673
1508675
1508676
1508677
1508678
1508679
1508680
1508681
1508692
1508693
1508694
1508695
1508696
1508700
1508701
1508709
1508710
1508711
1508712
1508812
1509400
1510097
1510134
1510155
1510440
1510481
1510482
1510483
1510515
1510621
1510625
1510630
1510941
1510942
1510943
1511083
1511084
1511623
1511629
1511630
1511634
1511636
1511638
1511639
1511732
1511733
1511762
1511763
1511771
1511772
1511773
1511774
1511775
1511776
1511778
1511779
1511780
1511781
1511782
1511783
1511784
1511785
1511802
1511803
1511804
1511805
1511806
1511807
1511808
1511809
1511810
1511811
1511840
1511847
1511852
1511853
1511854
1511855
1511856
1511857
1511858
1511859
1511860
1511861
1511864
1511879
1511880
1511881
1511882
1511883
1511884
1511885
1511886
1511887
1511888
1511891
1511892
1511893
1511894
1511895
1511911
1511919
1511920
1511921
1511922
1511923
1511945
1511947
1511949
1511951
1511962
1511963
1511967
1511968
1511969
1511972
1511975
1511976
1511977
1511983
1511984
1511986
1511988
1511989
1511991
1511992
1511997
1512006
1512007
1512009
1512010
1512013
1512016
1512017
1512021
1512022
1512023
1512026
1512029
1512034
1512036
1512045
1512061
1512065
1512067
1512070
1512079
1512090
1512094
1512096
1512098
1512099
1512105
1512108
1512109
1512110
1512111
1512112
1512117
1512126
1512130
1512131
1512134
1512137
1512143
1512157
1512158
1512159
1512160
1512166
1512173
1512181
1512182
1512186
1512189
1512190
1512191
1512192
1512197
1512199
1512202
1512204
1512205
1512207
1512208
1512211
1512212
1512213
1512214
1512220
1512222
1512227
1512232
1512233
1512237
1512238
1512241
1512243
1512245
1512246
1512250
1512252
1512278
1513184
1513185
1513186
1513187
1513188
1513195
1513196
1513198
1513199
1513200
1513201
1513202
1513204
1513205
1513206
1513207
1513208
1513209
1513223
1513224
1513225
1513226
1513227
1513228
1513230
1513231
1513233
1513235
1513236
1513238
1513239
1513240
1513241
1513242
1513243
1513244
1513245
1513246
1513247
1513248
1513249
1513250
1513251
1513252
1513253
1513254
1513255
1513256
1513257
1513258
1513259
1513260
1513261
1513262
1513263
1513264
1513265
1513268
1513269
1513272
1513273
1513274
1513275
1513276
1513277
1513278
1513294
1513295
1513298
1513299
1513300
1513308
1513314
1513315
1513448
1513456
1513458
1513461
1513489
1513516
1513519
1513520
1513521
1513525
1513527
1513528
1513529
1513530
1513531
1513605
1513608
1513610
1513642
1513646
1513654
1513668
1514102
1514114
1514115
1514664
1514665
1514704
1514705
1514708
1514709
1514895
1514896
1514960
1514961
1514962
1514988
1514999
1515154
1515155
1515337
1515338
1515366
1515372
1515373
1515374
1515378
1515401
1515640
1515641
1515684
1515685
1515752
1515761
1515766
1515775
1515785
1515806
1515817
1515819
1515831
1515832
1515834
1515852
1515863
1515872
1515894
1515905
1515927
1515929
1515936
1515940
1515943
1515944
1515946
1515947
1515950
1515954
1515961
1515962
1515987
1516011
1516018
1516025
1516027
1516034
1516078
1516080
1516081
1516115
1516127
1516128
1517254
1517256
1517258
1517267
1517270
1517277
1517285
1517286
1517287
1517313
1517314
1517318
1517321
1517325
1517326
1517335
1517337
1517342
1517344
1517356
1517359
1517360
1517371
1517382
1517385
1517390
1517405
1517407
1517411
1517536
1517537
1517538
1517540
1517541
1517542
1517543
1517544
1517545
1517546
1517606
1517609
1517633
1517643
1517644
1517684
1517744
1517750
1517751
1517752
1517753
1517754
1517755
1517756
1518022
1518282
1518320
1518333
1518334
1518335
1518337
1518338
1518339
1518340
1518341
1518345
1518346
1518347
1518348
1518349
1518350
1518351
1518354
1518355
1518356
1518357
1518358
1518359
1518360
1518361
1518362
1518364
1518365
1518366
1518367
1518370
1518371
1518372
1518375
1518376
1518377
1518378
1518379
1518384
1518391
1518398
1518399
1518400
1518402
1518574
1518575
1518579
1518603
1518697
1519097
1519350
1519385
1519386
1519387
1519389
1519390
1519391
1519392
1519394
1519395
1519396
1519397
1519398
1519399
1519400
1519401
1519402
1519403
1519404
1519405
1519406
1519407
1519409
1519410
1519532
1519538
1519539
1519540
1519541
1519542
1519543
1519544
1519545
1519546
1519547
1519548
1519552
1519553
1519554
1519555
1519556
1519788
1519999
1520002
1520004
1520006
1520124
1520125
1520332
1520779
1520880
1520921
1520932
1520935
1520992
1520993
1521028
1521072
1521073
1521074
1521075
1521076
1521077
1521078
1521079
1521080
1521081
1521082
1521083
1521084
1521085
1521086
1521087
1521088
1521089
1521090
1521091
1521092
1521093
1521094
1521095
1521096
1521097
1521098
1521099
1521100
1521101
1521102
1521103
1521104
1521105
1521107
1521108
1521109
1521172
1521173
1521188
1521264
1521265
1521280
1521297
1521306
1521308
1521315
1521316
1521321
1521385
1521386
1521387
1521388
1521390
1521391
1521392
1521498
1521766
1522059
1522091
1522092
1522177
1522178
1522179
1522538
1522544
1522546
1522549
1522550
1522555
1522560
1522561
1522571
1522578
1522580
1522581
1522588
1522607
1522612
1522617
1522624
1522629
1522634
1522637
1522641
1522644
1522647
1522651
1522656
1522773
1523024
1523053
1523064
1523067
1523073
1523076
1523077
1523080
1523081
1523087
1523088
1523089
1523096
1523097
1523098
1523105
1523113
1523116
1523117
1523118
1523119
1523120
1523121
1523127
1523136
1523140
1523174
1523185
1523193
1523198
1523214
1523217
1523263
1523267
1523268
1523269
1523277
1523284
1523285
1523457
1523458
1523460
1523489
1523495
1523858
1523935
1523936
1523960
1523965
1523966
1523971
1523974
1523975
1523976
1523987
1523988
1523989
1523993
1524003
1524010
1524016
1524844
1524848
1524860
1524863
1524866
1524872
1524875
1524876
1524879
1524880
1524881
1524882
1524910
1524961
1525173
1525174
1525176
1525177
1525178
1525179
1525180
1525366
1525369
1525370
1526224
1526408
1526487
1526514
1526521
1526522
1526523
1526525
1526526
1526550
1526585
1526652
1526941
1526950
1526961
1526967
1526976
1526985
1526986
1526987
1526988
1526989
1526991
1526992
1526996
1526998
1527000
1527001
1527002
1527003
1527004
1527005
1527006
1527007
1527008
1527009
1527011
1527012
1527014
1527015
1527016
1527017
1527018
1527019
1527022
1527025
1527441
1527463
1527469
1527471
1527472
1527473
1527475
1527476
1527482
1527488
1527489
1527491
1527493
1527494
1527495
1527497
1527498
1527499
1527500
1527501
1527503
1527504
1527506
1527510
1527511
1527512
1527513
1527514
1527515
1527516
1527517
1527519
1527520
1527522
1527523
1527524
1527525
1527531
1527533
1527534
1527535
1527536
1527580
1527615
1527616
1527617
1527618
1527619
1527661
1527662
1527666
1527674
1527675
1527676
1527692
1527693
1527694
1527770
1527771
1529023
1529027
1529029
1529030
1529033
1529035
1529036
1529056
1529057
1529058
1529392
1529450
1529589
1529592
1529595
1529598
1529600
1529601
1529605
1529611
1529909
1529910
1529911
1529912
1529914
1529915
1529916
1529917
1529918
1529919
1529920
1529921
1529922
1529923
1529924
1529925
1530084
1530085
1530093
1530246
1530247
1530248
1530249
1530250
1530251
1530274
1530276
1530278
1530281
1530282
1530285
1530286
1530287
1530289
1530290
1530291
1530292
1530298
1530299
1530300
1530302
1530303
1530308
1530400
1530450
1530451
1530452
1530453
1530454
1531283
1531284
1531287
1531305
1531316
1531317
1531319
1531320
1531321
1531322
1531324
1531325
1531326
1531327
1531328
1531329
1531334
1531337
1531340
1531345
1531348
1531489
1531490
1531794
1531795
1531796
1531797
1531799
1531800
1531801
1531802
1531805
1531806
1531807
1531809
1531811
1531812
1531813
1531814
1531815
1531818
1531824
1531825
1531826
1531828
1531829
1531834
1531835
1531837
1531838
1531839
1531841
1532031
1532172
1532174
1532180
1532696
1532704
1532708
1532710
1532714
1532716
1532717
1532718
1532725
1532726
1532847
1532849
1532882
1534302
1534304
1534305
1534306
1534467
1534468
1534501
1534536
1534544
1534545
1534546
1534547
1534548
1534549
1534550
1534553
1534817
1534818
1534820
1534821
1534822
1534823
1534824
1534825
1534980
1535247
1535249
1535266
1535267
1535289
1535290
1535291
1535670
1535671
1535699
1535707
1535711
1535712
1535714
1535719
1535725
1535728
1535733
1535736
1535737
1535738
1535744
1535745
1535746
1535749
1536430
1536431
1536592
1536594
1536595
1536596
1536597
1536598
1536599
1536603
1536604
1536605
1536611
1536673
1536674
1536678
1536680
1536723
1536728
1537090
1537091
1537100
1537101
1537146
1537148
1537150
1537164
1537166
1537167
1537168
1537413
1537529
1537531
1537534
1537535
1537536
1537537
1537543
1537547
1537550
1537556
1537557
1537559
1537561
1537563
1537604
1537611
1537613
1537614
1537616
1537617
1537619
1537620
1537622
1537623
1537624
1537625
1537626
1537631
1537632
1537633
1537647
1537648
1537654
1537655
1537656
1537658
1537975
1538037
1538043
1538044
1538045
1538046
1538050
1538063
1538101
1538364
1538452
1538453
1538454
1538455
1538456
1538465
1538549
1538550
1538609
1538610
1538612
1538624
1538804
1539144
1539147
1539148
1539150
1539152
1539153
1539321
1539322
1539323
1539324
1539325
1539326
1539386
1539747
1539759
1539761
1539764
1539767
1539782
1539783
1539788
1539793
1539802
1539813
1539817
1539822
1540083
1540086
1540087
1540088
1540090
1540091
1540092
1540093
1540094
1540095
1540096
1540097
1540098
1540099
1540100
1540106
1540109
1540110
1540117
1540125
1540567
1540572
1540575
1540581
1540584
1540588
1540612
1540616
1540623
1540659
1540665
1540671
1540673
1540679
1540685
1540693
1540706
1540708
1540710
1540717
1540718
1540722
1540725
1540726
1540759
1540760
1540763
1540766
1540785
1540823
1540824
1540825
1540826
1540827
1540828
1540829
1540830
1540831
1540861
1541084
1541086
1541087
1541088
1541089
1541090
1541094
1541119
1541152
1541154
1541155
1541205
1541206
1541209
1541211
1541671
1541673
1541676
1541678
1541679
1541680
1541681
1541682
1541683
1541686
1541690
1541819
1541820
1541821
1541823
1541824
1541825
1541872
1541883
1541886
1541887
1541890
1541891
1542090
1542091
1542092
1542103
1542116
1542131
1542132
1542133
1542134
1542447
1542477
1542498
1542660
1542661
1542662
1542663
1542665
1542742
1542743
1542744
1542745
1542912
1542921
1542922
1542973
1543199
1543201
1543203
1543205
1543206
1543207
1543219
1543220
1543221
1543232
1543245
1543288
1543289
1543290
1543318
1543320
1543419
1543924
1543925
1543931
1543933
1543937
1543949
1544324
1544364
1544378
1544382
1544393
1544395
1544397
1544398
1544507
1544508
1544509
1544511
1544513
1544514
1544515
1544539
1544540
1544752
1544756
1544872
1544875
1544901
1545391
1545490
1545491
1545496
1545700
1545703
1545833
1545834
1545858
1546177
1546178
1546257
1547022
1547024
1547218
1547219
1547495
1547550
1547577
1547580
1547850
1548043
1548163
1548178
1548182
1548189
1548190
1548191
1548192
1548414
1548415
1548416
1548417
1548419
1548421
1548711
1548712
1548713
1548714
1548715
1548717
1548718
1548719
1548720
1548721
1548722
1548900
1548901
1548902
1548903
1548904
1548905
1548906
1548907
1548908
1548909
1548910
1548911
1548912
1548913
1548914
1548915
1548916
1548917
1548918
1548920
1549295
1549296
1549298
1549299
1549300
1549302
1549304
1549305
1549306
1549307
1549308
1549309
1549310
1549311
1549313
1549314
1549315
1549316
1549317
1549318
1549320
1549321
1549322
1549326
1549327
1549330
1549331
1549608
1549813
1549864
1549968
1549969
1549971
1549978
1549981
1549985
1549986
1549996
1549998
1550003
1550008
1550011
1550013
1550016
1550017
1550018
1550019
1550369
1550370
1550509
1550518
1551466
1551493
1551550
1551555
1551556
1551557
1551560
1551589
1551641
1551710
1551711
1552185
1552200
1552211
1552409
1552661
1552662
1552713
1552717
1552725
1552732
1552733
1552735
1552772
1552774
1552775
1552776
1552778
1552779
1552780
1552784
1552786
1552787
1552788
1552798
1552800
1552814
1552815
1552817
1552818
1552819
1552820
1552821
1552823
1552845
1552846
1552894
1552895
1552911
1552913
1552916
1552917
1552924
1552932
1552933
1552935
1552938
1552940
1552986
1552987
1553951
1553952
1554499
1554500
1554501
1554502
1555195
1555196
1555201
1555202
1555207
1555208
1555233
1555235
1555238
1556289
1556290
1557033
1557034
1557035
1558463
1558466
1558467
1558468
1558469
1559370
1559371
1559519
1559735
1560282
1560283
1560284
1560285
1560286
1560291
1560296
1560298
1560299
1560301
1560302
1560307
1560312
1560313
1560340
1560341
1560342
1560346
1560351
1560378
1560502
1560512
1560514
1560531
1560541
1560543
1560692
1561006
1561011
1561066
1561067
1561090
1561150
1561160
1561171
1561172
1561225
1561395
1561396
1561440
1561702
1561703
1561704
1561705
1561945
1561946
1561961
1562038
1562048
1562049
1562051
1562054
1562062
1562063
1562064
1562065
1562066
1562067
1562068
1562069
1562070
1562071
1562073
1562074
1562076
1562346
1562348
1562349
1562350
1562357
1562358
1562361
1562376
1562379
1562380
1562381
1562508
1562509
1562510
1562563
1562599
1562608
1562611
1562612
1562613
1562621
1562622
1562623
1562624
1562633
1562642
1562764
1562765
1562766
1562767
1562768
1562769
1563316
1563660
1563661
1563704
1563709
1563712
1563717
1563868
1563875
1563876
1563886
1563887
1563897
1563919
1563920
1563922
1563926
1563928
1563941
1563946
1563950
1563962
1563963
1564031
1564096
1564099
1564115
1564119
1564120
1564122
1564182
1564188
1564189
1564190
1564191
1564193
1564251
1564508
1564510
1564512
1564513
1564903
1564916
1564919
1565088
1565431
1565432
1565433
1565589
1565590
1565591
1565735
1565990
1566005
1566009
1566010
1566011
1566012
1566021
1566056
1566061
1566069
1566298
1566307
1566308
1566309
1566334
1566335
1566336
1566337
1566355
1566356
1566365
1566448
1566454
1566455
1566458
1566459
1566460
1566462
1566470
1566471
1566475
1566478
1566482
1566485
1566493
1566494
1566495
1566505
1566513
1566530
1566531
1566546
1566552
1566555
1566558
1566564
1566566
1566567
1566583
1566828
1566868
1566869
1566990
1566993
1566994
1566995
1567004
1567005
1567006
1567007
1567011
1567012
1567013
1567014
1567015
1567022
1567025
1567026
1567027
1567028
1567029
1567136
1567403
1567404
1567420
1567452
1567453
1567465
1567466
1567467
1567468
1567470
1567471
1567472
1567473
1567474
1567475
1567478
1567479
1567483
1567484
1567485
1567486
1567487
1567495
1568973
1568974
1569052
1569053
1569054
1569055
1569056
1569060
1569237
1569252
1569253
1569258
1569259
1569367
1569588
1569589
1569804
1569806
1569808
1569812
1569817
1569818
1569824
1569864
1569880
1569881
1569882
1569885
1569886
1569887
1569892
1569893
1569894
1569895
1569896
1569897
1569898
1569899
1569900
1569902
1569903
1569905
1569906
1569907
1569910
1569912
1569915
1569916
1569917
1569918
1569920
1569921
1569922
1569923
1569929
1570108
1570109
1570110
1570146
1570147
1570154
1570158
1570161
1570183
1570191
1570194
1570196
1570197
1570199
1570231
1570234
1570240
1570291
1570297
1570298
1570299
1570300
1570321
1571455
1571513
1571518
1571533
1571534
1572187
1572188
1572193
1572196
1572199
1572200
1572202
1572205
1572206
1572207
1572208
1572209
1572215
1572216
1572218
1572219
1572236
1572238
1572239
1572247
1572270
1572272
1572279
1572285
1572341
1572598
1572601
1572602
1572603
1572604
1572605
1572610
1572611
1572612
1572613
1572627
1572630
1572634
1572667
1572702
1572703
1572704
1572712
1572715
1572716
1572743
1572744
1572745
1572746
1572747
1572748
1572749
1572750
1572753
1572754
1572755
1573455
1573456
1573458
1573459
1573583
1573584
1573760
1573761
1573838
1574181
1574182
1574183
1574184
1574185
1574210
1574211
1574221
1574234
1574287
1574360
1574361
1574362
1574421
1574422
1574501
1574502
1574503
1574504
1574505
1574506
1574507
1574508
1574509
1574510
1574511
1574513
1574515
1574516
1574517
1574518
1574519
1574520
1574521
1574522
1574524
1574525
1574526
1574530
1574532
1574533
1574534
1574536
1574537
1574538
1574539
1574540
1574543
1574544
1574545
1574547
1574548
1574549
1574550
1574552
1574554
1574555
1574556
1574557
1574558
1574559
1574560
1574561
1574562
1574563
1574565
1574566
1574569
1574570
1574571
1574572
1574573
1574574
1574575
1574581
1574583
1574584
1574585
1574587
1574589
1574607
1574610
1574613
1574627
1574628
1574629
1575011
1575016
1575030
1575033
1575036
1575048
1575054
1575082
1575093
1575094
1575095
1575098
1575112
1575114
1575117
1575120
1575125
1575126
1575127
1575128
1575130
1575132
1575138
1575139
1575146
1575148
1575160
1575164
1575167
1575168
1575169
1575171
1575172
1575173
1575174
1575175
1575227
1575251
1575296
1575311
1575316
1575319
1575325
1575334
1575339
1575341
1575349
1575351
1575372
1575376
1575426
1575450
1575455
1575468
1575469
1575471
1575475
1575528
1575602
1575610
1575614
1575618
1575620
1575621
1575625
1575638
1575653
1575660
1575661
1575662
1575663
1575664
1575674
1575678
1575679
1575680
1575691
1575693
1575695
1575696
1575697
1575699
1575701
1575707
1575710
1575785
1575806
1575810
1575811
1575812
1575813
1575814
1575819
1575822
1575823
1575826
1575827
1575828
1575829
1575830
1575831
1575832
1575834
1575835
1575836
1575839
1575841
1575858
1575869
1575876
1575909
1575914
1575915
1575919
1575933
1575968
1575972
1575973
1575977
1576019
1576020
1576027
1576028
1576030
1576031
1576036
1576043
1576045
1576047
1576052
1576055
1576057
1576061
1576083
1576098
1576101
1576102
1576104
1576112
1576115
1576121
1576122
1576129
1576132
1576141
1576150
1576152
1576154
1576161
1576165
1576171
1576177
1576180
1576183
1576185
1576187
1576190
1576191
1576192
1576218
1576229
1576230
1576241
1576248
1576253
1576254
1576256
1576263
1576284
1576291
1576309
1576310
1576317
1576318
1576320
1576321
1576322
1576597
1576598
1576788
1576789
1576792
1577072
1577124
1577126
1577137
1577498
1577602
1577603
1577604
1577651
1577652
1577653
1577657
1577676
1577682
1577715
1577776
1577802
1577805
1577811
1577813
1577817
1577819
1577822
1577993
1577994
1577995
1577997
1578041
1578134
1578770
1578825
1578826
1578827
1578833
1578989
1579001
1579460
1579498
1579532
1579533
1579545
1579551
1579557
1579558
1579564
1579571
1579572
1579585
1579593
1579600
1579601
1579608
1579611
1579612
1579614
1579616
1579620
1579623
1579625
1579635
1579639
1579644
1579647
1579650
1579661
1579663
1580058
1580059
1580060
1580061
1580068
1580073
1580076
1580472
1580497
1580580
1580591
1580605
1580607
1581151
1581534
1581536
1581537
1581540
1581541
1581542
1581543
1581544
1581545
1581547
1582094
1582149
1582150
1582151
1582152
1582153
1582154
1582155
1582156
1582157
1582257
1582354
1582477
1582907
1585246
1585654
1585655
1585656
1585658
1585659
1585660
1585661
1585840
1585845
1585848
1585924
1585999
1586000
1586002
1586324
1586712
1586713
1586714
1586715
1587502
1587503
1587509
1587515
1587516
1587517
1587520
1587534
1587565
1587566
1587567
1587568
1587569
1587570
1587573
1587575
1587576
1587577
1587578
1587582
1587584
1587587
1587589
1587590
1587593
1587595
1587597
1587598
1587600
1587603
1587604
1587605
1587608
1587611
1587617
1587619
1587620
1587624
1587625
1587630
1587635
1587644
1587648
1587661
1587664
1587665
1587668
1587670
1587673
1587674
1587679
1587682
1587690
1587691
1587692
1587696
1587697
1587700
1587704
1587706
1587710
1587712
1587713
1587715
1587721
1587723
1587724
1587727
1587728
1587729
1587731
1587733
1587735
1587738
1587742
1587749
1587750
1587752
1587754
1587759
1587760
1587761
1587763
1587764
1587765
1587768
1587773
1587776
1587780
1587781
1587783
1587785
1587787
1587788
1587789
1587791
1587795
1587797
1587798
1587799
1587801
1587803
1587804
1587805
1587807
1587813
1587815
1587818
1587835
1587836
1587837
1587839
1587840
1587842
1587847
1587848
1587849
1587851
1587852
1587857
1587860
1587868
1587873
1587875
1587876
1587880
1587881
1587885
1587886
1587887
1587888
1587895
1587902
1587903
1587904
1587905
1587907
1587917
1587919
1587920
1587926
1587935
1587945
1587947
1588024
1588025
1588048
1588049
1588660
1588706
1588711
1588717
1588720
1588721
1588761
1588762
1588763
1588764
1588766
1588791
1588798
1588878
1589243
1589246
1589253
1589254
1589265
1589270
1589273
1589274
1589297
1589298
1589326
1589662
1589663
1589727
1589733
1589746
1589747
1589748
1589749
1589751
1589752
1589755
1589848
1590154
1590155
1590156
1590172
1590173
1590365
1590368
1590370
1590550
1590650
1590834
1590835
1590836
1590847
1590850
1590851
1590852
1590854
1590858
1590861
1590865
1590867
1590873
1590888
1590891
1590892
1590893
1590895
1590896
1590897
1590898
1590900
1590901
1590908
1590911
1590917
1590918
1590919
1590920
1590921
1590924
1590925
1590926
1590928
1590932
1590934
1590941
1590945
1590946
1590950
1590953
1590961
1590962
1590963
1590964
1590971
1590973
1590974
1590975
1590976
1590980
1590983
1590988
1590989
1590990
1590991
1591072
1591073
1591444
1591445
1591450
1591451
1591452
1591455
1591461
1591463
1591464
1591465
1591471
1591472
1591473
1592081
1592082
1592083
1592084
1592085
1592086
1592087
1592088
1592089
1592090
1592091
1592092
1592093
1592094
1592095
1592096
1592097
1592098
1592099
1592100
1592101
1592102
1592103
1592104
1592109
1592110
1592111
1592112
1592114
1592115
1592116
1592117
1592118
1592119
1592120
1592121
1592122
1592123
1592125
1592126
1592127
1592128
1592129
1592207
1592211
1592212
1592335
1592572
1592573
1592576
1592730
1592731
1592733
1592735
1592737
1592738
1592739
1592742
1592743
1592744
1592745
1592747
1592749
1592750
1592751
1592752
1592758
1592764
1592777
1592808
1592809
1592811
1592820
1592930
1592931
1593240
1593423
1593424
1593502
1593505
1593508
1593519
1593524
1593526
1593527
1593528
1593533
1593534
1593536
1593537
1593538
1593540
1593543
1593544
1593546
1593548
1593550
1593553
1593554
1593557
1593560
1593562
1593570
1593574
1593575
1593580
1593583
1593586
1593589
1593590
1593591
1593594
1593595
1593596
1593602
1593610
1593611
1593614
1593615
1593616
1593618
1593620
1593622
1593626
1593628
1593629
1593631
1593633
1593634
1593636
1593637
1593642
1593645
1593646
1593649
1593652
1593653
1593654
1593656
1593664
1593672
1593685
1593689
1593695
1593697
1593704
1593714
1593715
1593718
1593721
1593723
1593729
1593732
1593736
1593740
1593757
1593758
1593763
1593766
1593770
1593775
1593778
1593780
1593783
1593784
1593788
1593791
1593796
1593799
1593801
1593802
1593807
1593808
1593809
1593810
1593811
1593819
1593823
1593826
1593828
1593829
1593831
1593832
1593838
1593846
1593847
1593848
1593849
1593850
1593852
1593853
1593855
1593856
1593858
1593865
1593870
1593873
1593874
1593879
1593882
1593883
1593884
1593888
1593892
1593898
1593912
1593917
1593921
1593923
1593926
1593927
1593929
1593934
1593935
1593939
1593950
1593952
1593954
1593956
1593957
1593959
1593960
1593961
1593963
1593964
1593965
1593970
1593971
1593973
1593977
1593978
1593980
1593983
1593988
1593989
1593990
1593994
1593998
1593999
1594000
1594001
1594002
1594003
1594004
1594006
1594010
1594011
1594013
1594014
1594015
1594018
1594019
1594021
1594024
1594025
1594026
1594027
1594028
1594029
1594030
1594032
1594035
1594036
1594037
1594038
1594040
1594043
1594044
1594046
1594047
1594049
1594050
1594051
1594052
1594053
1594056
1594058
1594059
1594060
1594062
1594063
1594064
1594067
1594068
1594069
1594070
1594071
1594072
1594074
1594077
1594078
1594080
1594082
1594083
1594084
1594086
1594091
1594092
1594093
1594099
1594100
1594104
1594108
1594112
1594115
1594118
1594119
1594121
1594123
1594125
1594126
1594130
1594140
1594141
1594142
1594143
1594145
1594147
1594148
1594149
1594151
1594153
1594154
1594155
1594156
1594158
1594159
1594160
1594161
1594162
1594163
1594164
1594456
1594457
1594461
1594706
1594713
1594718
1594788
1595961
1595988
1595998
1595999
1597920
1597923
1597924
1597925
1597931
1597937
1597939
1597942
1597943
1597944
1597945
1597946
1597948
1597962
1597966
1597967
1597971
1597972
1597976
1598146
1598163
1598178
1598198
1598201
1598214
1598216
1598219
1598250
1598266
1598291
1598310
1598311
1598321
1598336
1598365
1598367
1598377
1598379
1598383
1598386
1598387
1598412
1598418
1598512
1598549
1598556
1598571
1598572
1598648
1598657
1598670
1598675
1598688
1598690
1598697
1598699
1598740
1598745
1598751
1598756
1598771
1598796
1598804
1598811
1598843
1598858
1598867
1598872
1598885
1598900
1598916
1598923
1598936
1598969
1598975
1598993
1599005
1599012
1599014
1599018
1599032
1599040
1599045
1599053
1599066
1599068
1599085
1599136
1599147
1599161
1599164
1599184
1599189
1599198
1599210
1599223
1599227
1599251
1599310
1599317
1599328
1599338
1599340
1599374
1599466
1599485
1599488
1599492
1599507
1599510
1599538
1599550
1599558
1599566
1599568
1599570
1599575
1599576
1599580
1599613
1599616
1599627
1599628
1599630
1599638
1599640
1599649
1599667
1599672
1599673
1599680
1599688
1599705
1599721
1599754
1599755
1599762
1599763
1599787
1599805
1599810
1599812
1599823
1599844
1599876
1599877
1599884
1599894
1599896
1599916
1599923
1599930
1599944
1599949
1599952
1599961
1599977
1599986
1600040
1600041
1600049
1600055
1600058
1600071
1600088
1600091
1600093
1600104
1600110
1600157
1600160
1600168
1600173
1600185
1600192
1600201
1600247
1600252
1600260
1600271
1600281
1600297
1600371
1600396
1600403
1600408
1600419
1600426
1600446
1600447
1600464
1600488
1600519
1600528
1600539
1600541
1600550
1600558
1600562
1600566
1600588
1600618
1600624
1600681
1600686
1600756
1600768
1600814
1600841
1600888
1600954
1600958
1600963
1600998
1601007
1601015
1601024
1601032
1601036
1601041
1601042
1601045
1601051
1601064
1601078
1601081
1601094
1601110
1601122
1601142
1601146
1601157
1601164
1601181
1601211
1601212
1601213
1601234
1601235
1601246
1601282
1601329
1601336
1601337
1601349
1601379
1601383
1601483
1601487
1601499
1601500
1601514
1601517
1601548
1601551
1601563
1601587
1601602
1601605
1601607
1601630
1601635
1601653
1601658
1601674
1601692
1601695
1601696
1601708
1601715
1601722
1601737
1601785
1601800
1601801
1601802
1601835
1602110
1602113
1602115
1602116
1602117
1602118
1602119
1602124
1602199
1602211
1602709
1602710
1602711
1602712
1602713
1602714
1602715
1602716
1602717
1602718
1602719
1602720
1602721
1602722
1602723
1602752
1602755
1602756
1602757
1602761
1602764
1602767
1602771
1602772
1602775
1602776
1602777
1602778
1602782
1602785
1602787
1602791
1602794
1602796
1602798
1602799
1602802
1602806
1602809
1602810
1602812
1602814
1602815
1602816
1602821
1602822
1602823
1602827
1602829
1602833
1602837
1602838
1602841
1602844
1602846
1602850
1602855
1602857
1602861
1602862
1602863
1602867
1602921
1602925
1602946
1602947
1603039
1603067
1603068
1603322
1603323
1603328
1603331
1603332
1603334
1603367
1603368
1603414
1603436
1603564
1603849
1603962
1603963
1603964
1604019
1604355
1604356
1604434
1604435
1604437
1604438
1604439
1604510
1604718
1604767
1604768
1604773
1604833
1604848
1604859
1604868
1604871
1604872
1604873
1604874
1604875
1604876
1604920
1604924
1605072
1605261
1605378
1605379
1605403
1605432
1605721
1605790
1605934
1605935
1605936
1605943
1605947
1605951
1605953
1605964
1605968
1605969
1605972
1605995
1606497
1606498
1606499
1606500
1606501
1606502
1606503
1606504
1606763
1606764
1606765
1606860
1607696
1607700
1607701
1607705
1607706
1607710
1607711
1607713
1607714
1607715
1607716
1607717
1607721
1607723
1607724
1607726
1607727
1607730
1607735
1607736
1607978
1607979
1608040
1608041
1608042
1608043
1608044
1608045
1608046
1608047
1608048
1608049
1608050
1608051
1608053
1608054
1608055
1608056
1608057
1608058
1608059
1608060
1608061
1608062
1608063
1608064
1608065
1608066
1608067
1608068
1608069
1608070
1608071
1608072
1608073
1608074
1608075
1608076
1608077
1608078
1608079
1608080
1608081
1608082
1608083
1608084
1608085
1608086
1608087
1608088
1608089
1608090
1608091
1608092
1608093
1608094
1608095
1608096
1608097
1608098
1608099
1608100
1608101
1608102
1608103
1608104
1608105
1608106
1608107
1608108
1608109
1608110
1608111
1608112
1608113
1608114
1608115
1608117
1608118
1608119
1608120
1608121
1608122
1608123
1608124
1608125
1608126
1608127
1608128
1608129
1608130
1608131
1608132
1608133
1608134
1608135
1608136
1608137
1608138
1608139
1608141
1608142
1608143
1608144
1608145
1608146
1608147
1608255
1608257
1608310
1608311
1608323
1608440
1608451
1608532
1608533
1608649
1608669
1608670
1608673
1608674
1608675
1608677
1608678
1608679
1608680
1608681
1608682
1608683
1608684
1608685
1608686
1608687
1608688
1608851
1608960
1608963
1608964
1608965
1608966
1608969
1608974
1608980
1609053
1609130
1609131
1609138
1609290
1609594
1609604
1609606
1609607
1609608
1609609
1609611
1609612
1609613
1609634
1609642
1609644
1609647
1609649
1609651
1609657
1609661
1609662
1609664
1609665
1609670
1609673
1609678
1609681
1609684
1609686
1609690
1609696
1609702
1609703
1609705
1609706
1609707
1609708
1609710
1609711
1609713
1609714
1609715
1609717
1609718
1609719
1609721
1609722
1609725
1609726
1609727
1609728
1609729
1609731
1609733
1609734
1609738
1609739
1610494
1610508
1610509
1610817
1610818
1610819
1610820
1610828
1610829
1610830
1610831
1610832
1610833
1610834
1610835
1610836
1610837
1610838
1610845
1610846
1610855
1610872
1611039
1611419
1611421
1611435
1611545
1611837
1611865
1611866
1611867
1611868
1611869
1611875
1611877
1612310
1612311
1612312
1612636
1612637
1612661
1612662
1612664
1612665
1612672
1612677
1612686
1612696
1612702
1612705
1612722
1612737
1612825
1612885
1612886
1612899
1612901
1612913
1612915
1612946
1612948
1612990
1612994
1613002
1613015
1613043
1613052
1613128
1613133
1613139
1613155
1613166
1613182
1613183
1613186
1613192
1613193
1613209
1613218
1613238
1613247
1613249
1613257
1613275
1613286
1613295
1613336
1613342
1613357
1613359
1613378
1613385
1613470
1613473
1613477
1613479
1613484
1613490
1613492
1613515
1613524
1613540
1613568
1613573
1613575
1613579
1613604
1613608
1613615
1613616
1613621
1613650
1613655
1613691
1613799
1613801
1613807
1613809
1613815
1613819
1613829
1613833
1613835
1613840
1613841
1613881
1613883
1613886
1613908
1613931
1613932
1613937
1613945
1613948
1613949
1613951
1613953
1613958
1613959
1613960
1613969
1613991
1613993
1614012
1614039
1614091
1614111
1614115
1614116
1614117
1614133
1614146
1614148
1614158
1614161
1614184
1614185
1614186
1614187
1614188
1614189
1614211
1614213
1614243
1614253
1614264
1614267
1614284
1614290
1614296
1614298
1614305
1614309
1614323
1614330
1614333
1614335
1614338
1614340
1614343
1614347
1614371
1614372
1614382
1614399
1614428
1614434
1614435
1614437
1614438
1614442
1614452
1614504
1614507
1614530
1614534
1614537
1614567
1614569
1614571
1614572
1614585
1614594
1614601
1614604
1614605
1614612
1614614
1614621
1614622
1614642
1615583
1615611
1615758
1615760
1615765
1615797
1615798
1615968
1615970
1615971
1615972
1615973
1615975
1615976
1615977
1615978
1615979
1615980
1615983
1615985
1615993
1615994
1615995
1615996
1616182
1616665
1616796
1616797
1617234
1617812
1617814
1617816
1617819
1617820
1617821
1617994
1618062
1618063
1618189
1618232
1618233
1618234
1618235
1618236
1618237
1618238
1618239
1618240
1618241
1618242
1618243
1618244
1618245
1618246
1618247
1618248
1618249
1618250
1618251
1618252
1618253
1618254
1618255
1618256
1618257
1618258
1618259
1618260
1618318
1618321
1618323
1618324
1618325
1619156
1619215
1619217
1619218
1619219
1619220
1619253
1619662
1619678
1619899
1620432
1620434
1620452
1620456
1620457
1620458
1620507
1620508
1620509
1620511
1620512
1620516
1620521
1620522
1620525
1620526
1620527
1620528
1620529
1620530
1620532
1620533
1620534
1620535
1620536
1620537
1620541
1620542
1620547
1620555
1620556
1620557
1620558
1620564
1620565
1620568
1620573
1620575
1620578
1620581
1620584
1620591
1620592
1620594
1620595
1620597
1620606
1620608
1620611
1620615
1620617
1620628
1620638
1620640
1620644
1620646
1620652
1620653
1620659
1620660
1620661
1620662
1620663
1620665
1620666
1620669
1620672
1620678
1620682
1620683
1620702
1620891
1620892
1620893
1620895
1620896
1620897
1620966
1620968
1620969
1620970
1620971
1620972
1620973
1620974
1620975
1620976
1620977
1620979
1620980
1620981
1620983
1620984
1620985
1620986
1620988
1620989
1620990
1620991
1620992
1620993
1620994
1620995
1620996
1620997
1620999
1621000
1621001
1621002
1621003
1621004
1621005
1621006
1621007
1621008
1621009
1621012
1621013
1621015
1621097
1621098
1621099
1621101
1621102
1621103
1621104
1621317
1621723
1621732
1621736
1621741
1621743
1621749
1621760
1621794
1621796
1621798
1621831
1621889
1621935
1621937
1621983
1622024
1622085
1622114
1622115
1622116
1622190
1622191
1622192
1622193
1622234
1622279
1622295
1622296
1623193
1623195
1623202
1623273
1623274
1623275
1623276
1623277
1623278
1623280
1623281
1623282
1623283
1623284
1623285
1623286
1623287
1623288
1623289
1623290
1623292
1623293
1623295
1623297
1623298
1623299
1623300
1623301
1623302
1623303
1623304
1623305
1623306
1623307
1623308
1623309
1623310
1623311
1623678
1623681
1623682
1623684
1623685
1623686
1623687
1623688
1623689
1627834
1627945
1627946
1627954
1627961
1627962
1627963
1627967
1627973
1627974
1627975
1627976
1627982
1627983
1627986
1627989
1627990
1627992
1627994
1627995
1628003
1628004
1628145
1628146
1628184
1628185
1628186
1628187
1628188
1628264
1628266
1628267
1628721
1628725
1628808
1628809
1628834
1628896
1628899
1629132
1629337
1629344
1629345
1629348
1629350
1629352
1629551
1629646
1629647
1629649
1629654
1629656
1629657
1629665
1629666
1629667
1629669
1629671
1629953
1629954
1630047
1630054
1630056
1630077
1630078
1630083
1630098
1630099
1630103
1630110
1631194
1631195
1631258
1631259
1631261
1631303
1631304
1631306
1631307
1631308
1631309
1631312
1631316
1631317
1631320
1631325
1631330
1631331
1631332
1631333
1631334
1631335
1631338
1631550
1631551
1631552
1631554
1631643
1631645
1631661
1631816
1632184
1632843
1632851
1632853
1633139
1633149
1633150
1633151
1633187
1633336
1633359
1633360
1633367
1633374
1633385
1633569
1633570
1633620
1633709
1633715
1633717
1633719
1633723
1633725
1633731
1633736
1633752
1633782
1633878
1634191
1634192
1634193
1634194
1634195
1634196
1634200
1634206
1634207
1634208
1634212
1634219
1634221
1634224
1634226
1634228
1634229
1634231
1634232
1634233
1634235
1634237
1634239
1634240
1634241
1634243
1634244
1634245
1634247
1634249
1634251
1634252
1634253
1634254
1634262
1634263
1634264
1634267
1634269
1634272
1634275
1634276
1634277
1634278
1634279
1634282
1634287
1634295
1634299
1634300
1634301
1634317
1634320
1634323
1634327
1634329
1634330
1634336
1634337
1634341
1634354
1634355
1634381
1634476
1634484
1634485
1634486
1634487
1634488
1634490
1634883
1634887
1634906
1634914
1635141
1636179
1636180
1636182
1636183
1636184
1636189
1636200
1636201
1636202
1636203
1636204
1636205
1636249
1636250
1636254
1636255
1636257
1636259
1636261
1636262
1636263
1636270
1636271
1636313
1636314
1636315
1636449
1636504
1636535
1636544
1636545
1636546
1636554
1636555
1636556
1636557
1636558
1636559
1636560
1636561
1636562
1636563
1636565
1636566
1636567
1636568
1636569
1636570
1636571
1636572
1636573
1636574
1636575
1636576
1636577
1636578
1636579
1636580
1636581
1636582
1636583
1636584
1636585
1636586
1636587
1636616
1636617
1636618
1636724
1636729
1636741
1636761
1636786
1636790
1636793
1636808
1636828
1637208
1637211
1637215
1637216
1637492
1637496
1637527
1638137
1638618
1638619
1638769
1638770
1638771
1638772
1638797
1638803
1638809
1638823
1638838
1638839
1638840
1638847
1638849
1638875
1638882
1638884
1638890
1638891
1638892
1638895
1638896
1638923
1638953
1638954
1638956
1638957
1638958
1639043
1639048
1639049
1639050
1639052
1639056
1639065
1639067
1639068
1639125
1639184
1639187
1639190
1639191
1639303
1639304
1639313
1639316
1639324
1639328
1639332
1639814
1639815
1639822
1639823
1639824
1640260
1640263
1640266
1640275
1640277
1640278
1640280
1640281
1640282
1640283
1640284
1640285
1640286
1640287
1640288
1640289
1640291
1640292
1640293
1640294
1640296
1640297
1640298
1640299
1640300
1640301
1640302
1640303
1640305
1640306
1640307
1640308
1640309
1640311
1640312
1640313
1640314
1640315
1640316
1640317
1640318
1640320
1640321
1640323
1640324
1640325
1640326
1640327
1640328
1640329
1640330
1640331
1640332
1640333
1640334
1640335
1640336
1640337
1640338
1640339
1640379
1640445
1640678
1640679
1640681
1640691
1640702
1640705
1640713
1640757
1640773
1640774
1640776
1640790
1640791
1640808
1640821
1640832
1640840
1640842
1640847
1640853
1640856
1640882
1640883
1640885
1640888
1640920
1640925
1640930
1640935
1640969
1640970
1640972
1640973
1640974
1640975
1640977
1640978
1641314
1641319
1641322
1641325
1641328
1641329
1641333
1641334
1641336
1641341
1641347
1641351
1641353
1641642
1641733
1641734
1641736
1641744
1641746
1641748
1641749
1641750
1641751
1641754
1641758
1641769
1641771
1641807
1641896
1642012
1642013
1642018
1642042
1642313
1642315
1642316
1642317
1642318
1642323
1642325
1642333
1642339
1642351
1642364
1642414
1642515
1642588
1642663
1642687
1642693
1642852
1642929
1643275
1643276
1643277
1643278
1643279
1643281
1643282
1643298
1643300
1643304
1643324
1643325
1643326
1643327
1643330
1643460
1643461
1643467
1643649
1643691
1643696
1643699
1643760
1643761
1643762
1643781
1643816
1643817
1644046
1644047
1644048
1644049
1644050
1644051
1644052
1644065
1644142
1645748
1645776
1645777
1645782
1645785
1645790
1645799
1645803
1645806
1645808
1645818
1645823
1645827
1645832
1645833
1645840
1645841
1645842
1645844
1645849
1645852
1645860
1645863
1645872
1645885
1646350
1646351
1646355
1646357
1646358
1646364
1646370
1646371
1646372
1646384
1646408
1646412
1646443
1646445
1646448
1646450
1646452
1646454
1646458
1646464
1646473
1646491
1646494
1647106
1647211
1647212
1647213
1647215
1647216
1647217
1647218
1647219
1647220
1647221
1647224
1647225
1647226
1647227
1647228
1647229
1647230
1647231
1647232
1647233
1647235
1647236
1647237
1647238
1647239
1647240
1647241
1647242
1647244
1647246
1647247
1647248
1647249
1647250
1647251
1647252
1647253
1647254
1647255
1647256
1647257
1647258
1647259
1647260
1647261
1647262
1647263
1647264
1647265
1647266
1647267
1647268
1647269
1647270
1647271
1647272
1647275
1647281
1647282
1647283
1647284
1647285
1647286
1647300
1647301
1647302
1647303
1647304
1647305
1647306
1647307
1647308
1647309
1647311
1647312
1647313
1647373
1647374
1647385
1647386
1647387
1647391
1647400
1647402
1647403
1647404
1647405
1647408
1647411
1647412
1647417
1647418
1647419
1647420
1647421
1647424
1647425
1647426
1647427
1647428
1647430
1647432
1647433
1647434
1647436
1647438
1647439
1647441
1647442
1647454
1647455
1647457
1647458
1647459
1647463
1647464
1647468
1647469
1647470
1647471
1647472
1647473
1647474
1647475
1647476
1647486
1647494
1647499
1647500
1647524
1647525
1647527
1647528
1647529
1647530
1647531
1647532
1647533
1647534
1647535
1647536
1647537
1647538
1647539
1647540
1647541
1647542
1647543
1647544
1647546
1647549
1647550
1647551
1647552
1647553
1647554
1647555
1647585
1647587
1647591
1647592
1647594
1647595
1647596
1647785
1647789
1647794
1647796
1647798
1647805
1647807
1647922
1647924
1648067
1648068
1648069
1648071
1648074
1648075
1648077
1648079
1648082
1648083
1648084
1648481
1648482
1648483
1648484
1648602
1648624
1648627
1648670
1648733
1648761
1648768
1648813
1648839
1649141
1649142
1649144
1649145
1649193
1649197
1649199
1649200
1649239
1649240
1649336
1649337
1649829
1649830
1649831
1650736
1650957
1650963
1651168
1651169
1651178
1651181
1651182
1651183
1651185
1651186
1651190
1651191
1651192
1651193
1651194
1651195
1651198
1651199
1651200
1651201
1651202
1651203
1651204
1651816
1651880
1652026
1652048
1652468
1652816
1652818
1652820
1652873
1652906
1652920
1652964
1652965
1652969
1652971
1652973
1652978
1652980
1653058
1653086
1653087
1653304
1653394
1653395
1653397
1653398
1653399
1653485
1653487
1653491
1653495
1653497
1653498
1653502
1653503
1653505
1653507
1653508
1653509
1653510
1653511
1653512
1653513
1653515
1653734
1653877
1653878
1653879
1654029
1654030
1654031
1654032
1654033
1654034
1654069
1654070
1654071
1654072
1654073
1654074
1654075
1654076
1654077
1654078
1654079
1654080
1654081
1654083
1654084
1654085
1654086
1654087
1654088
1654089
1654090
1654091
1654092
1654093
1654094
1654095
1654096
1654097
1654098
1654099
1654100
1654101
1654102
1654103
1654104
1654105
1654106
1654107
1654108
1654109
1654111
1654112
1654113
1654114
1654115
1654116
1654117
1654118
1654119
1654120
1654121
1654122
1654125
1654126
1654127
1654128
1654129
1654130
1654131
1654132
1654133
1654134
1654136
1654137
1654138
1654139
1654140
1654141
1654142
1654143
1654144
1654146
1654147
1654148
1654149
1654150
1654151
1654152
1654153
1654154
1654155
1654156
1654158
1654159
1654160
1654161
1654162
1654163
1654164
1654165
1654166
1654167
1654168
1654169
1654170
1654171
1654172
1654174
1654175
1654176
1654177
1654179
1654180
1654181
1654182
1654184
1654185
1654186
1654187
1654188
1654189
1654190
1654191
1654192
1654193
1654194
1654195
1654197
1654198
1654199
1654200
1654201
1654202
1654203
1654204
1654206
1654207
1654208
1654209
1654210
1654211
1654212
1654213
1654214
1654215
1654216
1654217
1654218
1654220
1654221
1654222
1654223
1654224
1654225
1654226
1654227
1654229
1654230
1654231
1654232
1654233
1654234
1654236
1654238
1654239
1654241
1654242
1654243
1654244
1654245
1654246
1654248
1654249
1654250
1654251
1654252
1654253
1654254
1654255
1654256
1654258
1654259
1654260
1654261
1654262
1654263
1654264
1654265
1654267
1654268
1654269
1654271
1654272
1654273
1654274
1654275
1654276
1654278
1654279
1654280
1654281
1654282
1654283
1654284
1654286
1654287
1654288
1654289
1654290
1654291
1654293
1654295
1654296
1654297
1654298
1654299
1654300
1654301
1654302
1654303
1654304
1654305
1654306
1654307
1654308
1654309
1654310
1654311
1654312
1654313
1654314
1654339
1654354
1654355
1654356
1654357
1654358
1654359
1654361
1654362
1654363
1654364
1654577
1654579
1654582
1654601
1654602
1654603
1654717
1654740
1654780
1654781
1654782
1654805
1654822
1654823
1654883
1654884
1654885
1654886
1654887
1654888
1654889
1654890
1654891
1654893
1654919
1654926
1654927
1654928
1654930
1655012
1655013
1655014
1655015
1655016
1655017
1655018
1655019
1655020
1655021
1655022
1655023
1655199
1655209
1655212
1655217
1655219
1655220
1655226
1655305
1655307
1655314
1655495
1655497
1655498
1655499
1655644
1655645
1655646
1655647
1655648
1655649
1655650
1655651
1655652
1655653
1655654
1655656
1655657
1655658
1655659
1655660
1655661
1655662
1656195
1656198
1656201
1656202
1656227
1657861
1657863
1657869
1657879
1657882
1657890
1657900
1657904
1658134
1658135
1658137
1658138
1658139
1658140
1658141
1658142
1658143
1658144
1658145
1658146
1658147
1658148
1658149
1658150
1658151
1658152
1658153
1658155
1658156
1658158
1658163
1658269
1658270
1658521
1658522
1658615
1658669
1658681
1658682
1658683
1658686
1658691
1658692
1658694
1658695
1658696
1658700
1658703
1658704
1658705
1658707
1658708
1658709
1658710
1658714
1658716
1658717
1658800
1658805
1658806
1658807
1658810
1658813
1658817
1658822
1658827
1658828
1658833
1658834
1658851
1658860
1658864
1658870
1658875
1658877
1658895
1658897
1658898
1658899
1658900
1658902
1658903
1658905
1658909
1658910
1658911
1658912
1658913
1658914
1658918
1658919
1658922
1658923
1658924
1658925
1658926
1658927
1658928
1658929
1658932
1658933
1658934
1658935
1658936
1658939
1658940
1658941
1658943
1658946
1658951
1658954
1658957
1658958
1658959
1658961
1658972
1658984
1658987
1658996
1659003
1659014
1659024
1659027
1659028
1659030
1659040
1659052
1659060
1659068
1659069
1659084
1659085
1659105
1659118
1659128
1659129
1659131
1659132
1659133
1659136
1659137
1659149
1659155
1659158
1659164
1659219
1659220
1659230
1659476
1659478
1659483
1659485
1659486
1659488
1659547
1659575
1659580
1659581
1659650
1659770
1659771
1659782
1659783
1659784
1659785
1659790
1659791
1659794
1659798
1659800
1659801
1659802
1659803
1659804
1659805
1659806
1659808
1659810
1659811
1659812
1659816
1659818
1659821
1659822
1659823
1660208
1660209
1660212
1660220
1660221
1660363
1660365
1660367
1660368
1660377
1660381
1660382
1660940
1661062
1661063
1661257
1661258
1661392
1661395
1661396
1661621
1661630
1661631
1661635
1661636
1661637
1661641
1661652
1661660
1661669
1661715
1661747
1662014
1662016
1662018
1662020
1662272
1662284
1662286
1662314
1662316
1662322
1662330
1662331
1662332
1662333
1662424
1662463
1662464
1663022
1663127
1663208
1663209
1663210
1663356
1663667
1663843
1663875
1663905
1663959
1664191
1664194
1664196
1664199
1664200
1664204
1664207
1664213
1664216
1664218
1664219
1664220
1664223
1664226
1664233
1664244
1664246
1664247
1664809
1664810
1665345
1665361
1665420
1665475
1665644
1665645
1665646
1665647
1665648
1665649
1665650
1665651
1665652
1666987
1666988
1667230
1667232
1667233
1667234
1667235
1667322
1667369
1667373
1667378
1667384
1667587
1670601
1670602
1670662
1670663
1670664
1670669
1670671
1670675
1670677
1670678
1670679
1670944
1670965
1670973
1670975
1671380
1671382
1671396
1671405
1671407
1671411
1671413
1671415
1671417
1671418
1671422
1671423
1671426
1671427
1671600
1671798
1672380
1672381
1672382
1672383
1672384
1672385
1672394
1672395
1672404
1672407
1672411
1672418
1672420
1672424
1672434
1672435
1672441
1672445
1672447
1672450
1672460
1672464
1672471
1672472
1672476
1672478
1672482
1672486
1672487
1672500
1672511
1672522
1672529
1672544
1672546
1672549
1672555
1672556
1672559
1672572
1672581
1672594
1672596
1673065
1673633
1673637
1673638
1673640
1673642
1673643
1673645
1673646
1673681
1673871
1673872
1673873
1673874
1673875
1673876
1673877
1673878
1673884
1673885
1673886
1673887
1673889
1673892
1674926
1674927
1674928
1674930
1674945
1674967
1674968
1674969
1674970
1674971
1674972
1674973
1674974
1674975
1674976
1674977
1674991
1675000
1675001
1675008
1675010
1675011
1675012
1675014
1675027
1675028
1675029
1675030
1675309
1675317
1675529
1675531
1675543
1675544
1675548
1675549
1675550
1675551
1675552
1675553
1675554
1675555
1675556
1675557
1675570
1675571
1675584
1675588
1675590
1675593
1675595
1675598
1675599
1675600
1675601
1675602
1675603
1675606
1675607
1675608
1675609
1675862
1675863
1675864
1675865
1675866
1676029
1676033
1676097
1676122
1676181
1676182
1676183
1676184
1676185
1676254
1676255
1676256
1676267
1676469
1676471
1676472
1676473
1676474
1676475
1676476
1676477
1676478
1676480
1676481
1676482
1676483
1676844
1676845
1676848
1676851
1676855
1676859
1676958
1676988
1677763
1677770
1677771
1677772
1677809
1677897
1677898
1677899
1677943
1677947
1677949
1677950
1678003
1678004
1678078
1678082
1678141
1678142
1678143
1678144
1678145
1678146
1678147
1678159
1678160
1678161
1678162
1678163
1678164
1678165
1678166
1678167
1678168
1678169
1678170
1678171
1678172
1678173
1678174
1678175
1678176
1678178
1678179
1678180
1678181
1678182
1678183
1678184
1678185
1678186
1678187
1678208
1678224
1678225
1678227
1678228
1678229
1678230
1678231
1678234
1678251
1678345
1678599
1678772
1678781
1678786
1678905
1678906
1678934
1678947
1679172
1679238
1679239
1679241
1679445
1679502
1679524
1679527
1679530
1679696
1679697
1679698
1679849
1679850
1679881
1679882
1679884
1679885
1679889
1679890
1679895
1679896
1679904
1679907
1679908
1679909
1679910
1679911
1679912
1679915
1679916
1679917
1679918
1679920
1679921
1679933
1680129
1680130
1680643
1680644
1680650
1680651
1680652
1680653
1680654
1680655
1680656
1680657
1680658
1680659
1680660
1680661
1680662
1680663
1680664
1680665
1680666
1680894
1680908
1681861
1681878
1681886
1681894
1681908
1681924
1681942
1681968
1681975
1681982
1681983
1681996
1682009
1682185
1682186
1682187
1682339
1682340
1682341
1682363
1682370
1682371
1682380
1682394
1683433
1683434
1683460
1683461
1683462
1683464
1683467
1684115
1684171
1684228
1684244
1684251
1684512
1684513
1684514
1684515
1684750
1684751
1684825
1685090
1685109
1685110
1685500
1685501
1685502
1685697
1685724
1685725
1685726
1685727
1685729
1685730
1685731
1685732
1685733
1685734
1685735
1685736
1685737
1685738
1685739
1685740
1685741
1685742
1685743
1685744
1685745
1685746
1685747
1685748
1685749
1685750
1685751
1685752
1685753
1685754
1685755
1685756
1685757
1685758
1685759
1685760
1685761
1685762
1685763
1685764
1685765
1685767
1685768
1685769
1685770
1685771
1685772
1685773
1685774
1685775
1685776
1685777
1685778
1685779
1685780
1685781
1685783
1685784
1685785
1685786
1685953
1686327
1686407
1686408
1686431
1686464
1686465
1686594
1686595
1686597
1686819
1686827
1686842
1686849
1688516
1688620
1688624
1688625
1688627
1688637
1689660
1689679
1689785
1690001
1690006
1690031
1690032
1690034
1690035
1690255
1690262
1690263
1690425
1690426
1690427
1690428
1690431
1690456
1690666
1690672
1690684
1690685
1690686
1690687
1690688
1690689
1690690
1690691
1690692
1690693
1690694
1690695
1690696
1690697
1690699
1690700
1690701
1690702
1690703
1690704
1690705
1690706
1690707
1690708
1690709
1690710
1690711
1690712
1690713
1690714
1690715
1690716
1690717
1690718
1690719
1690720
1690721
1690722
1690723
1690724
1690725
1690726
1690727
1690728
1690729
1690730
1690731
1690732
1690733
1690734
1690735
1690736
1690737
1690738
1690739
1690740
1690741
1690742
1690743
1690744
1690745
1690746
1690747
1690748
1690749
1690750
1690751
1690752
1690753
1690754
1690755
1690756
1690757
1690758
1690759
1690760
1690761
1690762
1690763
1690764
1690765
1690766
1690767
1690768
1690769
1690770
1690771
1690772
1690773
1690774
1690775
1690776
1690777
1690778
1690779
1690780
1690781
1690783
1690784
1690785
1690786
1690787
1690788
1690790
1690791
1690792
1690793
1690794
1690795
1690796
1690797
1690798
1690799
1690800
1690801
1690802
1690803
1690804
1690805
1690806
1690809
1690813
1690814
1690816
1690817
1690818
1691462
1691464
1691465
1691468
1691469
1691471
1691472
1691475
1691477
1691478
1691481
1691485
1691488
1691491
1691492
1691494
1691496
1691498
1691499
1691889
1691954
1691955
1691956
1691958
1691962
1692023
1692027
1692045
1692107
1692151
1692152
1692153
1692155
1692156
1692171
1692191
1692242
1692243
1692244
1692245
1692246
1692247
1692248
1692249
1692250
1692251
1692252
1692253
1692254
1692255
1692256
1692257
1692258
1692259
1692260
1692261
1692262
1692263
1695189
1695193
1695221
1696542
1696543
1697322
1697325
1697328
1697329
1697330
1697331
1697332
1697333
1697334
1697335
1697336
1697338
1697341
1697349
1697440
1697442
1697443
1697444
1697445
1697802
1697811
1697813
1697814
1697816
1697819
1697821
1697831
1697836
1697842
1697843
1697847
1697850
1697851
1697867
1697918
1697976
1697977
1698018
1698019
1698020
1698021
1698022
1698023
1698027
1698028
1698033
1698034
1698252
1698253
1698330
1698331
1698332
1698333
1698334
1698336
1698337
1698338
1698340
1698341
1698343
1698344
1698346
1698347
1698348
1698349
1698350
1698351
1698352
1698356
1698357
1698358
1698359
1698360
1698361
1698362
1698363
1698366
1698367
1698369
1698417
1698419
1698420
1698421
1698423
1698439
1698440
1698441
1698451
1698522
1698523
1698708
1698709
1698710
1698711
1698712
1698713
1698714
1698715
1698716
1698796
1699092
1699094
1699095
1699096
1699255
1699258
1699259
1699264
1699265
1699266
1699268
1699269
1699270
1699271
1699316
1699322
1699324
1699329
1699339
1699342
1699344
1699352
1699360
1699361
1699588
1699600
1699633
1699652
1699888
1700833
1701257
1701259
1701260
1701401
1701404
1701405
1701431
1701432
1701435
1701437
1701440
1701450
1701466
1701503
1701507
1701515
1701549
1701671
1701764
1701793
1701798
1701799
1701800
1701802
1701803
1701804
1701805
1701806
1701807
1701808
1701809
1701810
1701811
1701812
1701813
1701814
1701816
1701817
1701819
1701820
1701821
1701824
1701825
1701826
1701827
1701828
1701830
1701831
1701832
1701834
1701835
1701837
1701841
1701842
1701844
1701845
1701846
1701847
1701848
1701849
1701850
1701851
1701853
1701854
1701863
1701866
1701888
1701890
1701891
1701892
1701893
1701894
1701927
1701939
1701940
1701941
1701957
1702121
1702122
1702259
1702318
1702589
1702590
1702593
1702594
1702596
1702599
1702600
1703222
1703562
1703664
1703716
1703994
1703996
1703998
1704000
1704001
1704003
1704004
1704090
1704097
1704099
1704100
1704101
1704102
1704103
1704104
1704105
1704107
1704108
1704109
1704110
1704111
1704112
1704114
1704115
1704117
1704519
1704520
1704521
1705090
1705092
1705093
1705128
1705133
1705138
1705259
1705297
1705352
1705427
1705590
1705591
1705594
1705618
1706310
1706312
1706316
1706318
1706319
1706323
1706325
1706327
1706328
1706341
1706343
1706361
1706830
1706831
1706852
1706853
1707317
1707318
1707319
1707321
1707323
1707324
1707325
1707330
1707363
1707377
1707998
1708016
1708034
1708035
1708326
1708327
1708328
1708330
1708331
1708332
1708333
1708334
1708335
1708336
1708337
1708338
1708339
1708340
1708341
1708342
1708343
1708344
1708346
1708348
1708367
1708368
1708380
1708381
1708382
1708385
1708386
1708387
1708389
1708390
1708391
1708392
1708393
1708394
1708395
1708404
1708482
1708483
1708484
1708485
1708486
1708487
1708488
1708572
1708574
1708653
1708654
1708711
1708788
1710500
1710501
1710503
1710861
1710863
1710879
1711625
1711684
1711685
1711929
1712387
1712389
1712394
1712517
1712519
1712520
1712521
1712523
1712524
1712525
1712526
1712527
1712528
1712529
1712530
1712531
1712532
1712533
1712534
1712535
1712537
1712539
1712570
1712572
1712669
1713550
1713555
1713565
1713566
1713567
1713575
1713580
1713588
1713590
1713592
1713600
1713604
1713606
1713612
1713622
1713624
1714267
1714268
1714269
1714272
1714273
1714296
1714297
1714298
1714362
1714363
1714364
1714365
1714366
1714367
1714368
1714369
1714370
1714376
1714377
1714570
1714618
1714619
1714621
1714622
1714780
1714781
1714785
1714788
1714790
1714794
1715288
1715290
1715291
1715292
1715293
1715295
1715653
1715657
1715659
1715664
1715665
1715670
1715671
1715675
1715695
1715778
1715779
1715780
1715781
1715782
1716041
1716042
1716631
1716704
1716714
1716742
1716786
1716789
1716795
1716832
1716884
1716903
1716992
1717043
1717090
1717098
1717132
1717143
1717144
1717146
1717147
1717148
1717149
1717150
1717151
1717152
1717153
1717154
1717189
1717190
1717191
1717192
1717193
1717195
1717196
1717197
1717198
1717199
1717200
1717201
1717202
1717203
1717204
1717206
1717207
1717879
1717880
1718158
1718159
1718160
1718161
1718166
1718171
1718172
1718174
1718175
1718177
1718179
1718180
1718181
1718185
1718187
1718190
1718273
1718278
1718279
1718280
1718281
1718592
1718594
1718595
1718599
1718600
1718601
1718606
1718669
1718840
1718841
1718842
1719002
1719003
1719004
1719006
1719007
1719008
1719009
1719010
1719011
1719012
1719013
1719014
1719015
1719016
1719017
1719019
1719020
1719021
1719022
1719023
1719038
1719039
1719040
1719041
1719042
1719043
1719044
1719045
1719047
1719048
1719049
1719050
1719051
1719140
1719191
1719192
1719197
1719263
1719264
1719265
1719266
1719267
1719268
1719269
1719273
1719300
1719302
1719314
1719320
1719323
1719337
1719691
1719695
1719698
1719699
1719704
1719709
1719711
1719724
1720085
1720095
1720323
1720324
1720493
1720494
1720495
1720498
1720499
1720500
1720501
1720503
1720504
1720526
1720595
1720829
1720836
1720838
1720839
1720843
1720845
1720852
1721090
1721103
1721105
1723362
1723446
1723728
1725127
1725329
1725367
1727160
1728943
1728946
1728950
1728956
1728958
1728964
1728987
1728988
1728992
1729003
1729007
1729141
1729374
1729381
1729383
1729385
1729387
1729390
1729391
1729392
1729393
1729399
1729402
1729403
1729406
1729407
1729410
1729411
1729424
1729428
1729432
1729434
1729654
1729655
1729670
1729906
1729907
1729934
1729936
1729937
1730924
1730926
1730927
1730928
1730929
1730930
1730931
1730940
1730942
1730949
1730950
1730954
1730980
1730988
1730990
1731022
1731028
1731031
1731036
1731039
1731044
1731047
1731050
1731056
1731072
1731074
1731079
1731080
1731081
1731082
1731087
1731094
1731100
1731102
1731111
1731112
1731114
1731115
1731116
1731119
1731128
1731130
1731133
1731136
1731139
1731147
1731148
1731150
1731159
1731163
1731167
1731170
1731171
1731173
1731174
1731175
1731179
1731184
1731185
1731188
1731199
1731201
1731207
1731209
1731210
1731213
1731216
1731217
1731218
1731219
1731220
1731223
1731236
1731238
1731248
1731260
1731267
1731268
1731269
1731270
1731273
1731278
1731281
1731298
1731303
1731306
1731308
1731314
1731316
1731332
1731350
1731351
1731353
1731354
1731357
1731372
1731374
1731379
1731389
1731394
1731395
1731402
1731413
1731417
1731419
1731423
1731429
1731433
1731434
1731445
1731467
1731472
1731482
1731485
1731486
1731488
1731505
1731513
1731514
1731515
1731517
1731524
1731526
1731527
1731529
1731539
1731542
1731550
1731553
1731557
1731560
1731577
1731578
1731583
1731584
1731585
1731589
1731593
1731596
1731598
1731599
1731603
1731604
1731612
1731614
1731618
1731621
1731626
1731629
1731630
1731634
1731636
1731639
1731642
1731647
1731650
1731653
1731659
1731664
1731667
1731674
1731677
1731679
1731692
1731694
1731741
1731745
1731753
1731754
1731756
1731757
1731761
1731783
1731794
1731804
1731819
1731822
1731829
1731832
1731834
1731841
1731843
1731844
1731847
1731857
1731860
1731861
1731872
1731878
1731885
1731898
1731906
1731914
1731915
1731918
1731920
1731921
1731924
1731925
1731938
1731939
1731940
1731950
1731951
1731957
1731971
1731984
1731985
1732025
1732063
1732064
1732172
1732173
1732174
1732175
1732176
1732177
1732178
1732179
1732180
1732297
1733586
1733605
1733606
1733609
1733610
1733616
1733618
1733619
1733621
1733627
1733628
1733629
1733639
1733640
1733642
1733644
1733646
1733647
1733654
1733657
1733676
1733677
1733678
1733683
1733690
1733694
1733697
1733699
1733702
1733703
1733706
1733712
1733713
1733715
1733726
1733736
1733739
1733753
1733759
1733762
1733765
1733777
1733782
1733784
1733792
1733795
1733801
1733810
1733820
1733822
1733827
1733828
1733830
1733834
1733840
1733842
1733843
1733845
1733846
1733853
1733857
1733862
1733868
1733870
1733873
1733874
1733876
1733882
1733883
1734220
1734227
1734230
1734231
1734235
1734242
1734243
1734245
1734249
1734252
1734254
1734255
1734259
1734262
1734265
1734266
1734267
1734270
1734273
1734274
1734276
1734282
1734283
1734287
1734292
1734294
1734295
1734296
1734298
1734303
1734305
1734308
1734310
1734315
1734318
1734324
1734327
1734328
1734329
1734332
1734333
1734336
1734337
1734341
1734344
1734357
1734360
1734362
1734363
1734364
1734366
1734374
1734375
1734377
1734379
1734382
1734439
1734440
1734441
1734442
1734443
1734480
1735029
1735033
1735037
1735281
1735462
1735464
1735465
1735466
1735561
1735562
1735565
1735574
1735582
1735586
1735587
1735591
1735645
1735646
1735650
1735698
1735699
1735700
1735701
1735702
1735721
1735722
1736109
1736634
1736705
1736709
1736713
1736720
1736759
1736767
1736783
1736786
1736787
1736790
1736793
1736795
1736796
1736798
1736799
1736800
1736802
1736803
1736804
1736805
1737090
1737093
1737150
1737151
1737152
1737156
1737157
1737160
1737168
1737170
1737175
1737179
1737181
1737182
1737189
1737191
1737198
1737199
1737200
1737202
1737204
1737208
1737216
1737220
1737223
1737229
1737240
1737248
1737250
1737258
1737262
1737263
1737266
1737267
1737275
1737278
1737279
1737281
1737282
1737285
1737289
1737294
1737296
1737299
1737344
1737345
1737346
1737463
1737465
1737467
1737522
1737523
1737565
1737583
1737586
1737587
1737588
1738045
1738445
1738604
1738772
1739607
1739608
1739609
1739610
1739611
1739614
1739625
1739631
1739952
1739954
1739957
1739960
1739963
1739966
1739967
1739968
1739971
1739985
1740018
1740036
1740050
1740055
1740060
1740071
1740165
1740343
1740348
1740360
1740361
1740362
1740644
1740645
1740646
1740647
1740648
1740824
1740830
1740835
1740836
1740837
1740838
1740841
1740843
1740847
1740848
1740849
1740851
1740852
1740853
1740854
1740855
1740857
1742422
1742594
1742595
1742596
1742752
1743003
1743006
1743007
1743015
1743016
1743021
1743053
1743398
1743410
1743411
1744851
1744859
1744860
1744862
1744867
1744961
1745247
1745248
1745249
1745250
1746030
1746057
1746058
1746059
1746060
1746061
1746062
1746063
1746064
1746065
1746066
1746067
1746068
1746069
1746070
1746071
1746072
1746073
1746074
1746079
1746080
1746081
1746082
1746087
1747098
1747099
1747100
1747271
1747282
1747286
1747287
1747288
1747289
1747326
1747351
1747352
1747359
1747360
1747451
1747452
1747453
1747454
1747458
1747460
1747461
1747465
1747466
1747478
1747480
1747488
1747489
1747491
1747492
1747493
1747494
1747500
1747622
1747627
1747629
1747630
1747631
1747633
1747637
1747648
1747667
1747713
1747714
1748291
1748293
1748294
1748295
1748773
1749251
1750545
1750546
1750549
1750551
1750553
1750559
1750576
1750702
1750703
1750712
1751288
1751292
1751293
1751318
1751319
1751322
1751323
1751324
1751327
1751328
1751331
1751332
1751333
1751334
1751335
1751336
1751337
1751338
1751339
1751341
1751342
1751343
1751345
1751347
1751349
1751350
1751352
1751362
1751363
1751366
1751368
1751370
1751373
1751374
1751375
1751376
1751377
1751378
1751379
1751380
1751381
1751382
1751383
1751384
1751386
1751387
1751390
1751391
1751392
1751394
1751395
1751396
1751398
1751400
1751402
1751403
1751413
1751434
1751439
1751447
1751458
1751470
1751472
1751481
1752000
1752001
1752003
1752008
1752009
1752010
1752011
1752027
1752028
1752057
1752536
1752544
1752583
1752648
1752655
1752874
1752928
1752929
1752930
1754052
1754053
1754054
1754055
1754056
1754209
1754210
1754216
1754217
1755197
1755198
1755290
1755307
1755308
1755310
1755328
1755358
1755361
1755363
1755401
1755409
1755415
1755467
1755587
1755588
1755589
1755590
1755679
1755681
1755682
1755689
1755690
1755692
1755694
1755695
1755696
1755697
1755734
1755752
1755753
1755754
1755781
1755782
1755785
1755787
1755791
1755792
1755794
1755795
1755796
1755917
1755962
1755966
1755967
1755974
1755976
1755977
1755985
1755986
1755987
1756028
1756034
1756035
1756037
1756045
1756046
1756048
1756049
1756050
1756053
1756054
1756056
1756060
1756063
1756065
1756066
1756068
1756069
1756070
1756071
1756074
1756079
1756081
1756088
1756090
1756157
1756184
1756186
1756189
1756190
1756191
1756285
1756286
1756420
1756422
1756436
1756437
1756438
1756439
1756440
1756441
1756442
1756444
1756445
1756615
1756832
1757096
1757099
1757100
1757102
1757103
1757104
1757105
1757106
1757107
1757108
1757109
1757110
1757112
1757113
1757114
1757115
1757116
1757117
1757118
1757119
1757121
1757122
1757125
1757126
1757127
1757128
1757129
1757130
1757131
1757133
1757134
1757138
1757139
1757143
1757144
1757149
1757150
1757169
1757171
1757173
1757174
1757177
1757191
1757193
1757198
1757202
1757219
1757221
1757233
1757234
1757235
1757237
1757241
1757242
1757247
1757255
1757257
1757264
1757269
1757270
1757271
1757272
1757279
1757283
1757284
1757288
1757300
1757301
1757306
1757313
1757314
1757315
1757316
1757318
1757324
1757334
1757341
1757345
1757347
1757348
1757353
1757354
1757356
1757359
1757361
1757363
1757365
1757366
1757370
1757371
1757373
1757374
1757375
1757377
1757378
1757384
1757385
1757389
1757396
1757397
1757398
1757401
1757402
1757406
1757409
1757411
1757415
1757421
1757428
1757432
1757434
1757436
1757440
1757443
1757450
1757459
1757462
1757463
1757465
1757466
1757480
1757483
1757486
1757488
1757490
1757493
1757496
1757497
1757498
1757499
1757504
1757507
1757509
1757510
1757514
1757516
1757517
1757520
1757524
1757529
1757532
1757534
1757537
1757540
1757541
1757542
1757543
1757546
1757550
1757552
1757553
1757554
1757561
1757569
1757570
1757571
1757572
1757574
1757575
1757577
1757578
1757581
1757582
1757584
1757585
1757588
1757590
1757593
1757594
1757598
1757599
1757600
1757607
1757608
1757609
1757611
1757613
1757617
1757628
1757631
1757636
1757641
1757642
1757651
1757652
1757654
1757656
1757657
1757661
1757664
1757673
1757675
1757677
1757678
1757679
1757680
1757684
1757687
1757688
1757689
1757691
1757694
1757698
1757699
1757700
1757701
1757703
1757706
1757707
1757708
1757709
1757711
1757717
1757720
1757730
1757731
1757733
1757734
1757735
1757736
1757737
1757741
1757742
1757743
1757745
1757746
1757747
1757749
1757754
1757755
1757758
1757759
1757760
1757761
1757762
1757765
1757771
1757774
1757775
1757777
1757780
1757788
1757789
1757792
1757793
1757797
1757808
1757810
1757820
1757821
1757822
1757824
1757830
1757831
1757832
1757842
1757846
1757848
1757850
1757861
1757863
1757866
1757873
1757878
1757880
1757881
1757882
1758118
1758139
1758150
1758210
1758214
1758225
1758690
1758729
1758832
1758833
1758878
1758881
1758882
1758883
1759507
1759510
1759523
1759525
1759531
1759532
1760860
1760866
1760871
1760873
1760874
1760877
1760879
1760880
1760881
1760882
1760883
1760895
1760901
1760902
1760904
1760911
1760914
1760915
1760916
1760918
1760919
1760921
1760923
1760924
1760925
1760926
1760929
1760930
1760931
1760952
1760960
1760963
1761477
1761479
1761480
1761481
1761482
1761483
1761484
1761485
1761486
1761487
1761488
1761489
1761490
1761491
1761492
1761493
1761495
1761499
1761501
1761502
1761503
1761506
1761507
1761509
1761510
1761514
1761515
1761520
1761522
1761523
1761525
1761526
1761527
1761529
1761530
1761533
1761534
1761536
1761538
1761540
1761541
1761542
1761544
1761545
1761548
1761551
1761552
1761554
1761556
1761557
1761558
1761559
1761562
1761563
1761565
1761566
1761568
1761569
1761570
1761573
1761574
1761575
1761578
1761580
1761581
1761583
1761585
1761587
1761591
1761600
1761601
1761603
1761604
1761607
1761608
1761612
1761613
1761614
1761615
1761618
1761621
1761624
1761626
1761627
1761630
1761631
1761632
1761635
1761636
1761638
1761639
1761640
1761641
1761642
1761644
1761645
1761646
1761647
1761650
1761651
1761663
1761932
1761935
1762012
1762013
1762015
1762023
1762895
1763410
1763507
1763577
1763584
1763596
1763623
1763697
1763698
1763701
1763702
1763703
1763706
1763707
1763708
1763710
1763711
1763712
1763713
1763717
1763718
1763719
1763720
1763723
1763724
1763726
1763727
1763728
1763730
1763732
1763733
1764076
1764080
1764085
1764086
1764087
1765002
1765003
1765647
1765671
1765736
1765754
1766174
1766176
1766177
1766179
1766181
1766182
1766183
1766184
1766189
1766192
1766193
1766194
1766195
1766196
1766198
1766394
1766395
1766397
1766399
1766400
1766401
1766402
1766404
1766408
1766417
1766439
1766442
1766445
1766449
1766451
1766457
1766459
1766461
1766465
1766468
1766469
1766470
1766471
1766479
1766480
1766481
1766483
1766484
1766485
1766486
1766492
1766503
1766504
1766505
1766508
1766510
1766515
1766519
1766520
1766521
1766523
1766531
1766532
1766534
1766536
1766538
1766539
1766554
1766555
1766556
1766557
1766558
1766559
1766560
1766561
1766562
1766563
1766564
1766565
1766566
1766567
1766765
1766767
1766806
1766808
1766809
1766812
1766815
1766818
1766820
1766824
1766827
1766828
1766829
1768028
1768064
1768211
1768871
1768874
1768875
1769248
1769580
1769581
1769582
1769583
1769584
1769586
1769590
1769591
1769592
1769599
1769614
1769631
1769632
1769633
1769634
1769635
1769636
1769638
1769640
1769642
1769643
1769645
1769646
1769649
1769650
1769651
1769652
1769656
1769657
1769658
1769659
1769660
1769663
1769664
1769665
1769666
1769667
1769668
1769669
1769670
1769671
1769672
1769673
1769674
1769675
1769677
1769678
1769679
1769680
1769683
1769684
1769688
1769691
1769693
1769695
1769698
1769699
1769700
1769701
1769703
1769704
1769705
1769706
1769707
1769778
1769780
1769781
1769946
1769947
1769948
1769949
1770043
1770044
1770084
1770086
1770087
1770088
1770168
1770232
1770233
1770265
1770613
1770615
1770617
1770618
1771154
1771170
1771172
1771178
1771179
1771182
1771183
1771184
1771185
1771186
1771189
1771190
1771191
1771195
1771198
1771958
1772055
1772058
1772059
1772060
1772106
1772110
1772218
1772219
1772226
1772227
1772228
1772229
1772230
1772231
1772233
1772235
1772236
1772237
1772238
1772239
1772240
1772242
1772243
1772244
1772245
1772246
1772247
1772249
1772258
1772259
1772260
1772261
1772262
1772263
1772264
1772291
1772292
1772293
1772294
1772295
1772296
1772297
1772298
1772301
1772302
1772303
1772304
1772305
1772306
1772307
1772308
1772309
1772310
1772311
1772312
1772313
1772314
1772315
1772317
1772318
1772319
1772320
1772322
1772323
1772326
1772327
1772328
1772332
1774144
1774148
1774150
1774200
1774276
1774282
1774462
1774475
1774508
1774517
1774525
1774527
1774532
1774533
1774537
1774542
1774544
1774545
1774549
1774551
1774554
1774555
1774556
1774557
1774561
1774564
1774565
1774566
1774568
1774572
1774573
1774578
1774707
1774756
1774757
1774758
1774761
1774762
1774763
1774765
1774768
1774771
1774772
1774775
1774777
1774778
1774779
1774783
1774784
1774785
1774786
1774787
1774788
1774789
1774790
1774791
1774792
1774793
1774795
1774796
1774799
1774800
1774802
1774803
1774804
1774805
1774806
1774807
1774808
1774809
1774810
1774811
1774812
1774813
1774814
1774815
1774816
1774817
1774818
1774819
1774820
1774821
1774822
1774824
1774835
1774840
1774846
1774847
1774848
1774849
1774852
1774856
1774859
1774861
1774862
1774863
1774864
1774865
1774867
1774868
1774869
1774870
1774871
1774872
1774874
1774875
1774876
1774877
1774878
1774881
1774882
1774883
1774884
1774885
1774887
1774888
1774889
1774890
1774891
1774892
1774893
1774894
1774895
1774896
1774897
1774898
1774899
1774900
1774901
1774902
1774903
1774904
1774905
1774906
1774907
1774908
1774909
1774911
1774912
1774913
1774914
1774916
1774917
1774918
1774919
1774920
1774921
1774922
1774924
1774925
1774926
1774927
1775140
1775141
1775142
1775248
1775249
1775250
1775255
1775256
1775283
1775428
1775456
1775479
1775481
1775482
1775483
1775485
1775486
1775489
1775490
1775726
1775729
1775730
1775735
1775946
1775957
1775963
1776109
1776119
1776121
1776125
1776130
1776132
1776133
1776137
1776139
1776140
1776143
1776144
1776152
1776153
1776154
1776177
1776293
1776356
1776359
1776360
1776362
1776363
1776364
1776679
1776684
1776703
1776704
1776711
1776715
1776717
1776719
1776720
1776721
1776763
1777013
1777015
1777016
1777047
1777052
1777053
1777054
1777059
1777060
1777061
1777062
1777063
1777064
1777065
1777066
1777069
1777070
1777122
1777766
1777773
1777774
1777779
1777780
1777781
1777782
1777788
1777789
1777790
1777796
1777882
1777883
1777884
1777885
1777886
1777887
1777888
1777889
1777985
1777986
1778194
1778196
1778340
1778342
1778344
1778347
1778348
1778351
1778352
1778353
1778354
1778357
1778362
1778377
1778378
1778550
1778558
1778559
1778560
1778561
1778570
1778572
1778573
1778580
1778679
1778681
1778683
1778686
1778687
1778696
1778718
1778734
1778737
1778738
1779339
1779340
1779714
1779830
1779831
1779833
1779837
1779843
1779865
1779868
1779880
1779918
1779924
1779933
1779946
1779955
1779965
1779969
1779998
1780010
1780011
1780025
1780058
1780314
1780315
1780317
1780322
1780325
1780507
1781241
1781329
1783372
1783377
1783379
1783383
1783388
1783393
1783407
1783420
1783421
1783422
1783423
1783426
1783427
1783428
1783429
1783431
1783432
1783433
1783547
1784783
1784827
1784834
1784843
1784939
1784947
1784948
1784956
1784959
1784973
1784974
1784975
1784979
1784980
1784981
1784982
1785076
1785102
1785103
1785104
1785176
1785753
1785958
1785959
1785960
1785984
1788294
1788309
1788315
1788413
1788415
1788416
1788418
1788419
1788420
1788421
1788425
1788427
1788428
1788429
1788430
1788431
1788432
1788433
1788434
1788435
1788436
1788437
1788438
1788439
1788440
1788441
1788442
1788443
1788444
1788445
1788446
1788447
1788448
1788449
1788450
1788451
1788452
1788453
1788454
1788455
1788458
1788459
1788461
1788462
1788465
1788480
1788483
1788540
1788567
1788618
1788631
1788632
1788637
1788652
1788662
1788675
1788682
1788691
1788696
1788706
1788708
1788710
1788718
1788726
1788728
1788738
1788745
1788749
1788757
1788763
1788775
1788779
1788799
1788808
1788813
1788814
1788827
1788834
1788836
1788844
1788845
1788853
1788857
1788858
1788859
1788862
1788863
1788870
1788877
1788881
1788882
1788884
1789071
1789073
1789082
1789083
1789085
1789086
1789087
1789090
1789106
1789113
1789114
1789115
1789116
1789118
1789121
1789122
1789123
1789131
1789137
1789139
1789145
1789147
1789148
1789166
1789168
1789171
1789176
1789177
1789179
1789184
1789202
1789204
1789208
1789209
1789441
1789450
1789454
1789455
1789460
1789464
1789466
1789467
1789468
1789470
1789471
1789472
1789473
1789474
1789475
1789480
1789481
1789482
1789484
1789488
1789489
1789493
1789494
1789495
1789499
1789500
1789505
1789506
1789508
1789509
1789510
1789514
1789522
1789524
1789526
1789531
1789532
1789535
1789536
1789537
1789539
1789540
1789544
1789545
1789546
1789651
1789653
1789698
1789699
1789701
1789706
1789707
1789708
1789710
1789711
1789714
1789715
1789717
1789719
1789720
1789722
1789727
1789799
1789802
1789807
1789815
1789837
1789838
1789839
1789840
1789843
1789845
1789847
1789848
1789851
1789856
1789857
1789858
1789863
1789867
1789868
1789869
1789870
1789871
1789873
1789876
1789877
1789882
1789884
1789885
1789886
1789894
1789895
1789896
1789897
1789899
1789902
1789905
1789907
1789908
1789913
1789916
1789925
1789931
1789933
1789934
1789939
1789941
1789942
1789943
1789944
1789950
1789951
1789952
1789953
1789954
1790067
1790069
1790070
1790071
1792032
1792149
1792222
1792245
1792253
1792264
1792269
1792272
1792273
1792274
1792287
1792288
1792289
1792497
1792571
1792583
1792584
1792587
1792588
1792724
1792725
1792726
1792727
1792728
1792806
1792807
1792808
1792809
1792810
1792811
1792812
1792813
1792814
1792815
1792832
1792983
1793001
1793006
1793009
1793087
1793875
1793895
1793898
1793904
1793905
1793906
1793909
1793911
1793912
1793913
1793915
1793916
1793917
1793918
1794765
1794766
1794767
1794771
1794772
1794773
1794774
1794775
1794778
1794779
1794780
1794781
1794782
1794784
1794786
1794788
1794790
1794792
1794793
1794796
1794797
1794798
1794799
1794800
1794801
1794802
1794886
1794889
1794892
1794893
1794894
1794896
1795037
1795042
1795311
1795312
1795313
1795315
1795316
1795360
1795361
1795362
1795436
1795437
1795438
1795439
1795442
1795443
1795643
1795644
1795645
1795648
1795649
1795650
1795651
1795652
1795983
1795984
1795985
1795988
1795989
1795990
1795991
1795994
1795996
1795998
1795999
1796000
1796003
1796005
1796007
1796008
1796009
1796010
1796011
1796012
1796016
1796017
1796018
1796069
1796070
1796071
1796072
1796097
1796992
1796993
1796994
1796995
1796996
1796997
1796998
1797099
1797140
1798085
1798161
1798731
1798732
1798736
1798738
1798740
1798742
1798747
1802812
1802815
1802827
1802836
1802839
1802845
1802935
1802936
1802937
1802938
1802944
1802945
1802946
1802947
1802948
1802949
1802951
1802987
1802988
1802989
1802993
1802995
1803001
1803003
1803006
1803015
1803016
1803018
1803022
1803023
1803024
1803025
1803026
1803027
1803029
1803034
1803263
1803388
1803389
1803390
1803391
1803392
1803393
1803394
1803531
1803533
1803535
1803536
1803537
1803540
1803543
1803544
1803545
1803562
1803570
1803571
1803572
1803898
1803956
1803957
1803958
1803959
1803960
1804153
1804154
1804155
1804156
1804157
1804237
1804248
1804257
1804263
1804284
1804297
1804320
1804335
1804367
1804388
1804397
1804458
1804467
1804512
1804525
1804528
1804530
1804534
1804554
1804589
1805456
1805457
1805458
1805459
1805460
1805463
1805464
1805465
1805466
1805467
1805468
1805492
1805494
1805601
1805626
1805628
1805948
1805949
1805950
1805951
1805952
1805953
1805954
1805955
1805956
1805958
1805959
1806468
1806540
1806541
1806543
1806545
1806546
1806567
1806636
1806637
1807183
1807189
1807204
1807206
1807511
1807525
1807526
1807527
1807528
1807529
1807530
1807531
1807532
1807534
1807535
1807536
1807537
1807538
1807540
1807541
1807542
1807543
1807544
1807545
1807546
1807548
1807551
1807553
1807554
1807555
1807556
1807557
1807558
1807560
1807561
1807562
1807563
1807565
1807568
1807569
1807572
1807573
1807574
1807575
1807576
1807578
1807579
1807580
1807582
1807583
1807584
1807585
1807586
1807588
1807590
1807592
1807593
1807594
1807595
1807596
1807597
1807598
1807599
1807600
1807601
1807603
1807606
1807607
1807609
1807610
1807611
1807612
1807613
1807615
1807616
1807618
1807622
1807625
1807630
1807631
1807634
1807638
1807639
1807641
1807645
1807646
1807647
1807648
1807649
1807650
1807652
1807653
1807654
1807655
1807656
1807657
1807658
1807659
1807662
1807666
1807667
1807668
1807669
1807670
1807671
1807672
1807673
1807674
1807675
1807676
1807677
1807678
1807693
1807695
1807702
1807709
1807712
1807713
1807715
1807719
1807762
1807764
1807787
1807788
1807789
1807792
1807793
1807794
1807795
1807796
1807797
1807798
1807799
1807800
1807801
1807802
1807803
1807804
1807805
1807806
1807807
1807808
1807809
1807810
1807811
1807812
1807813
1807814
1807815
1807816
1807933
1808960
1808970
1808974
1809107
1809108
1809112
1809222
1809223
1809224
1809242
1809243
1809451
1809460
1809651
1809652
1809653
1809654
1809655
1809660
1809663
1809664
1809677
1809680
1809682
1809767
1810396
1810705
1810936
1810938
1810940
1810944
1810945
1810946
1810947
1810950
1810951
1810952
1811230
1811408
1811503
1811839
1811840
1811843
1811848
1811850
1811852
1811854
1811856
1811929
1811930
1811931
1811932
1812173
1812174
1812175
1812176
1812179
1812264
1812265
1812266
1812267
1812268
1812269
1812270
1812308
1812914
1813598
1813599
1813613
1813614
1813615
1813651
1813655
1813658
1813659
1813664
1813769
1813771
1813773
1813774
1813777
1813779
1813781
1813782
1813783
1813867
1813868
1813869
1813870
1813887
1813888
1814004
1814015
1814226
1814233
1814234
1814235
1814271
1814273
1814274
1814279
1814283
1814284
1814957
1814958
1814959
1814960
1815499
1815507
1815508
1815509
1815510
1815511
1815521
1815522
1815523
1815525
1815527
1815528
1815529
1815530
1815541
1815548
1815550
1815554
1815581
1815582
1815590
1815608
1815609
1815630
1815631
1815955
1815956
1815957
1815968
1815969
1815972
1815973
1815975
1815976
1815977
1815983
1815984
1815985
1815986
1815987
1815988
1815989
1816137
1816145
1816155
1816157
1816163
1816170
1816172
1816174
1816242
1816289
1816290
1816293
1816294
1816296
1816484
1816485
1816486
1816487
1816488
1816787
1816792
1817368
1817369
1817370
1817373
1817375
1817376
1817526
1817930
1817932
1817935
1817938
1817939
1817947
1817948
1817949
1818010
1818011
1818107
1819185
1819187
1819192
1819194
1819195
1819199
1819200
1819209
1819246
1819301
1819302
1819303
1819304
1819305
1819306
1819307
1819364
1819365
1819366
1819367
1819678
1819751
1819752
1819945
1819947
1819953
1819955
1819956
1819957
1819959
1819970
1819971
1819983
1819984
1819995
1820046
1820157
1820158
1820159
1820160
1820326
1820537
1820538
1820539
1820544
1820548
1820549
1820551
1820552
1820553
1820555
1820556
1820557
1820558
1820559
1820560
1820562
1820563
1820566
1820567
1820568
1820570
1820573
1820574
1820576
1820579
1820580
1820581
1820584
1820587
1820588
1820589
1820590
1820591
1821058
1821060
1821094
1821095
1821096
1821099
1821101
1821106
1821109
1821110
1821113
1821115
1821119
1821121
1821122
1821123
1821124
1821125
1821131
1821133
1821134
1821135
1821137
1821222
1821227
1821228
1821537
1821538
1821539
1821541
1821545
1821549
1821551
1821552
1821553
1821554
1821556
1821557
1821558
1821559
1821560
1821561
1821562
1821563
1821564
1821565
1821566
1821720
1821721
1821722
1821723
1821724
1821725
1821726
1821727
1821728
1821743
1821745
1821746
1821748
1821749
1821750
1821751
1821752
1821753
1821754
1821755
1822035
1822276
1822293
1822303
1822304
1822305
1822307
1822309
1822311
1822324
1822325
1822326
1822327
1822329
1822330
1822365
1823757
1823772
1823779
1823782
1823808
1823824
1823828
1823829
1823840
1823850
1823856
1823873
1823875
1823879
1823884
1823892
1823898
1823900
1823907
1823910
1823912
1823918
1823920
1823922
1823926
1823933
1823938
1823951
1823955
1823957
1823967
1823971
1823990
1824004
1824007
1824010
1824012
1824013
1824029
1824034
1824041
1824043
1824066
1824080
1824108
1824110
1824124
1824126
1824132
1824133
1824151
1824161
1824163
1824169
1824174
1824175
1824177
1824180
1824181
1824186
1824188
1824193
1824194
1824195
1824199
1824204
1824208
1824215
1824224
1824226
1824228
1824232
1824240
1824247
1824249
1824250
1824251
1824253
1824256
1824257
1824258
1824262
1824270
1824275
1824276
1824277
1824278
1824279
1824288
1824299
1824300
1824302
1824303
1824304
1824307
1824308
1824309
1824326
1824353
1824354
1824357
1824358
1824359
1824360
1824362
1824384
1824389
1824392
1824394
1824396
1824399
1824402
1824404
1824411
1824416
1824418
1824421
1824424
1824428
1824431
1824444
1824501
1824505
1824507
1824837
1824957
1825108
1825110
1825114
1825115
1825116
1825500
1825555
1825558
1825560
1825562
1825563
1825564
1825565
1825681
1825688
1825900
1825924
1825931
1825950
1826059
1826170
1826661
1826662
1826822
1826876
1827005
1828346
1828347
1828353
1828531
1828539
1828540
1828541
1828542
1828543
1828544
1828546
1828547
1828549
1828550
1828551
1830242
1830252
1830253
1830255
1830271
1830272
1830273
1830274
1830275
1830276
1830278
1830279
1830281
1830288
1830290
1830291
1830293
1830295
1830299
1830303
1830304
1830306
1833783
1833784
1833785
1833786
1833787
1833788
1833824
1833825
1833897
1833899
1833900
1833928
1833929
1833938
1834896
1834897
1834898
1834899
1834900
1834902
1834905
1834907
1834908
1834912
1834915
1834916
1834917
1835008
1835087
1835088
1835091
1835094
1835095
1835096
1835098
1835655
1835656
1835657
1835658
1835660
1835793
1835794
1835795
1835814
1835830
1835837
1835849
1835852
1835889
1835895
1835910
1835921
1835945
1835949
1835951
1835960
1835968
1835970
1835971
1835974
1835977
1835980
1835997
1836013
1836022
1836025
1836027
1836170
1836173
1836537
1836538
1836539
1836544
1836550
1836595
1836608
1837089
1837131
1837216
1837217
1837218
1837219
1837812
1837826
1837829
1837830
1837841
1837842
1837850
1837862
1837867
1837875
1837876
1837877
1837930
1837931
1837936
1838061
1838062
1838063
1838064
1838065
1838066
1838067
1838070
1838071
1838072
1838073
1838074
1838075
1838077
1838078
1838079
1838081
1838083
1838084
1838137
1838138
1838151
1838152
1838153
1838154
1838155
1838156
1838157
1838158
1839618
1839627
1839633
1839649
1839652
1839654
1839658
1839659
1839660
1839661
1839663
1839664
1839665
1839666
1839667
1839668
1839669
1839670
1839671
1839672
1840167
1840221
1840222
1840223
1840226
1840227
1840228
1840229
1840230
1840231
1840236
1840528
1840581
1840622
1840623
1840624
1840625
1840626
1840630
1840631
1840633
1840634
1840636
1840640
1840643
1840644
1840805
1840811
1840821
1840871
1840872
1840873
1841052
1841063
1841080
1841092
1841195
1841196
1841846
1841853
1841872
1841874
1841875
1841876
1841879
1841884
1841885
1841887
1841891
1841898
1841902
1841904
1841941
1841946
1841950
1841958
1841965
1841991
1842043
1842663
1842664
1842895
1842933
1842960
1842962
1842963
1842964
1842965
1842966
1842968
1843238
1843240
1843241
1843244
1843365
1843473
1843479
1843703
1843704
1843734
1843735
1843736
1843737
1843738
1843739
1843740
1843741
1843742
1843749
1843750
1843751
1843752
1843753
1843754
1843756
1843757
1843758
1843761
1843762
1843763
1843764
1843765
1843768
1843769
1843770
1843771
1843772
1843773
1843776
1844477
1844597
1844598
1844601
1844602
1844603
1844606
1844607
1844615
1844617
1844624
1844625
1844626
1844627
1844628
1844920
1844927
1844928
1846152
1846155
1846156
1846160
1846161
1846168
1846251
1846259
1847765
1847785
1847896
1848040
1848042
1848126
1848130
1848131
1848132
1848135
1848136
1848137
1848138
1848139
1848150
1848151
1848152
1848153
1848164
1848165
1848169
1848489
1848491
1848504
1848505
1848960
1849320
1849323
1849325
1849328
1849335
1849523
1849524
1849531
1849532
1849533
1849534
1849535
1849537
1849538
1849539
1849542
1849543
1849544
1849545
1849838
1850164
1850173
1850175
1850176
1850177
1850178
1850180
1850181
1850182
1850183
1850184
1850185
1850188
1850189
1850190
1850191
1850192
1850193
1850194
1850195
1850196
1850197
1850199
1850200
1850201
1850202
1850203
1850204
1850205
1850239
1850255
1850533
1850534
1850535
1850537
1850539
1850543
1850550
1850906
1851028
1851069
1851070
1851072
1851074
1851079
1851081
1851082
1851085
1851122
1851123
1851124
1851125
1851126
1851127
1851128
1851130
1851213
1851214
1851215
1851216
1851217
1851218
1851219
1851220
1851221
1851473
1851474
1851558
1851561
1851563
1851646
1851729
1851738
1851739
1851740
1851742
1851745
1851746
1851747
1851748
1851749
1851750
1851751
1851752
1851753
1851774
1852524
1852527
1852532
1852546
1852562
1852563
1852564
1852565
1852566
1852567
1852597
1852598
1852599
1852622
1852625
1852626
1852627
1852628
1852629
1852630
1852638
1852639
1852640
1852641
1852642
1852644
1852657
1852658
1852659
1852661
1852663
1852664
1852665
1852666
1852668
1852669
1852670
1852671
1852672
1852673
1852674
1852675
1852676
1852677
1852678
1852679
1852680
1852681
1852682
1852683
1852684
1852685
1852686
1852687
1852702
1853202
1853323
1853762
1853782
1853783
1853788
1853792
1853793
1853797
1853800
1853802
1853803
1853805
1853806
1853809
1853811
1853812
1853815
1853818
1853821
1853823
1853824
1853826
1853827
1853865
1854721
1855183
1855200
1855208
1855210
1855216
1855218
1855219
1855222
1855224
1855229
1855231
1855232
1855233
1855234
1855236
1855237
1855238
1855241
1855243
1855245
1855246
1855248
1855249
1855250
1855262
1855263
1855264
1855266
1855267
1855269
1855465
1855468
1855482
1855489
1855498
1855510
1855736
1855741
1855746
1855751
1855765
1855766
1855769
1855772
1855773
1855774
1855777
1855778
1855779
1855783
1855785
1855786
1855791
1855805
1855807
1855808
1855815
1855816
1856030
1856031
1856063
1856078
1856120
1856564
1856565
1856627
1856637
1856642
1856667
1856695
1856697
1856698
1856699
1856700
1856701
1856702
1856703
1856704
1856705
1856706
1856708
1856709
1856710
1856711
1856712
1856715
1856716
1856717
1856718
1856721
1856723
1856724
1856725
1856729
1856730
1856743
1856749
1856750
1856756
1856757
1856761
1856762
1856767
1857099
1857100
1857206
1857207
1857251
1857323
1857625
1857632
1857634
1857647
1857750
1857843
1857844
1857845
1857846
1857889
1857890
1857891
1858671
1858905
1858917
1859135
1859148
1859149
1859161
1859165
1859166
1859492
1860076
1860179
1860190
1860191
1860192
1860193
1860194
1860195
1861653
1861657
1861663
1861833
1861834
1861835
1861836
1861840
1862127
1862312
1862331
1862332
1862591
1862592
1862593
1862594
1862596
1862602
1862684
1862685
1862686
1862701
1862792
1862821
1862822
1862823
1862824
1862825
1862958
1862959
1862960
1862961
1862962
1862963
1862978
1863007
1863008
1863009
1863010
1863011
1864484
1864622
1864623
1864973
1864978
1864984
1864985
1864987
1864996
1864997
1865008
1865020
1865021
1865023
1865024
1865033
1865035
1865040
1865051
1865053
1865058
1865062
1865068
1865081
1865097
1865098
1865106
1865119
1865127
1865128
1865132
1865133
1865135
1865140
1865141
1865145
1865146
1865149
1865153
1865166
1865167
1865172
1865176
1865179
1865188
1865196
1865199
1865202
1865206
1865207
1865208
1865209
1865210
1865214
1865215
1865227
1865234
1865242
1865252
1865255
1865258
1865264
1865275
1865282
1865290
1865297
1865303
1865306
1865309
1865318
1865321
1865327
1865337
1865342
1865345
1865357
1865361
1865366
1865367
1865377
1865381
1865382
1865384
1865386
1865388
1865389
1865392
1865395
1865422
1865427
1865428
1865430
1865432
1865434
1865437
1865438
1865439
1865441
1865452
1865456
1865461
1865463
1865470
1865475
1865484
1865489
1865492
1865503
1865506
1865514
1865520
1865526
1865528
1865529
1865533
1865536
1865545
1865546
1865548
1865556
1865558
1865564
1865575
1865580
1865582
1865583
1865590
1865593
1865595
1865598
1865599
1865601
1865612
1865616
1865648
1865664
1865668
1865675
1865694
1865698
1865705
1865711
1865712
1865717
1865725
1865738
1865743
1865744
1865748
1865770
1865773
1865775
1865776
1865779
1865780
1865782
1865784
1865797
1865801
1865807
1865812
1865814
1865815
1865821
1865823
1865829
1865838
1865839
1865850
1865855
1865856
1865860
1865864
1865871
1865876
1865878
1865890
1865891
1865905
1865908
1865912
1865918
1865929
1865942
1865945
1865953
1865955
1865958
1865959
1865964
1865970
1865975
1865978
1865983
1865984
1865990
1865992
1865994
1865995
1865996
1866015
1866018
1866023
1866027
1866031
1866044
1866047
1866062
1866067
1866068
1866076
1866081
1866087
1866089
1866099
1866103
1866112
1866113
1866115
1866116
1866118
1866120
1866125
1866126
1866128
1866129
1866131
1866132
1866133
1866134
1866144
1866148
1866150
1866154
1866172
1866175
1866177
1866180
1866186
1866277
1867088
1867125
1867231
1867858
1867860
1867864
1867865
1867866
1867868
1867870
1867872
1867884
1867886
1867888
1867891
1867912
1867943
1868169
1868170
1868215
1868218
1868220
1868221
1868472
1868594
1868595
1868596
1868597
1868599
1868600
1868601
1868610
1868611
1868621
1868634
1868635
1868636
1868641
1868654
1868658
1868659
1868660
1868661
1868662
1868663
1868664
1868665
1868666
1868667
1868668
1868669
1868670
1868671
1868672
1868673
1868674
1868675
1868676
1868677
1868678
1868679
1868680
1868681
1868682
1868683
1868684
1868685
1868686
1868687
1868824
1868825
1868826
1868827
1868828
1868842
1868843
1868844
1868845
1868846
1868847
1868848
1868849
1868850
1868851
1868852
1868853
1868854
1868855
1868856
1868857
1868858
1868859
1868860
1868861
1868862
1869085
1869086
1869090
1869097
1869098
1869099
1869100
1869102
1869104
1869105
1869106
1869110
1869198
1869213
1869278
1870761
1870771
1870772
1870773
1870979
1870981
1871112
1871153
1871259
1871262
1871266
1871267
1871270
1871287
1871309
1871313
1871314
1871345
1871497
1871498
1871499
1871500
1871501
1871502
1871503
1871507
1871508
1871521
1871632
1871633
1871634
1871635
1871678
1871681
1871683
1871685
1871686
1871687
1871690
1871692
1871708
1871710
1871711
1871712
1871716
1871757
1872683
1872687
1872708
1872710
1872719
1872723
1873085
1873086
1873092
1873108
1873110
1873122
1873341
1873452
1873455
1873465
1873467
1873468
1873469
1873696
1873697
1873698
1873777
1873778
1873887
1873888
1873889
1873890
1873891
1873892
1873894
1873895
1873902
1873904
1873905
1873949
1873954
1873958
1873959
1873985
1873989
1873990
1873993
1873994
1873995
1873997
1873998
1873999
1874000
1874001
1874002
1874014
1874015
1874016
1874017
1874018
1874021
1874022
1874118
1874267
1874333
1874530
1874531
1874539
1874540
1874570
1874571
1874572
1874573
1874575
1874576
1874578
1874579
1874581
1874583
1874584
1874585
1874587
1874590
1874591
1874592
1874593
1874594
1874643
1874644
1874648
1874650
1874651
1874652
1874655
1874657
1874660
1874688
1874738
1878944
1879051
1880534
1880537
1880541
1880542
1880544
1880546
1880547
1880548
1880550
1880552
1880559
1880560
1880563
1880567
1880569
1880590
1880822
1880877
1880878
1881004
1881013
1881051
1881088
1881090
1881104
1881139
1881140
1881141
1881162
1881188
1881191
1881192
1881193
1881195
1881200
1881201
1881202
1881203
1881207
1881208
1881210
1881211
1881212
1881213
1881215
1881216
1881223
1881225
1881226
1881227
1881228
1881233
1881234
1881235
1881236
1881237
1881238
1881239
1881241
1881244
1881245
1881247
1881248
1881251
1881252
1881253
1881254
1881255
1881256
1881257
1881258
1881259
1881261
1881262
1881263
1881264
1881265
1881266
1881267
1881270
1881271
1881272
1881274
1881275
1881276
1881277
1881278
1881279
1881280
1881281
1881282
1881283
1881284
1881285
1881287
1881288
1881289
1881291
1881292
1881294
1881295
1881296
1881297
1881298
1881299
1881301
1881306
1881307
1881308
1881310
1881313
1881314
1881315
1881316
1881317
1881319
1881320
1881322
1881324
1881330
1881334
1881335
1881336
1881338
1881339
1881340
1881341
1881342
1881343
1881344
1881345
1881350
1881355
1881356
1881375
1881376
1881377
1881379
1881381
1881382
1881383
1881384
1881387
1881390
1881391
1881392
1881401
1881402
1881405
1881406
1881407
1881408
1881409
1881410
1881411
1881413
1881414
1881418
1881419
1881421
1881422
1881423
1881424
1881425
1881426
1881428
1881430
1881432
1881433
1881434
1881435
1881436
1881437
1881440
1881441
1881443
1881445
1881446
1881447
1881449
1881450
1881451
1881454
1881630
1881631
1881632
1881636
1881868
1881869
1881950
1881951
1882273
1882274
1882276
1882277
1882278
1882279
1882280
1882281
1882282
1882283
1882285
1882286
1882287
1882288
1882289
1882290
1882291
1882292
1882293
1882294
1882295
1882296
1882297
1882298
1882299
1882300
1882302
1882303
1882304
1882306
1882307
1882308
1882309
1882310
1882311
1882312
1882313
1882314
1882315
1882316
1882317
1882318
1882327
1882328
1882332
1882333
1882334
1882336
1882337
1882338
1882382
1882383
1882392
1882393
1882394
1882396
1882400
1882439
1882465
1882677
1882678
1882679
1882680
1882683
1882948
1882957
1882960
1882961
1882973
1882993
1882995
1883013
1883039
1883044
1883067
1883068
1883069
1883104
1883111
1883200
1883202
1883203
1883205
1883207
1883365
1883366
1883367
1883368
1883369
1883370
1883371
1883372
1883373
1883374
1883375
1883376
1883377
1883378
1883379
1883431
1883457
1883458
1883460
1883466
1883471
1883476
1883480
1883486
1883491
1883500
1883503
1883505
1883511
1883514
1883518
1883521
1883529
1883531
1883533
1883534
1883538
1883542
1883547
1883548
1883549
1883554
1883559
1883560
1883575
1883579
1883582
1883584
1883587
1883591
1883596
1883598
1883599
1883601
1883602
1883610
1883612
1883614
1883616
1883621
1883625
1883629
1883633
1883634
1883635
1883646
1883647
1883654
1883665
1883668
1883669
1883671
1883675
1883676
1883679
1883688
1883690
1883696
1883697
1883700
1883701
1883702
1883703
1883705
1883708
1883709
1883713
1883714
1883719
1883723
1883724
1883732
1883733
1883740
1883743
1883747
1883749
1883759
1883760
1883761
1883762
1883767
1883769
1883771
1883776
1883780
1883782
1883783
1883788
1883790
1883792
1883810
1883812
1883813
1883820
1883823
1883828
1883834
1883839
1883842
1883843
1883857
1883861
1883863
1883865
1883870
1883871
1883876
1883879
1883881
1883884
1883885
1883891
1883894
1883897
1883898
1883899
1883907
1883923
1883926
1883935
1883940
1883941
1883955
1883957
1883962
1883971
1883974
1883983
1883989
1883994
1883998
1884006
1884008
1884015
1884020
1884028
1884032
1884033
1884038
1884043
1884047
1884049
1884054
1884063
1884064
1884066
1884068
1884073
1884075
1884080
1884092
1884093
1884106
1884107
1884113
1884114
1884115
1884117
1884124
1884126
1884127
1884139
1884151
1884155
1884160
1884161
1884162
1884164
1884167
1884170
1884176
1884178
1884183
1884184
1884185
1884244
1884245
1884247
1884387
1884392
1884450
1884452
1884453
1884454
1884455
1884456
1884457
1884458
1884459
1884460
1884461
1884587
1884590
1884591
1884638
1884639
1884645
1884660
1884832
1884873
1884874
1884878
1884879
1884917
1884991
1884996
1885113
1885242
1885245
1885247
1885248
1885354
1885361
1885377
1885425
1885448
1885457
1885476
1885495
1885498
1885534
1885537
1885546
1885551
1885562
1885565
1885570
1885571
1885579
1885580
1885633
1885927
1885928
1885929
1885931
1885932
1885933
1886598
1886606
1886789
1886793
1886794
1886795
1887213
1887214
1887215
1887216
1887217
1887218
1887219
1887314
1887316
1887641
1887643
1887644
1887645
1887646
1887647
1887648
1887649
1887650
1887651
1887652
1887653
1887654
1887655
1887656
1887657
1888219
1888308
1888309
1888310
1888311
1888312
1888313
1888314
1888316
1888317
1888318
1888319
1888320
1888321
1888322
1888343
1888351
1888934
1888935
1888940
1888943
1888946
1888949
1888950
1889242
1889794
1889900
1890337
1890338
1890339
1890340
1890341
1890342
1890344
1890351
1890357
1890361
1890362
1890365
1890414
1890418
1890423
1890678
1890684
1890685
1890687
1891204
1891313
1891314
1891316
1891317
1891320
1891321
1891322
1891323
1891324
1891326
1891327
1891329
1891333
1891703
1891704
1891713
1891714
1891715
1891716
1891717
1891718
1891719
1891720
1891721
1891722
1891725
1891726
1891727
1891728
1891729
1891730
1891731
1891732
1891733
1891734
1891735
1891736
1891737
1891738
1891739
1891740
1891741
1891742
1891743
1891745
1891746
1891747
1891748
1891749
1891750
1891751
1891752
1891754
1891755
1891756
1891757
1891758
1891759
1891760
1891761
1891762
1891763
1891764
1891765
1891766
1891767
1891768
1891769
1891770
1891771
1891772
1891773
1891774
1891775
1891779
1891963
1891972
1892174
1892175
1892177
1892178
1892179
1892193
1892206
1892207
1892235
1892236
1892336
1892338
1892339
1892340
1892341
1892342
1892343
1892345
1892416
1892442
1892451
1892462
1892469
1892568
1892569
1892609
1892610
1892612
1892613
1892617
1892619
1892621
1892622
1892624
1892819
1892821
1892823
1892824
1892900
1892901
1894993
1894997
1895000
1895001
1895332
1895333
1895488
1895494
1895502
1895507
1895512
1895517
1895519
1895522
1895523
1895524
1895528
1895536
1895538
1895546
1895555
1895562
1895566
1895572
1895573
1895574
1895575
1895576
1895577
1895578
1895665
1895666
1895669
1895985
1896045
1896050
1896956
1897067
1897068
1897072
1897073
1897077
1897079
1897080
1897087
1897283
1897286
1897291
1897321
1897323
1897327
1897332
1897348
1897366
1897383
1897424
1897425
1897426
1897428
1897429
1897430
1897431
1897432
1897433
1897434
1897435
1897436
1897437
1897438
1897439
1897440
1897441
1897442
1897443
1897445
1897448
1897449
1897479
1897480
1897482
1897484
1897486
1897487
1897489
1897490
1897491
1897495
1897496
1897497
1897500
1897501
1897503
1897504
1897505
1897506
1897515
1897516
1897518
1897520
1897523
1897524
1897525
1897526
1897527
1897528
1897529
1897532
1897533
1897534
1897536
1897537
1897538
1897539
1897540
1897541
1897542
1897543
1897544
1897545
1897546
1897547
1897548
1897552
1897554
1897555
1897637
1897638
1897640
1897641
1897654
1897731
1897732
1897736
1897737
1897738
1897740
1897741
1897742
1897743
1897750
1897761
1897764
1897765
1897766
1897767
1897768
1897769
1897770
1898035
1898060
1898075
1898079
1898152
1898153
1898163
1898175
1898509
1898520
1898521
1898523
1898524
1898535
1898549
1898550
1898672
1898758
1898762
1898764
1898765
1898767
1898769
1898771
1898772
1898954
1898982
1898984
1898986
1898987
1899069
1899071
1899073
1899219
1899318
1899327
1899328
1899564
1899566
1902331
1902501
1902502
1902771
1902774
1902778
1902779
1902780
1903184
1903185
1903247
1903248
1903249
1903250
1903251
1903252
1903253
1903255
1903256
1903257
1903259
1903260
1903266
1903318
1903319
1903340
1903341
1903413
1903415
1903426
1903427
1903432
1903435
1903510
1903512
1903513
1903514
1903533
1903534
1903545
1903547
1903548
1903549
1903550
1903553
1903554
1903555
1903556
1903557
1903558
1903559
1903562
1903563
1903598
1903599
1904006
1904406
1904408
1904409
1904410
1904411
1904439
1904491
1904876
1904880
1904881
1904882
1904883
1904884
1904885
1904888
1904896
1904925
1905287
1905301
1905303
1905304
1905307
1905308
1905309
1905310
1905319
1905320
1905556
1905681
1905683
1905687
1905705
1905707
1905814
1905815
1905816
1905818
1905819
1905820
1905821
1905822
1905823
1905827
1905830
1905860
1906170
1906171
1906172
1906173
1906174
1906175
1906176
1906177
1906178
1906179
1906244
1906245
1906300
1906303
1906309
1906310
1906315
1906317
1906345
1906347
1906348
1906349
1906351
1906354
1906355
1906356
1906620
1906621
1906622
1906623
1906626
1906627
1906631
1906632
1906633
1906649
1906652
1906653
1906654
1906668
1906670
1906671
1906672
1906673
1906674
1906865
1906931
1906944
1906952
1907161
1907163
1907165
1907167
1907172
1907210
1907585
1907588
1907591
1907592
1907594
1907595
1907599
1907600
1907601
1907604
1907605
1907608
1907609
1907611
1907613
1907615
1907617
1907619
1907620
1907629
1907630
1907633
1907634
1907635
1907637
1907638
1907639
1907641
1907643
1907645
1907646
1907647
1907650
1907652
1907653
1907676
1907684
1907688
1907691
1907698
1907767
1907771
1907781
1907782
1907783
1907784
1907787
1907944
1907948
1907949
1907950
1907951
1907952
1907954
1907956
1907957
1907958
1907959
1907960
1907962
1907965
1907969
1907971
1907974
1907978
1907981
1907984
1907985
1907986
1907995
1907997
1907999
1908002
1908006
1908010
1908017
1908018
1908023
1908027
1908029
1908033
1908034
1908051
1908053
1908054
1908056
1908063
1908065
1908066
1908067
1908069
1908070
1908071
1908073
1908074
1908075
1908077
1908078
1908079
1908080
1908083
1908084
1908085
1908087
1908088
1908089
1908090
1908091
1908092
1908094
1908095
1908097
1908098
1908099
1908101
1908102
1908104
1908105
1908106
1908109
1908111
1908112
1908113
1908114
1908115
1908116
1908117
1908118
1908119
1908120
1908122
1908123
1908124
1908129
1908131
1908132
1908133
1908134
1908135
1908136
1908137
1908138
1908140
1908141
1908142
1908143
1908145
1908146
1908147
1908148
1908150
1908152
1908153
1908154
1908155
1908156
1908157
1908158
1908159
1908160
1908162
1908164
1908165
1908166
1908167
1908168
1908169
1908170
1908171
1908172
1908173
1908174
1908176
1908179
1908180
1908181
1908183
1908185
1908187
1908188
1908189
1908191
1908192
1908380
1908381
1908387
1908388
1908549
1908802
1908803
1908804
1908805
1908806
1908807
1908809
1908810
1908811
1908812
1908813
1909298
1909349
1909350
1909388
1909389
1909400
1909401
1909402
1909403
1909409
1909694
1909796
1909797
1909798
1909800
1909804
1909806
1909809
1909811
1909814
1909815
1909819
1909824
1909832
1909833
1909839
1909840
1909846
1909857
1909860
1909861
1909866
1909867
1909874
1909885
1909894
1909899
1909911
1909917
1909920
1909929
1909932
1909933
1909935
1909939
1909941
1909949
1909964
1909968
1909969
1909979
1909982
1909984
1909986
1909991
1909992
1909995
1909996
1910009
1910026
1910032
1910033
1910034
1910061
1910063
1910065
1910066
1910072
1910082
1910090
1910091
1910092
1910095
1910102
1910105
1910113
1910116
1910120
1910122
1910139
1910149
1910153
1910154
1910164
1910167
1910177
1910180
1910182
1910183
1910202
1910203
1910206
1910207
1910216
1910218
1910219
1910220
1910224
1910228
1910230
1910233
1910240
1910241
1910247
1910252
1910256
1910257
1910259
1910260
1910262
1910268
1910274
1910282
1910284
1910285
1910288
1910290
1910295
1910297
1910300
1910305
1910308
1910315
1910321
1910322
1910324
1910325
1910326
1910327
1910328
1910331
1910332
1910334
1910337
1910344
1910349
1910350
1910361
1910363
1910371
1910374
1910378
1910379
1910380
1910382
1910383
1910391
1910395
1910398
1910402
1910404
1910405
1910406
1910407
1910408
1910412
1910414
1910417
1910426
1910436
1910438
1910441
1910446
1910447
1910448
1910452
1910454
1910458
1910463
1910466
1910475
1910476
1910478
1910484
1910491
1910492
1910493
1910498
1910506
1910507
1910511
1910512
1910514
1910515
1910517
1910518
1910526
1910527
1910528
1910532
1910533
1910535
1910537
1910538
1910539
1910540
1910541
1910542
1910544
1910551
1910553
1910555
1910565
1910566
1910567
1910569
1910571
1910572
1910579
1910584
1910587
1910591
1910596
1910597
1910605
1910613
1910615
1910618
1910619
1910620
1910626
1910628
1910629
1910631
1910633
1910634
1910635
1910637
1910641
1910644
1910647
1910649
1910650
1910651
1910654
1910655
1910661
1910662
1910664
1910666
1910668
1910675
1910677
1910679
1910680
1910682
1910683
1910686
1910691
1910692
1910698
1910700
1910705
1910725
1910732
1910737
1910741
1910744
1910745
1910747
1910748
1910750
1910757
1910760
1910928
1910929
1910931
1910935
1910936
1910937
1910950
1910951
1910952
1910954
1910962
1910968
1910969
1910975
1910976
1910991
1910992
1910993
1910999
1911006
1911007
1911008
1911009
1911010
1911089
1911095
1911098
1911099
1911102
1911103
1911104
1911108
1911222
1911226
1911227
1911231
1911434
1911435
1911438
1911439
1911441
1911442
1911443
1911553
1911555
1911599
1911600
1911601
1911602
1911603
1911604
1911605
1911606
1911743
1911744
1911745
1911746
1911747
1911748
1911749
1911750
1911751
1911752
1911753
1911754
1911755
1911761
1911763
1911764
1911765
1911766
1911767
1911768
1911769
1911770
1911774
1911775
1911776
1911777
1911778
1911779
1911780
1911781
1911782
1911784
1911787
1911790
1911791
1911793
1911794
1911795
1911905
1911908
1911910
1911928
1911929
1912077
1912078
1912081
1912082
1912083
1912143
1912144
1912146
1912147
1912234
1912318
1912319
1912320
1912321
1912325
1912326
1912327
1912344
1912485
1912492
1912590
1912592
1912593
1912598
1912759
1912760
1912975
1913024
1913028
1913029
1913030
1913034
1913036
1913037
1913038
1913039
1913040
1913041
1913042
1913043
1913044
1913046
1913047
1913048
1913049
1913079
1913080
1913081
1913082
1913083
1913108
1913109
1913110
1913111
1913112
1913113
1913114
1913117
1913118
1913119
1913122
1913124
1913125
1913126
1913127
1913129
1913136
1913141
1913143
1913144
1913145
1913199
1913202
1913210
1913212
1913234
1913236
1913245
1913249
1913267
1913268
1913270
1913282
1913283
1913287
1913289
1913293
1913298
1913299
1913301
1913302
1913304
1913305
1913307
1913311
1913314
1913315
1913326
1913327
1913329
1913333
1913340
1913342
1913344
1913346
1913349
1913350
1913351
1913352
1913353
1913355
1913356
1913360
1913446
1913447
1913448
1913449
1913570
1913571
1913572
1913574
1913575
1913581
1913582
1913591
1913603
1913605
1913640
1913642
1913643
1913649
1913650
1913651
1913652
1913653
1913654
1913655
1913656
1913657
1913658
1913667
1913683
1913684
1913685
1913686
1913995
1914019
1914020
1914021
1914155
1914160
1914161
1914162
1914165
1914192
1914193
1914194
1914195
1914199
1914200
1914201
1914202
1914203
1914204
1914205
1914206
1914207
1914208
1914209
1914293
1914295
1914296
1914297
1914298
1914299
1914302
1914347
1914348
1914349
1914350
1914351
1914352
1914398
1914415
1914440
1914442
1914447
1914448
1914475
1914476
1914477
1914478
1914481
1914484
1914485
1914487
1914488
1914503
1914506
1914507
1914508
1914513
1914514
1914515
1914518
1914519
1914520
1914521
1914543
1914544
1914545
1914546
1914547
1914549
1914566
1914567
1914568
1914574
1914575
1914576
1914579
1914782
1914783
1914784
1914788
1914850
1914851
1914852
1914853
1914854
1914855
1914856
1914892
1914893
1914894
1914895
1914897
1914898
1914899
1914900
1914953
1915098
1915104
1915106
1915108
1915119
1915202
1915203
1915204
1915205
1915206
1915207
1915208
1915209
1915246
1915247
1915248
1915249
1915250
1915251
1915262
1915279
1915306
1916097
1916098
1916099
1916101
1916107
1916110
1916111
1916112
1916113
1916114
1916115
1916116
1916117
1916120
1916121
1916123
1916124
1916125
1916126
1916127
1916151
1916152
1916153
1916154
1916155
1916156
1916157
1916158
1916159
1916160
1916161
1916162
1916163
1916164
1916165
1916166
1916167
1916168
1916169
1916170
1916171
1916172
1916174
1916175
1916176
1916177
1916178
1916179
1916180
1916181
1916182
1916183
1916184
1916185
1916186
1916187
1916188
1916189
1916190
1916191
1916192
1916193
1916194
1916196
1916197
1916198
1916199
1916200
1916201
1916202
1916203
1916204
1916205
1916206
1916207
1916234
1916236
1916390
1916391
1916414
1916436
1916437
1916445
1916448
1916457
1916463
1916465
1916471
1916482
1916499
1916506
1916508
1916512
1916516
1916519
1916524
1916531
1916541
1916546
1916549
1916563
1916564
1916576
1916581
1916595
1916598
1916600
1916601
1916608
1916613
1916618
1916620
1916623
1916624
1916629
1916633
1916644
1916650
1916690
1916691
1916692
1916693
1916694
1916695
1916696
1916697
1916698
1916699
1916700
1916701
1916930
1916947
1917013
1917070
1917071
1917073
1917074
1917075
1917078
1917079
1917080
1917081
1917082
1917083
1917168
1917197
1917229
1917230
1917232
1917290
1917298
1917302
1917305
1917311
1917313
1917314
1917315
1917317
1917318
1917412
1917415
1917488
1917495
1917497
1917498
1917499
1917504
1917506
1917510
1917511
1917512
1917514
1917517
1917519
1917520
1917521
1917536
1917548
1917551
1917560
1917563
1917564
1917568
1917577
1917580
1917582
1917583
1917592
1917598
1917612
1917629
1917631
1917632
1917639
1917640
1917641
1917646
1917648
1917892
1917916
1917919
1917976
1917979
1917980
1917990
1918005
1918006
1918007
1918008
1918009
1918010
1918011
1918012
1918013
1918014
1918017
1918192
1918193
1918194
1918519
1918522
1918524
1918525
1918694
1918695
1918696
1918697
1918699
1918701
1918703
1918707
1918708
1918710
1918711
1918712
1918714
1918715
1918716
1918718
1918720
1918721
1918722
1918723
1918724
1918725
1918726
1918727
1918728
1918729
1918730
1918731
1918836
1918837
1918838
1918839
1918840
1918843
1918844
1918846
1918847
1918848
1918850
1918852
1918856
1918858
1918860
1918861
1918863
1918864
1918866
1918867
1918868
1918870
1918871
1918872
1918873
1918874
1918875
1918876
1918877
1918878
1918880
1918881
1918882
1918883
1918884
1918887
1918888
1918890
1918891
1918892
1918893
1918894
1918895
1918896
1918898
1918899
1918900
1918901
1918902
1918903
1918905
1918907
1918908
1918910
1918913
1918914
1918915
1918916
1918918
1918919
1918920
1918921
1918923
1918953
1918957
1918958
1918959
1918962
1918965
1918967
1918969
1918972
1918973
1918974
1918975
1918976
1918978
1918979
1918980
1918981
1918982
1918985
1918987
1918990
1918991
1918993
1918994
1918996
1918997
1918998
1918999
1919002
1919003
1919006
1919009
1919010
1919011
1919012
1919013
1919014
1919016
1919018
1919020
1919021
1919022
1919023
1919024
1919025
1919026
1919027
1919028
1919032
1919033
1919034
1919035
1919036
1919037
1919038
1919039
1919040
1919042
1919043
1919044
1919045
1919050
1919051
1919052
1919053
1919054
1919055
1919057
1919058
1919071
1919083
1919247
1919994
1920137
1920294
1920298
1920305
1920307
1920308
1920309
1920310
1920311
1920312
1920379
1920454
1920492
1920493
1920494
1920498
1920524
1920526
1920698
1920700
1920706
1920748
1920750
1920751
1920752
1920753
1920754
1920755
1920756
1920757
1920758
1920759
1920760
1920761
1920762
1920763
1920764
1920765
1920771
1920772
1920774
1920777
1920778
1920779
1920780
1920781
1920826
1920837
1920839
1920840
1920842
1920843
1920848
1920850
1920851
1920854
1920856
1920860
1920861
1920862
1920864
1920865
1920866
1920985
1920986
1920988
1920989
1920991
1920993
1920994
1920995
1920996
1920998
1920999
1921000
1921004
1921005
1921008
1921009
1921016
1921017
1921018
1921019
1921117
1921118
1921119
1921120
1921121
1921122
1921123
1921124
1921125
1921126
1921127
1921128
1921129
1921130
1921184
1921185
1921186
1921187
1921188
1921189
1921407
1921408
1921409
1921410
1921411
1921412
1921413
1921414
1921431
1921432
1921434
1921435
1921436
1921524
1921525
1921526
1921528
1921529
1921530
1921531
1921544
1921545
1921546
1921547
1921548
1921553
1921554
1921555
1921556
1921557
1921560
1921561
1921562
1921563
1921613
1921621
1921628
1921629
1921630
1921631
1921632
1921634
1921635
1921636
1921637
1921638
1921640
1921642
1921643
1921646
1921647
1921648
1921649
1921651
1921656
1921660
1921661
1921662
1921665
1921666
1921668
1921669
1921670
1921674
1921675
1921676
1921678
1921680
1921681
1921682
1921683
1921684
1921685
1921688
1921689
1921692
1921693
1921694
1921695
1921696
1921698
1921699
1921703
1921704
1921705
1921706
1921707
1921709
1921710
1921711
1921712
1921713
1921772
1921773
1921776
1921778
1921820
1921821
1921822
1921823
1921824
1921825
1921923
1921926
1921993
1922083
1922135
1922139
1922163
1922207
1922208
1922209
1922210
1922211
1922212
1922213
1922237
1922240
1922241
1922242
1922243
1922246
1922247
1922324
1922325
1922327
1922328
1922329
1922330
1922331
1922332
1922348
1922350
1922351
1922352
1922354
1922355
1922356
1922357
1922358
1922359
1922360
1922361
1922362
1922363
1922364
1922365
1922366
1922367
1922368
1922369
1922370
1922371
1922372
1922373
1922374
1922376
1922377
1922378
1922380
1922381
1922383
1922384
1922385
1922386
1922387
1922388
1922389
1922390
1922391
1922392
1922393
1922394
1922395
1922396
1922397
1922398
1922399
1922400
1922401
1922402
1922403
1922404
1922405
1922406
1922407
1922408
1922409
1922410
1922411
1922412
1922413
1922414
1922415
1922416
1922417
1922418
1922419
1922420
1922421
1922422
1922423
1922424
1922425
1922426
1922427
1922428
1922429
1922430
1922431
1922432
1922433
1922434
1922435
1922436
1922437
1922438
1922439
1922440
1922441
1922443
1922445
1922446
1922448
1922450
1922451
1922452
1922454
1922455
1922456
1922457
1922458
1922459
1922460
1922461
1922462
1922463
1922464
1922465
1922466
1922467
1922468
1922469
1922470
1922471
1922472
1922473
1922474
1922475
1922476
1922478
1922479
1922481
1922484
1922485
1922486
1922487
1922488
1922489
1922490
1922491
1922492
1922493
1922496
1922497
1922498
1922499
1922500
1922501
1922502
1922503
1922504
1922505
1922506
1922507
1922508
1922509
1922510
1922511
1922513
1922514
1922515
1922516
1922517
1922518
1922522
1922523
1922524
1922525
1922526
1922527
1922528
1922529
1922530
1922531
1922532
1922533
1922535
1922536
1922537
1922538
1922539
1922540
1922541
1922542
1922543
1922544
1922545
1922546
1922547
1922549
1922551
1922552
1922553
1922554
1922555
1922556
1922557
1922558
1922559
1922560
1922562
1922563
1922564
1922565
1922566
1922567
1922568
1922569
1922570
1922571
1922572
1922573
1922574
1922575
1922576
1922577
1922578
1922579
1922580
1922581
1922582
1922583
1922584
1922585
1922586
1922587
1922588
1922589
1922590
1922591
1922592
1922593
1922594
1922595
1922596
1922597
1922598
1922599
1922600
1922601
1922602
1922603
1922604
1922605
1922606
1922607
1922608
1922609
1922610
1922611
1922614
1922615
1922616
1922617
1922618
1922619
1922620
1922621
1922622
1922623
1922624
1922625
1922626
1922627
1922628
1922629
1922630
1922631
1922632
1922633
1922634
1922635
1922636
1922637
1922638
1922639
1922640
1922641
1922642
1922643
1922644
1922645
1922646
1922647
1922648
1922649
1922650
1922651
1922652
1922653
1922654
1922656
1922657
1922658
1922659
1922660
1922661
1922662
1922663
1922664
1922665
1922666
1922667
1922668
1922669
1922670
1922671
1922672
1922673
1922674
1922675
1922676
1922677
1922678
1922679
1922680
1922681
1922682
1922683
1922684
1922685
1922686
1922687
1922688
1922689
1922691
1922693
1922696
1922697
1922698
1922699
1922700
1922701
1922702
1922703
1922704
1922705
1922706
1922707
1922708
1922709
1922710
1922711
1922712
1922713
1922714
1922715
1922716
1922717
1922718
1922720
1922721
1922722
1922723
1922724
1922725
1922726
1922727
1922728
1922729
1922730
1922731
1922732
1922734
1922735
1922736
1922737
1922738
1922739
1922740
1922741
1922742
1922743
1922744
1922745
1922746
1922747
1922748
1922749
1922750
1922751
1922752
1922753
1922754
1922755
1922756
1922757
1922758
1922759
1922760
1922761
1922762
1922763
1922764
1922765
1922766
1922767
1922768
1922769
1922770
1922771
1922772
1922773
1922774
1922775
1922776
1922777
1922778
1922779
1922780
1922781
1922782
1922783
1922784
1922785
1922786
1922787
1922788
1922789
1922790
1922791
1922792
1922793
1922794
1922795
1922796
1922797
1922798
1922799
1922800
1922801
1922802
1922803
1922804
1922805
1922806
1922807
1922808
1922809
1922810
1922811
1922812
1922813
1922814
1922815
1922816
1922817
1922818
1922819
1922820
1922821
1922822
1922823
1922824
1922825
1922826
1922827
1922828
1922829
1922830
1922831
1922832
1922833
1922834
1922835
1922836
1922837
1922838
1922839
1922840
1922841
1922842
1922843
1922845
1922846
1922848
1922850
1922853
1922855
1922856
1922857
1922858
1922859
1922860
1922861
1922862
1922863
1922864
1922865
1922867
1922868
1922869
1922870
1922871
1922872
1922873
1922874
1922875
1922876
1922877
1922878
1922879
1922880
1922881
1922882
1922883
1922884
1922885
1922886
1922887
1922888
1922889
1922890
1922891
1922892
1922893
1922894
1922895
1922896
1922897
1922898
1922899
1922900
1922901
1922902
1922903
1922904
1922905
1922906
1922907
1922908
1922909
1922910
1922911
1922912
1922913
1922914
1922915
1922916
1922917
1922918
1922919
1922920
1922921
1922922
1922923
1922924
1922925
1922926
1922927
1922928
1922929
1922930
1922931
1922932
1922933
1922934
1922936
1922937
1922938
1922939
1922940
1922941
1922942
1922944
1922945
1922946
1922947
1922948
1922949
1922950
1922951
1922952
1922953
1922954
1922955
1922956
1922957
1922958
1922959
1922960
1922961
1922962
1922963
1922964
1922965
1922966
1922967
1922968
1922969
1922970
1922971
1922972
1922973
1922974
1922975
1922976
1922977
1922978
1922979
1922980
1922981
1922982
1922983
1922984
1922985
1922986
1922987
1922988
1922989
1922990
1922991
1922992
1922993
1922994
1922995
1922996
1922997
1922998
1922999
1923000
1923001
1923002
1923003
1923004
1923005
1923006
1923007
1923009
1923010
1923011
1923012
1923013
1923015
1923017
1923018
1923019
1923020
1923021
1923022
1923023
1923024
1923025
1923026
1923027
1923028
1923029
1923030
1923031
1923032
1923033
1923034
1923035
1923036
1923037
1923038
1923039
1923040
1923041
1923042
1923043
1923044
1923045
1923047
1923048
1923049
1923050
1923051
1923053
1923054
1923055
1923056
1923057
1923058
1923059
1923060
1923061
1923064
1923065
1923066
1923067
1923068
1923069
1923070
1923071
1923072
1923073
1923074
1923075
1923076
1923077
1923078
1923079
1923080
1923081
1923082
1923083
1923084
1923085
1923087
1923088
1923089
1923090
1923091
1923092
1923093
1923094
1923095
1923096
1923097
1923098
1923099
1923100
1923101
1923102
1923103
1923104
1923105
1923106
1923107
1923108
1923109
1923110
1923111
1923112
1923113
1923114
1923115
1923116
1923117
1923118
1923119
1923120
1923121
1923122
1923123
1923124
1923125
1923126
1923127
1923128
1923129
1923130
1923131
1923132
1923133
1923134
1923135
1923136
1923137
1923138
1923139
1923140
1923141
1923142
1923143
1923144
1923145
1923146
1923147
1923148
1923149
1923150
1923151
1923152
1923153
1923154
1923155
1923156
1923157
1923158
1923159
1923160
1923161
1923162
1923163
1923164
1923165
1923166
1923167
1923168
1923169
1923170
1923171
1923173
1923174
1923175
1923176
1923177
1923178
1923179
1923180
1923181
1923182
1923183
1923184
1923185
1923186
1923187
1923188
1923189
1923190
1923191
1923192
1923193
1923194
1923195
1923196
1923197
1923198
1923199
1923200
1923201
1923202
1923203
1923204
1923205
1923206
1923207
1923208
1923209
1923210
1923211
1923212
1923213
1923215
1923216
1923217
1923218
1923219
1923220
1923221
1923222
1923223
1923224
1923225
1923226
1923227
1923228
1923229
1923230
1923231
1923232
1923233
1923234
1923235
1923236
1923237
1923238
1923239
1923240
1923242
1923243
1923244
1923245
1923246
1923247
1923248
1923249
1923250
1923251
1923252
1923253
1923254
1923255
1923256
1923257
1923258
1923259
1923260
1923261
1923262
1923263
1923264
1923265
1923266
1923267
1923268
1923269
1923270
1923271
1923272
1923273
1923274
1923275
1923276
1923277
1923278
1923279
1923280
1923281
1923282
1923283
1923284
1923285
1923286
1923287
1923288
1923289
1923290
1923291
1923292
1923293
1923294
1923295
1923296
1923297
1923298
1923300
1923301
1923303
1923304
1923305
1923306
1923307
1923308
1923309
1923310
1923312
1923313
1923314
1923316
1923318
1923319
1923320
1923321
1923322
1923323
1923324
1923326
1923327
1923328
1923329
1923330
1923331
1923332
1923333
1923334
1923335
1923336
1923337
1923338
1923339
1923340
1923341
1923342
1923343
1923344
1923345
1923346
1923347
1923348
1923349
1923350
1923354
1923355
1923356
1923357
1923358
1923359
1923360
1923361
1923362
1923363
1923364
1923365
1923366
1923367
1923368
1923369
1923370
1923371
1923372
1923373
1923374
1923375
1923376
1923377
1923378
1923379
1923380
1923381
1923382
1923383
1923384
1923385
1923386
1923387
1923388
1923390
1923391
1923392
1923393
1923394
1923395
1923396
1923397
1923398
1923399
1923400
1923401
1923402
1923403
1923404
1923405
1923406
1923407
1923408
1923409
1923410
1923411
1923412
1923413
1923414
1923415
1923416
1923417
1923418
1923419
1923420
1923421
1923422
1923423
1923424
1923425
1923426
1923427
1923428
1923429
1923430
1923431
1923432
1923433
1923434
1923435
1923436
1923437
1923438
1923439
1923440
1923441
1923442
1923443
1923444
1923445
1923446
1923447
1923448
1923449
1923450
1923451
1923452
1923453
1923454
1923455
1923456
1923457
1923458
1923459
1923460
1923461
1923462
1923463
1923464
1923465
1923466
1923467
1923468
1923469
1923470
1923471
1923472
1923473
1923474
1923475
1923476
1923477
1923478
1923479
1923480
1923481
1923482
1923483
1923484
1923485
1923486
1923487
1923488
1923489
1923490
1923491
1923492
1923493
1923494
1923495
1923496
1923497
1923498
1923499
1923500
1923502
1923503
1923504
1923505
1923506
1923510
1923511
1923512
1923513
1923514
1923515
1923516
1923517
1923518
1923519
1923521
1923522
1923523
1923524
1923525
1923526
1923528
1923529
1923530
1923531
1923532
1923533
1923535
1923536
1923537
1923538
1923539
1923540
1923541
1923542
1923543
1923544
1923545
1923546
1923549
1923550
1923551
1923552
1923553
1923554
1923555
1923556
1923557
1923558
1923559
1923560
1923561
1923562
1923563
1923564
1923565
1923566
1923567
1923568
1923569
1923570
1923571
1923572
1923573
1923574
1923575
1923576
1923577
1923578
1923579
1923580
1923581
1923582
1923583
1923584
1923585
1923586
1923587
1923588
1923589
1923590
1923591
1923592
1923593
1923594
1923595
1923596
1923597
1923598
1923599
1923600
1923601
1923602
1923603
1923604
1923605
1923606
1923607
1923608
1923609
1923610
1923611
1923612
1923613
1923614
1923615
1923616
1923617
1923618
1923619
1923620
1923621
1923622
1923623
1923624
1923625
1923626
1923627
1923628
1923629
1923630
1923631
1923632
1923633
1923634
1923635
1923636
1923637
1923638
1923639
1923640
1923642
1923643
1923644
1923645
1923646
1923647
1923648
1923649
1923650
1923651
1923652
1923653
1923654
1923655
1923656
1923657
1923658
1923659
1923660
1923661
1923662
1923663
1923664
1923665
1923666
1923667
1923668
1923669
1923670
1923671
1923672
1923673
1923674
1923675
1923676
1923677
1923678
1923679
1923680
1923681
1923682
1923683
1923684
1923685
1923687
1923688
1923689
1923690
1923691
1923692
1923693
1923694
1923695
1923696
1923697
1923698
1923699
1923700
1923701
1923702
1923703
1923704
1923705
1923706
1923707
1923708
1923709
1923710
1923711
1923712
1923713
1923714
1923715
1923716
1923717
1923718
1923719
1923720
1923721
1923722
1923723
1923724
1923725
1923726
1923727
1923728
1923729
1923730
1923731
1923732
1923733
1923734
1923735
1923736
1923737
1923738
1923739
1923740
1923741
1923742
1923743
1923744
1923745
1923746
1923747
1923748
1923749
1923750
1923751
1923752
1923753
1923754
1923755
1923756
1923757
1923758
1923759
1923760
1923761
1923762
1923763
1923764
1923765
1923766
1923767
1923768
1923769
1923770
1923771
1923772
1923773
1923774
1923775
1923776
1923777
1923778
1923779
1923780
1923781
1923830
1923881
1923882
1923889
1923890
1923891
1923892
1923893
1923894
1923895
1923896
1923916
1923919
1923922
1923925
1923930
1923933
1923936
1923939
1923942
1923945
1923948
1923949
1923950
1923955
1923963
1924072
1924351
1924352
1924353
1924355
1924356
1924358
1924360
1924361
1924362
1924363
1924364
1924365
1924366
1924367
1924368
1924370
1924371
1924373
1924374
1924375
1924378
1924379
1924381
1924384
1924396
1924400
1924403
1924404
1924406
1924422
1924423
1924426
1924459
1924547
1924548
1924549
1924550
1924551
1924729
1924730
1924731
1924732
1924733
1924734
1924749
1924751
1924761
1924806
1924989
1924991
1924997
1925019
1925152
1925153
1925162
1925168
1925170
1925178
1925182
1925185
1925190
1925195
1925204
1925208
1925214
1925216
1925222
1925225
1925228
1925230
1925237
1925297
1925497
1925501
1925556
1925563
1925570
1925745
1925775
1925776
1925777
1925778
1925779
1925780
1925781
1925782
1925802
1925803
1926117
1926498
1926500
1926501
1926502
1926503
1926504
1926511
1926594
1926633
1926644
1926943
1926964
1926967
1926968
1926969
1926996
1926997
1926998
1927013
1927014
1927015
1927016
1927017
1927018
1927019
1927020
1927021
1927022
1927023
1927024
1927025
1927026
1927027
1927028
1927029
1927030
1927143
1927714
1927717
1927799
1927813
1927814
1927815
1927831
1928005
1928199
1928200
1928223
1928232
1928239
1928251
1928256
1928290
1928296
1928305
1928307
1928310
1928311
1928314
1928320
1928323
1928330
1928336
1928383
1928413
1928414
1928424
1928427
1928428
1928429
1928434
1928451
1928454
1928456
1928457
1928458
1928461
1928464
1928465
1928466
1928473
1928480
1928621
1928627
1928629
1928632
1928633
1928634
1928636
1928638
1928710
1928761
1928932
1928949
1928970
1928981
1928985
1929001
1929004
1929006
1929023
1929029
1929049
1929054
1929055
1929057
1929058
1929059
1929060
1929063
1929066
1929068
1929069
1929073
1929074
1929111
1929112
1929115
1929150
1929152
1929162
1929313
1929425
1929427
1929428
1929429
1929430
1929432
1929433
1929434
1929435
1929436
1929904
1929905
1929941
1929950
1929963
1929964
1930080
1930083
1930255
1930257
1930261
1930263
1930269
1930298
1930302
1930304
1930430
1930436
1930485
1930506
1930507
1930508
1930509
1930510
1930605
1930638
1930821
1930823
1930825
1930920
1930921
1930960
1931095
1931096
1931111
1931113
1931245
1931247
1931249
1931250
1931255
1931257
1931262
1931264
1931268
1931272
1931293
1931294
1931295
1931296
1931297
1931298
1931299
1931300
1931302
1931303
1931304
1931308
1931309
1931310
1931311
1931313
1931314
1931316
1931320
1931321
1931322
1931323
1931324
1931326
1931331
1931333
1931334
1931335
1931336
1931356
1931369
1931370
1931371
1931407
1931448
1931495
1931553
1931581
1931582
1931599
1932006
1932007
1932118
1932361
1932362
1932363
1932465
1932477
1932482
1932488
1932492
1932510
1932516
1932523
1932528
1932529
1932533
1932537
1932547
1932548
1932554
1932556
1932557
1932562
1932571
1932572
1932713
1932718
1932810
1932815
1932821
1932826
1932828
1932829
1932832
1932834
1932840
1932843
1932863
1932880
1932881
1932882
1932883
1932885
1932886
1932889
1932890
1932891
1932892
1932893
1932894
1932895
1932896
1932897
1932899
1932901
1932903
1932904
1932905
1932906
1932907
1932909
1932910
1932911
1932912
1932923
1932924
1932926
1932927
1932931
1933062
1933063
1933093
1933103
1933104
1933107
1933108
1933110
1933111
1933112
1933113
1933114
1933115
1933176
1933178
1933180
1933181
1933185
1933189
1933190
1933191
1933245
1933257
1933263
1933412
1933689
1933693
1933695
1933770
1933771
1933772
1933773
1933774
1933901
1933916
1933917
1933918
1933919
1933920
1933921
1933932
1933938
1933969
1933984
1933993
1934040
1934252
1934258
1934260
1934261
1934262
1934263
1934264
1934265
1934266
1934267
1934268
1934271
1934272
1934273
1934274
1934275
1934277
1934279
1934280
1934283
1934284
1934285
1934286
1934287
1934288
1934289
1934290
1934291
1934292
1934293
1934294
1934295
1934297
1934298
1934301
1934303
1934304
1934305
1934322
1934411
1934413
1934414
1934418
1934424
1934428
1934429
1934798
1934805
1934809
1934827
1934829
1934838
1934843
1934846
1934859
1934869
1934876
1934883
1935387
1935440
1935470
1935472
1935473
1935474
1935475
1935476
1935477
1935478
1935479
1935480
1935481
1935482
1935483
1935484
1935486
1935491
1935497
1935498
1935500
1935501
1935504
1935505
1935507
1935508
1935922
1935957
1935966
1935970
1935973
1935977
1936072
1936209
1936211
1936213
1936214
1936269
1936792
1936793
1936794
1936797
1936800
1936809
1936811
1936812
1936815
1936817
1936840
1936855
1936857
1936864
1936869
1936878
1936890
1936891
1936896
1936909
1936916
1936917
1936921
1936944
1936948
1936955
1936956
1937205
1937206
1937207
1937209
1937210
1937211
1937213
1937214
1937230
1937250
1937251
1937255
1937256
1937258
1937261
1937264
1937267
1937269
1937275
1937280
1937288
1937290
1937296
1937310
1937311
1937318
1937326
1937329
1937335
1937337
1937340
1937341
1937343
1937348
1937349
1937356
1937357
1937358
1937375
1937376
1937378
1937380
1937384
1937385
1937789
1937817
1938392
1938563
1938564
1938566
1938570
1938571
1938575
1938577
1938623
1938656
1938657
1938698
1938699
1938700
1938701
1938702
1938705
1938707
1938918
1939253
1939289
1939315
1939366
1939452
1939592
1939595
1939599
1939600
1939619
1940149
1940186
1940191
1940193
1940194
1940199
1940200
1940252
1940321
1940323
1940324
1940325
1940329
1940330
1940331
1940333
1940334
1940343
1940344
1940345
1940351
1940353
1940373
1940378
1940388
1940555
1940570
1940839
1941233
1941234
1941235
1941236
1941237
1941238
1941239
1941417
1941434
1941435
1941436
1941437
1943501
1943508
1943514
1943516
1943517
1943519
1943520
1943562
1943563
1943564
1943585
1943586
1943587
1943588
1943589
1943590
1943592
1943593
1943596
1943597
1943598
1943602
1943603
1943604
1943606
1943607
1943608
1943609
1943610
1943611
1943612
1943613
1943615
1943617
1943620
1943621
1943622
1943623
1943624
1943647
1943648
1943649
1943652
1943653
1943656
1943657
1943658
1943659
1943662
1943680
1943681
1943682
1943683
1943684
1943685
1943686
1945522
1945523
1945524
1945560
1945561
1945562
1945563
1945565
1945575
1945582
1945583
1945584
1945585
1945586
1945587
1945588
1945589
1945738
1945739
1945740
1945741
1945742
1945743
1945744
1945745
1945746
1945747
1945748
1945749
1945750
1945751
1945752
1945753
1945774
1945850
1948917
1948932
1948933
1948951
1948957
1948960
1948968
1948977
1948979
1948980
1948988
1949001
1949002
1949014
1949015
1949022
1949030
1949037
1949038
1949040
1949041
1949043
1949044
1949045
1949047
1949196
1949197
1949198
1949199
1949201
1950126
1954144
1954145
1954148
1954149
1954153
1954154
1954155
1954156
1954157
1954158
1954159
1954160
1954184
1954186
1954199
1954225
1954226
1954248
1954355
1954378
1954379
1954380
1954826
1954912
1954915
1954921
1954968
1954969
1954970
1954971
1954972
1954974
1954975
1954976
1954977
1954978
1954979
1954980
1954981
1954982
1954983
1954986
1954987
1954988
1954989
1954992
1954993
1954994
1954995
1954996
1954999
1955001
1955003
1955054
1955137
1955138
1955139
1955141
1955142
1955143
1955144
1955145
1955146
1955153
1955154
1955157
1955163
1955164
1955165
1955166
1955168
1955169
1955170
1955171
1955172
1955175
1955176
1955180
1955181
1955196
1955198
1955199
1955235
1955242
1955288
1955289
1955290
1955292
1955294
1955295
1955296
1955302
1955304
1955308
1955309
1955315
1955318
1955319
1955337
1955394
1955423
1955424
1955425
1955426
1955493
1955495
1955558
1955560
1955721
1955730
1955785
1955786
1955787
1955804
1956176
1956177
1956188
1958732
1958733
1958734
1958774
1958776
1958777
1958778
1958779
1958782
1958783
1958784
1958785
1958786
1958807
1958808
1958810
1958907
1958911
1958912
1958913
1958914
1958916
1958917
1958918
1958919
1958921
1958922
1958956
1958957
1958964
1958965
1958978
1959007
1959008
1959009
1959109
1959110
1959111
1959112
1959113
1959114
1959115
1959116
1959117
1959118
1959119
1959120
1959121
1959122
1959123
1959124
1959125
1959126
1959127
1959128
1959129
1959130
1959287
1959342
1959484
1959736
1959737
1959739
1959740
1959744
1959762
1959843
1959845
1959846
1959848
1959929
1959930
1959933
1959944
1959953
1959963
1959967
1959969
1959970
1959973
1959995
1959998
1959999
1960000
1960001
1960002
1960003
1960004
1960005
1960006
1960007
1960008
1960009
1960012
1960014
1960016
1960017
1960018
1960019
1960020
1960021
1960022
1960024
1960025
1960026
1960046
1960106
1960107
1960108
1960109
1960110
1960111
1960157
1960206
1960247
1960249
1960250
1960251
1960252
1960253
1960254
1960255
1960312
1960315
1960318
1960320
1960349
1960354
1960355
1960365
1960366
1960367
1960377
1960393
1960394
1960396
1960405
1960408
1960411
1960413
1960420
1960431
1960433
1960435
1960441
1960444
1960452
1960459
1960473
1960475
1960477
1960479
1960480
1960484
1960490
1960494
1960495
1960496
1960498
1960501
1960510
1960513
1960518
1960526
1960535
1960537
1960538
1960541
1960545
1960549
1960557
1960561
1960564
1960566
1960570
1960654
1960655
1960656
1960657
1960658
1960659
1960660
1960710
1960886
1960887
1960921
1960924
1960925
1960926
1960927
1960928
1960929
1960930
1960931
1960937
1960938
1960939
1960971
1960972
1960973
1960974
1960975
1960977
1960978
1960980
1960981
1960983
1960985
1960987
1960988
1960989
1960992
1960993
1960997
1960999
1961001
1961002
1961003
1961004
1961005
1961006
1961007
1961008
1961010
1961011
1961012
1961013
1961014
1961017
1961018
1961019
1961020
1961021
1961022
1961023
1961024
1961025
1961026
1961027
1961028
1961031
1961032
1961034
1961035
1961036
1961041
1961042
1961043
1961045
1961049
1961051
1961053
1961056
1961057
1961058
1961060
1961061
1961063
1961064
1961065
1961066
1961067
1961068
1961072
1961155
1961162
1961573
1961574
1961575
1961576
1961577
1961648
1961650
1961653
1961656
1961659
1961660
1961661
1961662
1961663
1961664
1961665
1961666
1961678
1961679
1961680
1961681
1961682
1961683
1961719
1961720
1961721
1961723
1961725
1961726
1961728
1961729
1961730
1961731
1961733
1961734
1961736
1961741
1961742
1961743
1961744
1961745
1961746
1961748
1961750
1961755
1961757
1961758
1961764
1961765
1961766
1961768
1961769
1961771
1961772
1961773
1961774
1961775
1961776
1961778
1961782
1961783
1961784
1961785
1961786
1961787
1961797
1961914
1961924
1961929
1961935
1961936
1961940
1961950
1961962
1961968
1961969
1961971
1961972
1961974
1961984
1961991
1961999
1962000
1962010
1962014
1962019
1962020
1962024
1962027
1962028
1962029
1962030
1962037
1962046
1962051
1962052
1962072
1962073
1962074
1962075
1962076
1962077
1962078
1962081
1962083
1962084
1962085
1962086
1962087
1962088
1962089
1962090
1962091
1962092
1962093
1962094
1962095
1962096
1962097
1962098
1962099
1962102
1962105
1962107
1962109
1962110
1962117
1962122
1962123
1962124
1962126
1962168
1962169
1962251
1962254
1962258
1962299
1962300
1962301
1962302
1962356
1962357
1962365
1962372
1962375
1962387
1962390
1962393
1962394
1962447
1962501
1962503
1962671
1962672
1962679
1962726
1962727
1962982
1963222
1963223
1963224
1963225
1963226
1963227
1963228
1963229
1963230
1963231
1963233
1963234
1963235
1963236
1963247
1963252
1963253
1963254
1963256
1963260
1963756
1963764
1963767
1963768
1963769
1963770
1963771
1963793
1964229
1964246
1964370
1964371
1964372
1964420
1964425
1964430
1964552
1964556
1964557
1964558
1964565
1964630
1964631
1964641
1964647
1964653
1964655
1964657
1964658
1964660
1964665
1964669
1964674
1964678
1964682
1964686
1964690
1964691
1964698
1964701
1964703
1964705
1964713
1964714
1964727
1964739
1964740
1964745
1964753
1964754
1964755
1964761
1964767
1964769
1964771
1964774
1964790
1964800
1964806
1964807
1964815
1964816
1964817
1964818
1964819
1964820
1964821
1964822
1964823
1965013
1965014
1965015
1965018
1965063
1965064
1965065
1965066
1965067
1965068
1965074
1965089
1965093
1965225
1965238
1965269
1965306
1965344
1965354
1965355
1965361
1965363
1965365
1965366
1965367
1965368
1965369
1965372
1965374
1965375
1965376
1965377
1965378
1965379
1965380
1965382
1965383
1965384
1965385
1965386
1965451
1965452
1965454
1965455
1965456
1965457
1965464
1965465
1965472
1965473
1965474
1965475
1965476
1965482
1965483
1965484
1965485
1965486
1965487
1965488
1965489
1965490
1965491
1965492
1965494
1965532
1965533
1965534
1965535
1965536
1966265
1966685
1967293
1967296
1967324
1967326
1967327
1967331
1967472
1967841
1968210
1968220
1968222
1968226
1968227
1968228
1968231
1968232
1968235
1968239
1968242
1968243
1968247
1968248
1968251
1968252
1968300
1968301
1968303
1968304
1968305
1968306
1968307
1968310
1968312
1968313
1968316
1968318
1968319
1968320
1968321
1968322
1968323
1968324
1968325
1968326
1968328
1968329
1968332
1968334
1968336
1968338
1968340
1968762
1968777
1968805
1968806
1968807
1968809
1968810
1968812
1968813
1968816
1968818
1968821
1968822
1968861
1968887
1969113
1969351
1969397
1969398
1969399
1969400
1969401
1969602
1969700
1969741
1969830
1969831
1969841
1969860
1969862
1969864
1969867
1969869
1969872
1969881
1969884
1969886
1969889
1969891
1969892
1969907
1969908
1969910
1969914
1969991
1970087
1970160
1970162
1970163
1970164
1970165
1970166
1970167
1970168
1970169
1970170
1970171
1970173
1970174
1970176
1970177
1970178
1970179
1970180
1970181
1970182
1970186
1970374
1970744
1970745
1970746
1970747
1970776
1970788
1970789
1970794
1970795
1970797
1970798
1970799
1970800
1970911
1970913
1970914
1971232
1971233
1971235
1971236
1971237
1971396
1971410
1971411
1971412
1971413
1971414
1971415
1971416
1971417
1971418
1971419
1971420
1971421
1971422
1971423
1971424
1971425
1971426
1971427
1971429
1971430
1971431
1971432
1971433
1971434
1971435
1971436
1971437
1971438
1971439
1971440
1971441
1971442
1971443
1971444
1971445
1971446
1971447
1971448
1971449
1971450
1971505
1971506
1971507
1971508
1971521
1971525
1971528
1971530
1971531
1971532
1971534
1971535
1971538
1971540
1971541
1971543
1971544
1971546
1971547
1971549
1971550
1971552
1971553
1971554
1971555
1971556
1971561
1971569
1971573
1971575
1971580
1971581
1971588
1972072
1972076
1972079
1972096
1972097
1972099
1972101
1972111
1972112
1972114
1972115
1972121
1972123
1972124
1972125
1972199
1972265
1972268
1972277
1972294
1972298
1972304
1972312
1972314
1972318
1972321
1972330
1972336
1972338
1972342
1972348
1972356
1972360
1972361
1972363
1972381
1972386
1972564
1972565
1972566
1972567
1972568
1972569
1972570
1972571
1972572
1972573
1972574
1972575
1972576
1972577
1972578
1972579
1972580
1972581
1972584
1972586
1972587
1972588
1972589
1972592
1972593
1972594
1972595
1972596
1972597
1972611
1972612
1972613
1972614
1972615
1972616
1972617
1972618
1972619
1972620
1972621
1972622
1972623
1972624
1972625
1972626
1972637
1972639
1972682
1972683
1972684
1972686
1972687
1972691
1972696
1972700
1972716
1972755
1972960
1972962
1972966
1972970
1972971
1972972
1972973
1972974
1972975
1972976
1972979
1972980
1972981
1972982
1972984
1972985
1972986
1972987
1972988
1972989
1972990
1972994
1972995
1973099
1973200
1973201
1973203
1973204
1973205
1973206
1973209
1973265
1973443
1973444
1973445
1973447
1973452
1973453
1973454
1973734
1973758
1973762
1973769
1973770
1973772
1973775
1973779
1973801
1973810
1973812
1973814
1973828
1973829
1973833
1973840
1973842
1973843
1973857
1973862
1973863
1973865
1973866
1973868
1973870
1973875
1974168
1974169
1974422
1974423
1974596
1975614
1975687
1975688
1975689
1975690
1975691
1975693
1975696
1975733
1977074
1977075
1977105
1977139
1977140
1977141
1977142
1977143
1977144
1977295
1977297
1977298
1977299
1977304
1977306
1977307
1977392
1977402
1977403
1977408
1977410
1977411
1977412
1977630
1977631
1977632
1977633
1977635
1977636
1977638
1977639
1977640
1977642
1977643
1977644
1977657
1977661
1977675
1977681
1977698
1977700
1977702
1977712
1977723
1977751
1977758
1977761
1977790
1977792
1977801
1977802
1977803
1977806
1977816
1977817
1977818
1977995
1977996
1977997
1977998
1977999
1978000
1978001
1978007
1978008
1978009
1978010
1978011
1978012
1978308
1978413
1978532
1978533
1978534
1978535
1978536
1978537
1978538
1978539
1978540
1978541
1978542
1978543
1978544
1978545
1978546
1978568
1978569
1978570
1978574
1978576
1978581
1978590
1978593
1978594
1978596
1978597
1978605
1978608
1978611
1978613
1978615
1978617
1978618
1978619
1978622
1978627
1978631
1978632
1978633
1978636
1978653
1978662
1978663
1978665
1978667
1978668
1978676
1978682
1978683
1978684
1978685
1978686
1978692
1978694
1978697
1978698
1978700
1978702
1978706
1978707
1978709
1978710
1978713
1978716
1978717
1978721
1978723
1978724
1978726
1978731
1978732
1978736
1978737
1978738
1978744
1978749
1978752
1978753
1978754
1978756
1978758
1978920
1978922
1978932
1978944
1978945
1978949
1978950
1978959
1978963
1978970
1978972
1978976
1978977
1978979
1978981
1978987
1978991
1979005
1979021
1979023
1979026
1979030
1979035
1979036
1979037
1979048
1979049
1979052
1979055
1979058
1979061
1979069
1979078
1979080
1979083
1979084
1979094
1979098
1979102
1979103
1979104
1979108
1979110
1979113
1979114
1979117
1979124
1979125
1979336
1979540
1979541
1979542
1979749
1979751
1979752
1979753
1979755
1979813
1979820
1979848
1979849
1980075
1980076
1980139
1980140
1980160
1980163
1980164
1980165
1980166
1980167
1980173
1980174
1980331
1980335
1980348
1980353
1980357
1980366
1980370
1980378
1980383
1980384
1980385
1980410
1980412
1980413
1980415
1980416
1980417
1980418
1980419
1980420
1980421
1980425
1980426
1980427
1980428
1980429
1980430
1980431
1980432
1980433
1980442
1980455
1980456
1980457
1980458
1980493
1980517
1980533
1980538
1980540
1980541
1980611
1980613
1980624
1980625
1980627
1980628
1980631
1980632
1980633
1980772
1980773
1980776
1980780
1980783
1980787
1980791
1980794
1980799
1980801
1980803
1980804
1980806
1980808
1980812
1980846
1980848
1980850
1980915
1980916
1980917
1980918
1980921
1980922
1980923
1980924
1980925
1980926
1980928
1980929
1980930
1980931
1980936
1980937
1980938
1980941
1980942
1980943
1980944
1980945
1980946
1980947
1980948
1980949
1980950
1980951
1980955
1980956
1980957
1980958
1980959
1980960
1980961
1980962
1980964
1980966
1980986
1981020
1981022
1981023
1981024
1981026
1981027
1981032
1981041
1981042
1981043
1981047
1981048
1981049
1981097
1981103
1981106
1981116
1981119
1981120
1981153
1981156
1981157
1981158
1981159
1981160
1981161
1981162
1981163
1981164
1981165
1981166
1981167
1981168
1981169
1981170
1981333
1981499
1981500
1981514
1981552
1981553
1981621
1981623
1981627
1981628
1981796
1981797
1981802
1981808
1981811
1981813
1981818
1981820
1981916
1981931
1981932
1981933
1981970
1982076
1982077
1982078
1982079
1982080
1982081
1982082
1982083
1982084
1982085
1982086
1982087
1982088
1982089
1982090
1982091
1982092
1982093
1982095
1982096
1982097
1982098
1982099
1982100
1982101
1982102
1982104
1982105
1982106
1982107
1982108
1982109
1982111
1982112
1982113
1982148
1982150
1982151
1982152
1982153
1982154
1982218
1982219
1982220
1982221
1982222
1982225
1982227
1982228
1982229
1982236
1982237
1982238
1982239
1982240
1982241
1982244
1982245
1982246
1982247
1982248
1982251
1982252
1982253
1982254
1982255
1982256
1982257
1982258
1982259
1982260
1982261
1982262
1982263
1982264
1982265
1982266
1982267
1982268
1982269
1982270
1982271
1982272
1982273
1982274
1982275
1982276
1982277
1982278
1982279
1982280
1982281
1982282
1982283
1982284
1982285
1982286
1982287
1982288
1982290
1982291
1982292
1982293
1982294
1982295
1982297
1982298
1982300
1982301
1982302
1982303
1982304
1982305
1982306
1982307
1982308
1982355
1982357
1982358
1982359
1982360
1982363
1982364
1982365
1982367
1982368
1982369
1982370
1982371
1982372
1982373
1982374
1982375
1982376
1982377
1982378
1982379
1982380
1982381
1982530
1982531
1982532
1982534
1982536
1982537
1982542
1982543
1982544
1982545
1982554
1982555
1982556
1982557
1982558
1982559
1982560
1982561
1982562
1982563
1982564
1982565
1982566
1982567
1982569
1982570
1982571
1982573
1982574
1982575
1982576
1982577
1982578
1982579
1982580
1982581
1982583
1982584
1982585
1982587
1982588
1982590
1982591
1982592
1982594
1982595
1982596
1982643
1982658
1982660
1982675
1982714
1982715
1982717
1982719
1982723
1982727
1982728
1982742
1982744
1982745
1982746
1982747
1982748
1982749
1982750
1982751
1982874
1982875
1982876
1982877
1982878
1982879
1982880
1982881
1982882
1982883
1982884
1982885
1982886
1982887
1982888
1982889
1982890
1982891
1982892
1982893
1982894
1982895
1982897
1982898
1982899
1982900
1982901
1982902
1982903
1982904
1982905
1982916
1982917
1982918
1982926
1982927
1982928
1982929
1983106
1983107
1983108
1983109
1983110
1983116
1983117
1983118
1983119
1983120
1983221
1983222
1983223
1983225
1983228
1983229
1983230
1983231
1983235
1983236
1983237
1983241
1983246
1983247
1983248
1983249
1983308
1983310
1983312
1983314
1983317
1983318
1983319
1983408
1983409
1983413
1983447
1983459
1983461
1983463
1983465
1983525
1983535
1983536
1983539
1983541
1983543
1983544
1983545
1983546
1983547
1983550
1983551
1983552
1983553
1983554
1983555
1983556
1983557
1983560
1983561
1983562
1983563
1983564
1983565
1983566
1983567
1983568
1983569
1983570
1983571
1983572
1983573
1983575
1983576
1983577
1983578
1983579
1983581
1983582
1983588
1983594
1983596
1983598
1983599
1983603
1983605
1983606
1983607
1983610
1983612
1983613
1983614
1983615
1983616
1983620
1983621
1983655
1983656
1983734
1983735
1983736
1983737
1983738
1983739
1983740
1983741
1983742
1983744
1983750
1983751
1983763
1983764
1983771
1983777
1983779
1983780
1983783
1983784
1983789
1984749
1984752
1984773
1984774
1984775
1984776
1984777
1984778
1984779
1984780
1984781
1984783
1984784
1984785
1984786
1984787
1984788
1984789
1984790
1984796
1984798
1984799
1984800
1984857
1984858
1984891
1984897
1984899
1984908
1984909
1984911
1984913
1984915
1984916
1984918
1984922
1984926
1984936
1984937
1984943
1984963
1984966
1984967
1984968
1984971
1984974
1984976
1984984
1984990
1984993
1984997
1984998
1985002
1985008
1985011
1985016
1985017
1985019
1985020
1985021
1985022
1985025
1985026
1985027
1985030
1985037
1985038
1985042
1985047
1985050
1985051
1985057
1985059
1985080
1985085
1985088
1985089
1985096
1985097
1985159
1985162
1985163
1985164
1985175
1985176
1985177
1985178
1985179
1985180
1985181
1985182
1985183
1985188
1985202
1985276
1985277
1985284
1985285
1985290
1985291
1985292
1985293
1985303
1985304
1985305
1985306
1985307
1985308
1985309
1985310
1985325
1985326
1985327
1985328
1985329
1985336
1985337
1985338
1985339
1985340
1985341
1985342
1985353
1985354
1985365
1985366
1985367
1985368
1985369
1985370
1985371
1985372
1985373
1985374
1985375
1985376
1985377
1985378
1985379
1985380
1985381
1985382
1985383
1985384
1985385
1985386
1985387
1985388
1985389
1985390
1985391
1985392
1985393
1985394
1985395
1985396
1985397
1985398
1985399
1985400
1985402
1985403
1985404
1985405
1985406
1985407
1985408
1985409
1985410
1985411
1985412
1985413
1985415
1985416
1985417
1985418
1985419
1985420
1985421
1985425
1985426
1985427
1985428
1985429
1985674
1985687
1985688
1985689
1985690
1985691
1985692
1985693
1985694
1985695
1985696
1985697
1985698
1985699
1985702
1985703
1985704
1985706
1985708
1985709
1985710
1985711
1985712
1985713
1985714
1985715
1985716
1985717
1985718
1985720
1985722
1985723
1985724
1985725
1985726
1985727
1985729
1985730
1985731
1985732
1985733
1985734
1985735
1985736
1985737
1985738
1985739
1985740
1985760
1985763
1985765
1985767
1985768
1985769
1985772
1985773
1985775
1985776
1985777
1985781
1985782
1985783
1985784
1985785
1985786
1985787
1985788
1985791
1985793
1985798
1985799
1985800
1985802
1985807
1985811
1985812
1985824
1985833
1985845
1985846
1985847
1985848
1985968
1985982
1985983
1986015
1986017
1986018
1986019
1986020
1986021
1986022
1986023
1986024
1986027
1986029
1986030
1986031
1986032
1986033
1986034
1986112
1986113
1986118
1986190
1986191
1986195
1986196
1986197
1986198
1986289
1986290
1986291
1986350
1986399
1986415
1986416
1986418
1986419
1986477
1986478
1986479
1986491
1986505
1986506
1986538
1986540
1986950
1986951
1986958
1986959
1986960
1986961
1986975
1987013
1987017
1987018
1987019
1987020
1987021
1987074
1987075
1987076
1987077
1987085
1987092
1987093
1987096
1987101
1987102
1987103
1987104
1987105
1987106
1987107
1987108
1987123
1987124
1987125
1987126
1987127
1987128
1987129
1987130
1987139
1987140
1987141
1987142
1987143
1987144
1987145
1987146
1987148
1987149
1987150
1987152
1987153
1987154
1987155
1987156
1987157
1987158
1987159
1987170
1987173
1987174
1987175
1987179
1987184
1987185
1987187
1987191
1987194
1987197
1987199
1987200
1987203
1987204
1987211
1987212
1987213
1987216
1987220
1987221
1987223
1987225
1987226
1987230
1987231
1987234
1987236
1987239
1987240
1987242
1987243
1987246
1987248
1987255
1987256
1987260
1987261
1987267
1987268
1987274
1987277
1987282
1987284
1987286
1987293
1987295
1987297
1987300
1987303
1987307
1987315
1987316
1987322
1987331
1987332
1987333
1987334
1987346
1987351
1987352
1987353
1987359
1987360
1987403
1987404
1987405
1987408
1987410
1987412
1987413
1987414
1987417
1987419
1987423
1987424
1987425
1987426
1987428
1987430
1987433
1987434
1987438
1987439
1987440
1987441
1987442
1987445
1987448
1987449
1987450
1987451
1987452
1987455
1987456
1987458
1987459
1987463
1987464
1987466
1987467
1987468
1987470
1987472
1987473
1987474
1987478
1987479
1987508
1987509
1987727
1987728
1987729
1987730
1987731
1987732
1987733
1987734
1987735
1987736
1987737
1987738
1987739
1987740
1987741
1987742
1987744
1987745
1987938
1987940
1987942
1987987
1987988
1987989
1987993
1987994
1988039
1993557
1993558
1993559
1993560
1993564
1993565
1993566
1993576
1993582
1993584
1993630
1993631
1993638
1993639
1993640
1993641
1993643
1993647
1993649
1993650
1993858
1993859
1993860
1993861
1993862
1993863
1993864
1993865
1993867
1993871
1993872
1993873
1993876
1993879
1993880
1993882
1993883
1993884
1993885
1993886
1993887
1993888
1993889
1993907
2002795
2002796
2002797
2002798
2002817
2002818
2002982
2002987
2002988
2002993
2002997
2003002
2003005
2003006
2003007
2003008
2003009
2003011
2003013
2003024
2003026
2003032
2003035
2003039
2003040
2003043
2003045
2003046
2003047
2003048
2003049
2003051
2003057
2003058
2003059
2003061
2003064
2003068
2003071
2003072
2003083
2003087
2003089
2003095
2003103
2003105
2003301
2003307
2003308
2003309
2003310
2003311
2003312
2003313
2003327
2003328
2003329
2003390
2003391
2003394
2003395
2003398
2003400
2003403
2003498
2003499
2003500
2003502
2003503
2003504
2003505
2003506
2003507
2003578
2003649
2003650
2003651
2003652
2003672
2003673
2003680
2003759
2003760
2003762
2003764
2003765
2003767
2003773
2003774
2003776
2003777
2003779
2003780
2003781
2004066
2004067
2004068
2004069
2004070
2004072
2004073
2004074
2004075
2004077
2004078
2004090
2004094
2004104
2004107
2004109
2004119
2004123
2004140
2004151
2004154
2004156
2004162
2004165
2004166
2004167
2004170
2004173
2004174
2004186
2004188
2004192
2004202
2004211
2004221
2004225
2004250
2004268
2004280
2004281
2004282
2004283
2004284
2004286
2004289
2004291
2004292
2004293
2004294
2004296
2004297
2004300
2004301
2004302
2004303
2004305
2004306
2004308
2004310
2004311
2004312
2004313
2004314
2004315
2004316
2004318
2004321
2004323
2004325
2004330
2004331
2004332
2004335
2004336
2004337
2004338
2004343
2004344
2004348
2004353
2004355
2004357
2004358
2004360
2004361
2004362
2004363
2004367
2004368
2004369
2004370
2004373
2004376
2004378
2004383
2004388
2004390
2004415
2004457
2004460
2004486
2004487
2004601
2004609
2004610
2004611
2004612
2004613
2004617
2004619
2004622
2004627
2004628
2004629
2004630
2004633
2004634
2004636
2004637
2004707
2004714
2004715
2004904
2004950
2004957
2004960
2004961
2004962
2004963
2004964
2004965
2004966
2004967
2004968
2005044
2005047
2005048
2005054
2005055
2005059
2005060
2005183
2005184
2005188
2005189
2005218
2005269
2005281
2005285
2005287
2005288
2005297
2005322
2005330
2005413
2005426
2005431
2005433
2005441
2005442
2005444
2005445
2005505
2005506
2005509
2005622
2005623
2005624
2005626
2005628
2005630
2005631
2005637
2005640
2005643
2005646
2005647
2005649
2005650
2005655
2005656
2005659
2005660
2005661
2005662
2005663
2005691
2005692
2005693
2005694
2005695
2005696
2005697
2005698
2005699
2005700
2005701
2005702
2005789
2005961
2005963
2005991
2006022
2006066
2006072
2006073
2006074
2006126
2006133
2006134
2006135
2006136
2006137
2006138
2006139
2006145
2006147
2006148
2006158
2006169
2006170
2006171
2006172
2006173
2006174
2006175
2006177
2006178
2006179
2006180
2006394
2006397
2006402
2006403
2006407
2006408
2006409
2006411
2006412
2006414
2006415
2006416
2006417
2006419
2006421
2006423
2006425
2006428
2006431
2006433
2006434
2006435
2006438
2006441
2006442
2006445
2006446
2006447
2006449
2006453
2006454
2006455
2006457
2006459
2006460
2006461
2006463
2006464
2006466
2006467
2006468
2006472
2006473
2006474
2006476
2006479
2006480
2006481
2006482
2006483
2006484
2006485
2006486
2006492
2006493
2006494
2006498
2006585
2006642
2006668
2006671
2006684
2006921
2006922
2006923
2006925
2006926
2006928
2006930
2006938
2006940
2006941
2006942
2007183
2007184
2007347
2007348
2007351
2007354
2007356
2007363
2007485
2007583
2007603
2007696
2007704
2007799
2007800
2007810
2007815
2007836
2007888
2007950
2007954
2007993
2007995
2008025
2008046
2008151
2008152
2008158
2008173
2008182
2008183
2008189
2008190
2008191
2008196
2008203
2008207
2008223
2008226
2008228
2008229
2008230
2008233
2008235
2008244
2008246
2008248
2008253
2008255
2008258
2008260
2008261
2008262
2008268
2008269
2008271
2008295
2008304
2008313
2008317
2008320
2008368
2008561
2008562
2008563
2008566
2008567
2008568
2008614
2009199
2009207
2009208
2009210
2009212
2009213
2009215
2009216
2009218
2009219
2009220
2009221
2009226
2009227
2009230
2009233
2009238
2009239
2009242
2009247
2009251
2009258
2009260
2010222
2010246
2010248
2010263
2010265
2010266
2010267
2010268
2010269
2010270
2010271
2010272
2010273
2010274
2010275
2010276
2010277
2010278
2010279
2010280
2010281
2010282
2010283
2010284
2010285
2010286
2010314
2010316
2010317
2010319
2010320
2010321
2010322
2010323
2010326
2010327
2010329
2010331
2010332
2010835
2010837
2010838
2010840
2010841
2010870
2010873
2010874
2010875
2010960
2011035
2011049
2011056
2011060
2011062
2011069
2011073
2011074
2011075
2011076
2011077
2011078
2011079
2011080
2011081
2011082
2011083
2011087
2011088
2011110
2011112
2011113
2011118
2011120
2011125
2012467
2012469
2012470
2012619
2012620
2012639
2012640
2012676
2012677
2012824
2012826
2012827
2012828
2012829
2012831
2012839
2012847
2012856
2012857
2013019
2013043
2013044
2013045
2013046
2013051
2013054
2013056
2013057
2013564
2013907
2013959
2013968
2014179
2014183
2014184
2014192
2014193
2014197
2014199
2014201
2014202
2014204
2014206
2014207
2014214
2014216
2014218
2014221
2014227
2014230
2014338
2014339
2014344
2014349
2014350
2014413
2014414
2014427
2014428
2014434
2014442
2014500
2014565
2014566
2014567
2014570
2014571
2014572
2014573
2014585
2014586
2014587
2014588
2014591
2014592
2014593
2014603
2014604
2014663
2014664
2014665
2014666
2014667
2014739
2014917
2014919
2014931
2014960
2015054
2015057
2015058
2015059
2015060
2015061
2015063
2015130
2015194
2015196
2015197
2015198
2015199
2015200
2015201
2015202
2015215
2015235
2015251
2015252
2015254
2015258
2015259
2015370
2015372
2015374
2015376
2015379
2015440
2015441
2015550
2015551
2015591
2015803
2015804
2015805
2015806
2015807
2015808
2015809
2015810
2015811
2015812
2015814
2015815
2015816
2015817
2015818
2015819
2015820
2015821
2015823
2015824
2015825
2015827
2015828
2015829
2015831
2015833
2015834
2015835
2015836
2015837
2015838
2015839
2015840
2015841
2015842
2015843
2015844
2015845
2015848
2015850
2015853
2015855
2015856
2015857
2015859
2015860
2015861
2015864
2015865
2015866
2015868
2015869
2015870
2015871
2015872
2015873
2015874
2015875
2015876
2015877
2015878
2015879
2015881
2015882
2015883
2015885
2015886
2015888
2015889
2015890
2015891
2016020
2016021
2016022
2016023
2016024
2016025
2016026
2016027
2016028
2016034
2016035
2016049
2016050
2016052
2016053
2016071
2016072
2016073
2016074
2016075
2016076
2016077
2016078
2016079
2016227
2016231
2016236
2016238
2016239
2016289
2016290
2016291
2016292
2016297
2016298
2016302
2016398
2016399
2016400
2016402
2016426
2016447
2016448
2016449
2016450
2016451
2016452
2016453
2016454
2016455
2016456
2016457
2016458
2016459
2016460
2016461
2016462
2016463
2016467
2017080
2017081
2017082
2017083
2017580
2017603
2017605
2017606
2017697
2017698
2017699
2017702
2017703
2017704
2017705
2017706
2017709
2017710
2017711
2017712
2017714
2017716
2017717
2017720
2017721
2017722
2017723
2017724
2017756
2017757
2017802
2017803
2017807
2017809
2017811
2017815
2017824
2017825
2017827
2017833
2017835
2017838
2017841
2017848
2017849
2017850
2017868
2017870
2017871
2017877
2017883
2017884
2017893
2017896
2017897
2017901
2017906
2017907
2017909
2017911
2017912
2017913
2017916
2017919
2017920
2017921
2017933
2017934
2017936
2017938
2017939
2017941
2018029
2018097
2018098
2018099
2018101
2018102
2018103
2018104
2018107
2018109
2018116
2018123
2018144
2018186
2018207
2018220
2018228
2018264
2018266
2018268
2018270
2018273
2018276
2018277
2018281
2018283
2018284
2018287
2018289
2018290
2018293
2018295
2018297
2018301
2018310
2018311
2018312
2018313
2018471
2018499
2018500
2018501
2018502
2018503
2018513
2018683
2018685
2019386
2019387
2019393
2019394
2019395
2019396
2019400
2019401
2019403
2019405
2019406
2019407
2019408
2019409
2019445
2019555
2019558
2019562
2019573
2019582
2019584
2019590
2019604
2019607
2019609
2019610
2019614
2019616
2019617
2019633
2019635
2019638
2019641
2019642
2019643
2019648
2019650
2019656
2019657
2019660
2019661
2019673
2019675
2019678
2019682
2019684
2019686
2019696
2019697
2019700
2019702
2019703
2019704
2019705
2019708
2019711
2019718
2019719
2019723
2019724
2019730
2019731
2019732
2019735
2019740
2019745
2019750
2019754
2019755
2019756
2019757
2019760
2019762
2019763
2019766
2019769
2019774
2019775
2019778
2019781
2019782
2019784
2019786
2019789
2019793
2019794
2019812
2019814
2019815
2019817
2019820
2019824
2019825
2019826
2019827
2019831
2019834
2019835
2019836
2019838
2019840
2019844
2019845
2019846
2019847
2019849
2019850
2019851
2019852
2019855
2019857
2019859
2019862
2019865
2019866
2019870
2019871
2019872
2019873
2019874
2019880
2019882
2019889
2019891
2019892
2019894
2020251
2020261
2020285
2020286
2020287
2020413
2020416
2020418
2020419
2020420
2020423
2020507
2020879
2020880
2020956
2021212
2021315
2021317
2021320
2021321
2021417
2021652
2021666
2021667
2021721
2021738
2021839
2021840
2021842
2021848
2021849
2021851
2021859
2021863
2021864
2021865
2021866
2021867
2021868
2021869
2021870
2021871
2021872
2021874
2021875
2021876
2021877
2021878
2021879
2021880
2021881
2021883
2021884
2021885
2021886
2021887
2021888
2021889
2021890
2021891
2021892
2021893
2021894
2021895
2021896
2021897
2021898
2021899
2021900
2021901
2021902
2021903
2021904
2021905
2021906
2021907
2021908
2021909
2021910
2021911
2021912
2021913
2021914
2021915
2021916
2021917
2021918
2021920
2021921
2021922
2021923
2021924
2021925
2021926
2021934
2021944
2021945
2021949
2021951
2021952
2021953
2021955
2021956
2021957
2021958
2022010
2022115
2022118
2022119
2022120
2022121
2022122
2022123
2022124
2022125
2022161
2022166
2022167
2022170
2022174
2022176
2022178
2022182
2022183
2022185
2022197
2022321
2022331
2022379
2022381
2022383
2022385
2022386
2022411
2022412
2022413
2022429
2022430
2022449
2022474
2022475
2022639
2022640
2022641
2022738
2022739
2022783
2022833
2022856
2022857
2022859
2023057
2023124
2023125
2023127
2023155
2023156
2023203
2023205
2023297
2023301
2023306
2023308
2023311
2023315
2023318
2023320
2023322
2023324
2023325
2023337
2023343
2023344
2023657
2023716
2023775
2023912
2023913
2023916
2023917
2023918
2023922
2023925
2023930
2023931
2023932
2023933
2023949
2023950
2023951
2023953
2023958
2023959
2023990
2023992
2023993
2023994
2023995
2023996
2023998
2023999
2024005
2024006
2024007
2024010
2024011
2024102
2024106
2024122
2024128
2024130
2024131
2024134
2024138
2024140
2024145
2024151
2024159
2024173
2024175
2024187
2024208
2024211
2024212
2024214
2024229
2024230
2024231
2024232
2024233
2024234
2024235
2024236
2024237
2024239
2024247
2024250
2024251
2024252
2024253
2024261
2024262
2024263
2024264
2024265
2024275
2024277
2024279
2024280
2024281
2024282
2024283
2024284
2024285
2024286
2024288
2024289
2024292
2024293
2024294
2024295
2024296
2024297
2024298
2024299
2024302
2024303
2024304
2024305
2024306
2024307
2024308
2024309
2024310
2024311
2024312
2024313
2024314
2024315
2024316
2024317
2024318
2024319
2024320
2024321
2024324
2024328
2024330
2024331
2024333
2024334
2024335
2024336
2024337
2024338
2024339
2024340
2024341
2024348
2024349
2024350
2024351
2024352
2024496
2024498
2024543
2024552
2024565
2024566
2024567
2024568
2024569
2024570
2024571
2024573
2024578
2024579
2024603
2024604
2024607
2024608
2024713
2024714
2024720
2024721
2024722
2024723
2024724
2024734
2024997
2025002
2025006
2025013
2025020
2025035
2025077
2025078
2025079
2025096
2025121
2025123
2025129
2025132
2025133
2025136
2025137
2025142
2025145
2025147
2025150
2025155
2025156
2025317
2025318
2025319
2025322
2025323
2025325
2025326
2025328
2025333
2025338
2025339
2025352
2025358
2025359
2025360
2025388
2025396
2025397
2025398
2025477
2025478
2025479
2025480
2025519
2025520
2025583
2025584
2025595
2025782
2025788
2025790
2025792
2025800
2025806
2025809
2025810
2025812
2025815
2025816
2025818
2025819
2025820
2025821
2025822
2025823
2025837
2025839
2025998
2025999
2026000
2026001
2026002
2026003
2026004
2026005
2026006
2026007
2026010
2026011
2026014
2026016
2026019
2026020
2026021
2026022
2026023
2026024
2026026
2026027
2026028
2026031
2026032
2026033
2026034
2026035
2026037
2026038
2026039
2026040
2026041
2026042
2026043
2026044
2026045
2026046
2026047
2026048
2026049
2026050
2026051
2026052
2026054
2026055
2026056
2026057
2026058
2026059
2026061
2026062
2026063
2026064
2026065
2026066
2026067
2026068
2026069
2026070
2026071
2026072
2026073
2026074
2026075
2026076
2026077
2026078
2026079
2026080
2026081
2026082
2026083
2026084
2026102
2026113
2026114
2026115
2026129
2026130
2026195
2026196
2026363
2026367
2026368
2026370
2026375
2026377
2026378
2026380
2026382
2026383
2026391
2026393
2026397
2026400
2026562
2026564
2026569
2026576
2026577
2026578
2026580
2026581
2026586
2026589
2026594
2026596
2026598
2026599
2026600
2026601
2026602
2026603
2026814
2026815
2026943
2026944
2026949
2026950
2027132
2027133
2027134
2027135
2027137
2027148
2027149
2027155
2027161
2027163
2027164
2027165
2027166
2027189
2027202
2027203
2027206
2027229
2027233
2027234
2027235
2027236
2027237
2027238
2027239
2027243
2027244
2027246
2027248
2027249
2027250
2027251
2027252
2027253
2027254
2027255
2027256
2027257
2027258
2027259
2027260
2027261
2027262
2027263
2027264
2027265
2027266
2027267
2027268
2027269
2027272
2027274
2027276
2027277
2027279
2027310
2027350
2027351
2027352
2027353
2027354
2027355
2027376
2027377
2027411
2027448
2027645
2027884
2027885
2027888
2027889
2027890
2027891
2027892
2027893
2027894
2027897
2027898
2027899
2027900
2027901
2027902
2027903
2027904
2027905
2028114
2028115
2028117
2028119
2028120
2028130
2028134
2028225
2028227
2028507
2028509
2028511
2028519
2028520
2028526
2028528
2028529
2028530
2028533
2028534
2028535
2028536
2028539
2028540
2028543
2028544
2028545
2028546
2028547
2028548
2028549
2028550
2028551
2028552
2029063
2029064
2029171
2029172
2029291
2029293
2029296
2029303
2029304
2029305
2029306
2029458
2029516
2029620
2029621
2029631
2029632
2029634
2029635
2029636
2029657
2029658
2029659
2029660
2029661
2029662
2029663
2029664
2029665
2029666
2029667
2029668
2029669
2029670
2029671
2029672
2029673
2029674
2029675
2029676
2029702
2029705
2029706
2029771
2029894
2029896
2029899
2029925
2029933
2029937
2029938
2029939
2029944
2029948
2029949
2029950
2029956
2029963
2029971
2029974
2029978
2030094
2030096
2030097
2030099
2030100
2030101
2030103
2030104
2030109
2030111
2030115
2030118
2030122
2030126
2030127
2030446
2030830
2030831
2030832
2030834
2030835
2030836
2030837
2030838
2030839
2030840
2030843
2030844
2030845
2030846
2030847
2030848
2030849
2030851
2030852
2030854
2030855
2030856
2030857
2030860
2030861
2030862
2030863
2030864
2030865
2030867
2030870
2030871
2030872
2030874
2030875
2030876
2030877
2030878
2030879
2030909
2030910
2030912
2030922
2030923
2030924
2030954
2030964
2031165
2031166
2031200
2032563
2032573
2032600
2032731
2032852
2032853
2032855
2032856
2032857
2032858
2032859
2032860
2032861
2032862
2032864
2032866
2032867
2032868
2032869
2032870
2032871
2032872
2032873
2032874
2032875
2032877
2032878
2032879
2032880
2032881
2032882
2032884
2032887
2032888
2032889
2032890
2032892
2032893
2032895
2032896
2032897
2032898
2032900
2032901
2032902
2032903
2032904
2032905
2032909
2032910
2032912
2032913
2032916
2032917
2032919
2032920
2032921
2032923
2032925
2032926
2032927
2032929
2032930
2032931
2032934
2032937
2032941
2032943
2032944
2032945
2032946
2032952
2032953
2032954
2032955
2032956
2032957
2032958
2032959
2032960
2032962
2032983
2032989
2032992
2033520
2033521
2033522
2033523
2033524
2033528
2033529
2033533
2033537
2033544
2033545
2033548
2033549
2033554
2033555
2033560
2033562
2033566
2033570
2033574
2033575
2033576
2033580
2033633
2033681
2033685
2033686
2033687
2033688
2033690
2033721
2034071
2034075
2034102
2034107
2034109
2034156
2034157
2034161
2034166
2034329
2034330
2034331
2034332
2034333
2034334
2034335
2034336
2034337
2034343
2034344
2034345
2034346
2034347
2034348
2034495
2034496
2034497
2034498
2034499
2034500
2034501
2034762
2034763
2034827
2034828
2034867
2034870
2034872
2034873
2034874
2034880
2034881
2034883
2034884
2034885
2034886
2034887
2034888
2034889
2034890
2034893
2034894
2034895
2034898
2034911
2034918
2034919
2034924
2034947
2034952
2034953
2034964
2034973
2034982
2034984
2034993
2034994
2034995
2034996
2034997
2034998
2034999
2035014
2035035
2035036
2035037
2035038
2035039
2035045
2035302
2035365
2035366
2035368
2035369
2035370
2035371
2035372
2035374
2035375
2035376
2035377
2035378
2035379
2035381
2035383
2035384
2035386
2035387
2035388
2035390
2035392
2035394
2035395
2035396
2035399
2035460
2035463
2035478
2035480
2035484
2035489
2035491
2035493
2035497
2035499
2035535
2035708
2035845
2035998
2035999
2036049
2036050
2036053
2036054
2036055
2036222
2036227
2036241
2036266
2036284
2036286
2036317
2036338
2036345
2036347
2036367
2036370
2036385
2036390
2036411
2036415
2036423
2036425
2036428
2036432
2036437
2036446
2036447
2036468
2036469
2036476
2036479
2036488
2036496
2036498
2036508
2036509
2036518
2036521
2036535
2036546
2036569
2036589
2036619
2036636
2036637
2036645
2036646
2036661
2036662
2036667
2036688
2036689
2036690
2036691
2036701
2036702
2036703
2036768
2036776
2036777
2036778
2036779
2036783
2036784
2036826
2036827
2036828
2036829
2036832
2036833
2036870
2036944
2036946
2036948
2036950
2036952
2036955
2037138
2037142
2037151
2037152
2037177
2037186
2037207
2037250
2037282
2037299
2037339
2037358
2037375
2037380
2037439
2037442
2037465
2037475
2037500
2037513
2037544
2037608
2037622
2037649
2038078
2038085
2038306
2038310
2038312
2038315
2038316
2038317
2038685
2038719
2038720
2038721
2038722
2038723
2038724
2038725
2038726
2038727
2038728
2038729
2039181
2039182
2039184
2039196
2039207
2039212
2039215
2039216
2039230
2039267
2039305
2039373
2039491
2039492
2039694
2039697
2039767
2039780
2039782
2039784
2039884
2040282
2040285
2040286
2040287
2040288
2040289
2040572
2040575
2040577
2040590
2040591
2040592
2040655
2040656
2040657
2040658
2040659
2040662
2040663
2041148
2041200
2041204
2041205
2041206
2041207
2041208
2041209
2041210
2041211
2041212
2041214
2041215
2041291
2041292
2041301
2041310
2041312
2041317
2041323
2041333
2041337
2041339
2041341
2041342
2041344
2041345
2041347
2041348
2041350
2041351
2041353
2041354
2041382
2041383
2041389
2041413
2041416
2041417
2041419
2041454
2041472
2041473
2041474
2041475
2041476
2041477
2041486
2041487
2041488
2041489
2041490
2041491
2041492
2041493
2041494
2041495
2041496
2041497
2041498
2041499
2041500
2041501
2041502
2041504
2041505
2041506
2041507
2041508
2041509
2041510
2041511
2041514
2041515
2041516
2041517
2041518
2041519
2041520
2041521
2041522
2041524
2041525
2041526
2041527
2041528
2041529
2041530
2041531
2041532
2041533
2041534
2041535
2041536
2041537
2041538
2041540
2041542
2041543
2041544
2041545
2041546
2041547
2041548
2041549
2041550
2041551
2041552
2041553
2041556
2041557
2041558
2041559
2041560
2041561
2041562
2041563
2041759
2041760
2041855
2041856
2041859
2041860
2042051
2042056
2042174
2042206
2042207
2042251
2042252
2042257
2042258
2042259
2042260
2042482
2042530
2042532
2042538
2042539
2042542
2042543
2042544
2042548
2042549
2042550
2042551
2042552
2042555
2042556
2042557
2042558
2042559
2042560
2042561
2042562
2042564
2042565
2042566
2042567
2042570
2042571
2042572
2042575
2042576
2042579
2042580
2042581
2042582
2042583
2042584
2042585
2042586
2042587
2042588
2042591
2042592
2042594
2042604
2042642
2042643
2042644
2042693
2042696
2042698
2042822
2042823
2042825
2042827
2042828
2042829
2042830
2042831
2042832
2042833
2042834
2042835
2042836
2042838
2042839
2042844
2042846
2042847
2042848
2042849
2042852
2042854
2042855
2042858
2042861
2042865
2042869
2042870
2042871
2042872
2042873
2042874
2042954
2042997
2042998
2043062
2043069
2043075
2043079
2043084
2043086
2043100
2043101
2043102
2043104
2043111
2043118
2043123
2043124
2043550
2043551
2043552
2043655
2043656
2043657
2043658
2043659
2043661
2043662
2043666
2043667
2043668
2043669
2043672
2043674
2043675
2043678
2043684
2043694
2043696
2043698
2043699
2043702
2043703
2043704
2043705
2043706
2043710
2043718
2043723
2043725
2043727
2043728
2043731
2043732
2043733
2043740
2043742
2043743
2043744
2043747
2043748
2043759
2043760
2043761
2043762
2043765
2043769
2043771
2043774
2043775
2043778
2043780
2043787
2043792
2043795
2043796
2043798
2043800
2043803
2043805
2043810
2043811
2043815
2043818
2043820
2043821
2043822
2043827
2043831
2043833
2043835
2043840
2043842
2043844
2043845
2043847
2043854
2043856
2043864
2043865
2043866
2043868
2043871
2043873
2043879
2043885
2043889
2043892
2043893
2043894
2043895
2043896
2043897
2043898
2043899
2043902
2043906
2043908
2043911
2043913
2043914
2043915
2043916
2043917
2043918
2043919
2043922
2043923
2043927
2043929
2043932
2043933
2043939
2043941
2043944
2043946
2043949
2043950
2043951
2043952
2043953
2043957
2043975
2043976
2043979
2043984
2043987
2043992
2043993
2043996
2043997
2043999
2044001
2044002
2044007
2044014
2044018
2044020
2044021
2044022
2044025
2044026
2044032
2044033
2044038
2044039
2044043
2044054
2044055
2044056
2044058
2044060
2044064
2044069
2044071
2044074
2044076
2044079
2044080
2044081
2044085
2044086
2044087
2044090
2044091
2044092
2044093
2044097
2044099
2044107
2044108
2044109
2044112
2044113
2044114
2044117
2044118
2044120
2044123
2044126
2044129
2044133
2044138
2044139
2044144
2044145
2044148
2044152
2044157
2044163
2044164
2044165
2044168
2044173
2044175
2044178
2044180
2044186
2044190
2044196
2044197
2044198
2044201
2044202
2044204
2044205
2044210
2044212
2044213
2044214
2044215
2044217
2044218
2044221
2044228
2044229
2044232
2044233
2044239
2044241
2044253
2044254
2044255
2044258
2044447
2044452
2044561
2044876
2044919
2044922
2044923
2044924
2044925
2045045
2045064
2045065
2045066
2045067
2045068
2045069
2045070
2045071
2045072
2045073
2045074
2045075
2045076
2045077
2045078
2045079
2045080
2045113
2045136
2045137
2045138
2045139
2045140
2045145
2045147
2045149
2045150
2045154
2045155
2045156
2045157
2045159
2045162
2045163
2045164
2045170
2045175
2045176
2045179
2045181
2045185
2045186
2045187
2045189
2045190
2045191
2045192
2045193
2045340
2045345
2045361
2045370
2045371
2045372
2045373
2045463
2045466
2045468
2045469
2045470
2045489
2045491
2045498
2045504
2047758
2047761
2047764
2047765
2047766
2047776
2047777
2047778
2047782
2047786
2047787
2047788
2047801
2047828
2047829
2047830
2047831
2047832
2047834
2047835
2047836
2047837
2047838
2047839
2047840
2047841
2047842
2047843
2047845
2047846
2047847
2047865
2047866
2047867
2047868
2047869
2047870
2047872
2047873
2047876
2048005
2048007
2048008
2048061
2048185
2048192
2048198
2048517
2048530
2048536
2048537
2048538
2048539
2048540
2048541
2048542
2048543
2048544
2048677
2048688
2048692
2048693
2048694
2048695
2048698
2048706
2048708
2048711
2048713
2048714
2048715
2048877
2048879
2048880
2048975
2048976
2048977
2048978
2048979
2048980
2049306
2049440
2049442
2049444
2049446
2049447
2049451
2049452
2049485
2049514
2049515
2049516
2049517
2049518
2049645
2049646
2049647
2049653
2049663
2049674
2049691
2049692
2049694
2049695
2049705
2049706
2049709
2049716
2049721
2049731
2049746
2049751
2049757
2049758
2049759
2049763
2049764
2049774
2049775
2049778
2049779
2049781
2049784
2049789
2049800
2049802
2049805
2049806
2049811
2049818
2049820
2049828
2049830
2049835
2049837
2049843
2049849
2049852
2049885
2049886
2049887
2049888
2049889
2049890
2049892
2049893
2049937
2049938
2049944
2049955
2050009
2050010
2050011
2050012
2050013
2050014
2050015
2050016
2050017
2050018
2050019
2050020
2050021
2050022
2050037
2050039
2050412
2050413
2050414
2050415
2050417
2050418
2050419
2050421
2050430
2050449
2050451
2050452
2050453
2050454
2050455
2050459
2050460
2050462
2050463
2050465
2050466
2050467
2050468
2050469
2050470
2050471
2050472
2050473
2050474
2050475
2050477
2050478
2050479
2050480
2050481
2050482
2050483
2050485
2050486
2050487
2050488
2050489
2050490
2050491
2050492
2050493
2050494
2050497
2050498
2050499
2050500
2050501
2050502
2050503
2050504
2050505
2050506
2050507
2050508
2050509
2050510
2050511
2050513
2050514
2050515
2050518
2050519
2050522
2050524
2050525
2050532
2050534
2050535
2050537
2050538
2050539
2050540
2050541
2050542
2050543
2050544
2050545
2050546
2050547
2050548
2050549
2050552
2050553
2050554
2050555
2050556
2050557
2050558
2050559
2050560
2050578
2050579
2050583
2050584
2050585
2050586
2050587
2050589
2050596
2050840
2050876
2050877
2050878
2050925
2050928
2050929
2050930
2050964
2050969
2050971
2050976
2050979
2051140
2051143
2051149
2051156
2051158
2051161
2051168
2051170
2051171
2051173
2051178
2051187
2051188
2051190
2051191
2051194
2051196
2051206
2051214
2051217
2051218
2051222
2051223
2051226
2051228
2051230
2051231
2051232
2051233
2051234
2051240
2051241
2051242
2051245
2051248
2051249
2051251
2051257
2051266
2051267
2051271
2051272
2051281
2051282
2051287
2051289
2051296
2051297
2051303
2051310
2051314
2051317
2051320
2051321
2051323
2051328
2051334
2051338
2051340
2051349
2051350
2051352
2051353
2051354
2051355
2051361
2051363
2051364
2051365
2051369
2051370
2051373
2051382
2051383
2051384
2051390
2051392
2051395
2051396
2051399
2051403
2051404
2051406
2051407
2051409
2051410
2051411
2051413
2051416
2051418
2051425
2051431
2051432
2051434
2051435
2051438
2051441
2051442
2051457
2051467
2051473
2051479
2051482
2051486
2051490
2051491
2051498
2051500
2051504
2051511
2051512
2051513
2051515
2051517
2051519
2051526
2051527
2051537
2051538
2051543
2051544
2051550
2051561
2051564
2051565
2051566
2051567
2051569
2051573
2051574
2051577
2051585
2051586
2051587
2051595
2051602
2051603
2051607
2051609
2051610
2051618
2051620
2051624
2051626
2051632
2051636
2051638
2051639
2051672
2051936
2052022
2052029
2052035
2052066
2052067
2052068
2052070
2052074
2052075
2052076
2052080
2052081
2052082
2052157
2052172
2052192
2052197
2052198
2052199
2052200
2052202
2052206
2052209
2052217
2052221
2052224
2052236
2052247
2052250
2052255
2052272
2052286
2052465
2052466
2052477
2052478
2052558
2052559
2052560
2052561
2052562
2052563
2052564
2052565
2052566
2052567
2052568
2052569
2052570
2052571
2052606
2052607
2052649
2052651
2052685
2052731
2052732
2052733
2052734
2052736
2052742
2052743
2052750
2052753
2052754
2052755
2052757
2052805
2052806
2052807
2052808
2052821
2052822
2052838
2052850
2052851
2052890
2052891
2052892
2052893
2052894
2052895
2052897
2052899
2052913
2052930
2052931
2052932
2052933
2053015
2053026
2053055
2053078
2053079
2053080
2053081
2053082
2053182
2053183
2053244
2053246
2053248
2053251
2053265
2053269
2053275
2053563
2053587
2053603
2053604
2053623
2053653
2053671
2053672
2053674
2053675
2053681
2053682
2053684
2053685
2053686
2053690
2053693
2053697
2053698
2053699
2053700
2053701
2053702
2053703
2053704
2053705
2053706
2053707
2053708
2053709
2053723
2053812
2053813
2053814
2053815
2053898
2053917
2053919
2053921
2053923
2053981
2054046
2054092
2054093
2054095
2054102
2054103
2054118
2054120
2054179
2054272
2054273
2054274
2054409
2054415
2054592
2054593
2054609
2054610
2054611
2054612
2054613
2054614
2054616
2054617
2054618
2054619
2054877
2054920
2054930
2054956
2054960
2054961
2054963
2054969
2054971
2054980
2054981
2055002
2055004
2055007
2055008
2055017
2055018
2055238
2055261
2055262
2055263
2055848
2055854
2055863
2055870
2056088
2056122
2056123
2056124
2056125
2056126
2056127
2056161
2056194
2056196
2056197
2056198
2056199
2056200
2056201
2056203
2056205
2056255
2056257
2056323
2056324
2056331
2056332
2056340
2056341
2056347
2056349
2056350
2056355
2056374
2056383
2056384
2056385
2056516
2056540
2056541
2056542
2056544
2056545
2056546
2056547
2056548
2056549
2056550
2056551
2056552
2056567
2056767
2056768
2056780
2056781
2056878
2056879
2056880
2056881
2056882
2056883
2056884
2056885
2056886
2057161
2057187
2057198
2057199
2057509
2057931
2057932
2057933
2057938
2057940
2057942
2057943
2057944
2057945
2057946
2057947
2057974
2057975
2057976
2057977
2057978
2057979
2057984
2057985
2057997
2057998
2058008
2058015
2058016
2058029
2058033
2058035
2058046
2058063
2058067
2058071
2058073
2058075
2058079
2058081
2058083
2058090
2058091
2058092
2058093
2058094
2058161
2058396
2058615
2058617
2058620
2058757
2058759
2058778
2058779
2058837
2058840
2058856
2058858
2058863
2058870
2058871
2058872
2058874
2058876
2058877
2058878
2058935
2059288
2059300
2059308
2059380
2059381
2059413
2059415
2059552
2059554
2059562
2059566
2059582
2059583
2059584
2059598
2059603
2059622
2059642
2059665
2059674
2059675
2059676
2059679
2059795
2059850
2059851
2059854
2059855
2059856
2059857
2059867
2059877
2059878
2059879
2059880
2059881
2059882
2059883
2060021
2060027
2060038
2060081
2060084
2060085
2060087
2060088
2060089
2060090
2060091
2060092
2060093
2060111
2060112
2060118
2060119
2060120
2060122
2060126
2060127
2060128
2060129
2060135
2060136
2060137
2060138
2060139
2060140
2060142
2060261
2060266
2060268
2060270
2060271
2060273
2060280
2060290
2060291
2060292
2060295
2060298
2060338
2060339
2060479
2060485
2060490
2060491
2060492
2060511
2060617
2060720
2060721
2060778
2060945
2060946
2060947
2060948
2060949
2060950
2060951
2060952
2060953
2060954
2060955
2061053
2064730
2064731
2064732
2064733
2064734
2064735
2064736
2064737
2064738
2064740
2064741
2064742
2064743
2064965
2064966
2064969
2064974
2064982
2064993
2065031
2065033
2065036
2065037
2065038
2065043
2065044
2065045
2065046
2065047
2065048
2065049
2065050
2065051
2065052
2065053
2065054
2065055
2065056
2065191
2065199
2065202
2065203
2065204
2065210
2065211
2065215
2065326
2065328
2065330
2065342
2065343
2065344
2065348
2065349
2065351
2065355
2065357
2065358
2065359
2065364
2065797
2065798
2065806
2066003
2066109
2066116
2066120
2066124
2066126
2066147
2066163
2066166
2066167
2066168
2066207
2066225
2066233
2066245
2066263
2066265
2066277
2066286
2066287
2066298
2066302
2066304
2066307
2066331
2066332
2066338
2066339
2066353
2066356
2066357
2066361
2066365
2066369
2066383
2066389
2066395
2066401
2066403
2066405
2066407
2066413
2066414
2066503
2066504
2066695
2067573
2067607
2067611
2067627
2067632
2067633
2067646
2067659
2067739
2068674
2068675
2068676
2068681
2068691
2068699
2068708
2069312
2069313
2069319
2069320
2069321
2069322
2069323
2069324
2069325
2069326
2069327
2069328
2069371
2069476
2069480
2069502
2069534
2069545
2069608
2069609
2069610
2069614
2069615
2070023
2070026
2070027
2070028
2070035
2070042
2070044
2070051
2070052
2070054
2070057
2070058
2070065
2070066
2070067
2070068
2070071
2070076
2070086
2070100
2070103
2070104
2070105
2070117
2070120
2070123
2070125
2070127
2070129
2070137
2070144
2070151
2070152
2070178
2070179
2070180
2070181
2070182
2070183
2070184
2070185
2070186
2070187
2070188
2070189
2070190
2070193
2070194
2070197
2070198
2070199
2070200
2070201
2070202
2070211
2070494
2070715
2070716
2070717
2070718
2070719
2070720
2070721
2070722
2070723
2070724
2070725
2070726
2070727
2070728
2071318
2071320
2071324
2071325
2071566
2071636
2071637
2071659
2071719
2071759
2072003
2072004
2072005
2072006
2072008
2072010
2072011
2072024
2072041
2072060
2072064
2072065
2072069
2072071
2072072
2072093
2072094
2072096
2072101
2072117
2072122
2072123
2072150
2072159
2072163
2072170
2072173
2072177
2072193
2072209
2072351
2072391
2072393
2072643
2072797
2073044
2073143
2073163
2074132
2077133
2077134
2077135
2077150
2077183
2077277
2077287
2077296
2077298
2077299
2077300
2077302
2077303
2077304
2077305
2077307
2077308
2077310
2078576
2078577
2078581
2078583
2078789
2078790
2078791
2078792
2078793
2078794
2078795
2078796
2078799
2078800
2078801
2078802
2078803
2078804
2078805
2078806
2078807
2078808
2078809
2078811
2078812
2078813
2078814
2078815
2078816
2078817
2078818
2078819
2078820
2078822
2078823
2078824
2078825
2078986
2079134
2079148
2079257
2079258
2079259
2079262
2079275
2079276
2079278
2079279
2079280
2079281
2079282
2079283
2079284
2079285
2079287
2079288
2079289
2079290
2079298
2079315
2079316
2079317
2079321
2079340
2079347
2079397
2079398
2079399
2079400
2079401
2079402
2079403
2079407
2079409
2079410
2079412
2079413
2079414
2079415
2079417
2079418
2079420
2079421
2079422
2079423
2079424
2079425
2079426
2079427
2079428
2079429
2079430
2079431
2079432
2079433
2079434
2079465
2079521
2079534
2079541
2079543
2079544
2079549
2079554
2079563
2079564
2079565
2079566
2079567
2079568
2079570
2079571
2079572
2079573
2079577
2079578
2079579
2079580
2079581
2079582
2079583
2079584
2079586
2079587
2079588
2079589
2079590
2079591
2079592
2079593
2079598
2079601
2079605
2079606
2079607
2079609
2079610
2079612
2079613
2080107
2080255
2080258
2080259
2080260
2080261
2080447
2080449
2080450
2080456
2080457
2080458
2080459
2080460
2080462
2080463
2080464
2080823
2080833
2080834
2081603
2081604
2081616
2081617
2081618
2081619
2081620
2081621
2081622
2081624
2081625
2081626
2081628
2081630
2081631
2081904
2081950
2082229
2082230
2082585
2082586
2082657
2082658
2082665
2082666
2082667
2082668
2083001
2083159
2083161
2083176
2083181
2083182
2083183
2083191
2083198
2083199
2083207
2083209
2083214
2083275
2083276
2083300
2083425
2083444
2083445
2086356
2086357
2086436
2086639
2086640
2086643
2086644
2086649
2086650
2093214
2093217
2093218
2093219
2093224
2093270
2093273
2093274
2093275
2093375
2093376
2093496
2093788
2093789
2094116
2094128
2094129
2094130
2094131
2094132
2094135
2094136
2094137
2094138
2094140
2094141
2094142
2094143
2094144
2094185
2094186
2094187
2094258
2094259
2094260
2094261
2094303
2094572
2094713
2094719
2094720
2094724
2094725
2094734
2094736
2099336
2099338
2099352
2099356
2099390
2099443
2099444
2099445
2099446
2099448
2099449
2099450
2099451
2099452
2099521
2099567
2099585
2099624
2099625
2099626
2099627
2099628
2099629
2099630
2099631
2099633
2099634
2099635
2099636
2099637
2099638
2099639
2099640
2099641
2099642
2099644
2099645
2099646
2099648
2099649
2099650
2099651
2099652
2099653
2099658
2099797
2099850
2099851
2099852
2099854
2099857
2099859
2099860
2099861
2099862
2100124
2100130
2100419
2100420
2100421
2100727
2100815
2107573
2107574
2107707
2107708
2107709
2107710
2107711
2107712
2108054
2108109
2108110
2108111
2108112
2108113
2108114
2108115
2108116
2108117
2108118
2108119
2108120
2108121
2108123
2108124
2108125
2108126
2108127
2108129
2108131
2108132
2108133
2108134
2108137
2108200
2108201
2108202
2108203
2108204
2108205
2108206
2108207
2108208
2108210
2108211
2108212
2108328
2108357
2108359
2108440
2108446
2108447
2108459
2108460
2108520
2108521
2108549
2108550
2108551
2108552
2109364
2109365
2109366
2109367
2109373
2109374
2109376
2109379
2109380
2109586
2109587
2109652
2109910
2115790
2115844
2115847
2115848
2115958
2115964
2115965
2115967
2115988
2116114
2116115
2116116
2116117
2116118
2116119
2116120
2116121
2116122
2116123
2116124
2116125
2116126
2116127
2116128
2116129
2116130
2116131
2116132
2116133
2116134
2116135
2116136
2116137
2116138
2116139
2116140
2116141
2116142
2116143
2116144
2116145
2116146
2116147
2116148
2116149
2116150
2116151
2116153
2116154
2116155
2116156
2116157
2116158
2116159
2116160
2116161
2116162
2116163
2116164
2116165
2116166
2116167
2116168
2116169
2116171
2116172
2116173
2116175
2116177
2116178
2116179
2116180
2116181
2116182
2116183
2116184
2116185
2116186
2116187
2116188
2116189
2116190
2116191
2116192
2116193
2116194
2116195
2116196
2116197
2116198
2116199
2116200
2116201
2116202
2116203
2116204
2116205
2116206
2116207
2116208
2116209
2116326
2116327
2116328
2116329
2116330
2116331
2116332
2116333
2116334
2116337
2116338
2116339
2116340
2116341
2116342
2116343
2116344
2116345
2116346
2116357
2116359
2116360
2116361
2116362
2116366
2116369
2116370
2116371
2116372
2116373
2116374
2116375
2116376
2116377
2116378
2116379
2116380
2116381
2116382
2116383
2116384
2116385
2116386
2116387
2116388
2116389
2116390
2116391
2116392
2116393
2116394
2116395
2116396
2116397
2116398
2116399
2116400
2116414
2116415
2116416
2116417
2116418
2116419
2116420
2116421
2116422
2116423
2116424
2116425
2116426
2116428
2116429
2116430
2116431
2116432
2116433
2116434
2116435
2116436
2116437
2116438
2116439
2116440
2116441
2116442
2116443
2116447
2116448
2116449
2116451
2116452
2116453
2116454
2116455
2116456
2116457
2116463
2116464
2116465
2116466
2116467
2116468
2116469
2116470
2116471
2116472
2116473
2116474
2116475
2116476
2116477
2116478
2116479
2116480
2116481
2116482
2116483
2116484
2116486
2116487
2116488
2116489
2116490
2116536
2116537
2116538
2116559
2116560
2116599
2116604
2116623
2116688
2116708
2116736
2122733
2125980
2126056
2126098
2126099
2126131
2126132
2126133
2126437
2126519
2126524
2126525
2126611
2126721
2126722
2126723
2126724
2126734
2126735
2126736
2126785
2126786
2126787
2126789
2126790
2126791
2126803
2126804
2126805
2126806
2126807
2126808
2126809
2126812
2126813
2126814
2126815
2126816
2126817
2126819
2126922
2126923
2126924
2126925
2126926
2126927
2126928
2126929
2126930
2126931
2126932
2126933
2126934
2126935
2126936
2126943
2126945
2126947
2126949
2126950
2126951
2126952
2126954
2126955
2126956
2126957
2126958
2126979
2126980
2126984
2126985
2133750
2133760
2133791
2133792
2133793
2133794
2133795
2133796
2136008
2136036
2136038
2136178
2136179
2136181
2136283
2136797
2136799
2137161
2137174
2137175
2137183
2137184
2137242
2137351
2137352
2137353
2137503
2137507
2137508
2137509
2137511
2137540
2137541
2137542
2137543
2137546
2137606
2137607
2137745
2137753
2137754
2137858
2137874
2138297
2138298
2138299
2138326
2144176
2144177
2144178
2152567
2152660
2152662
2152919
2152923
2153295
2153377
2161784
2161785
2161795
2161797
2161798
2161799
2161803
2161804
2161805
2161807
2161808
2161809
2161810
2161811
2162638
2162642
2162682
2162683
2162684
2162685
2162686
2162687
2162688
2162689
2162690
2162691
2162699
2162700
2162701
2163008
2163032
2163420
2163421
2163587
2163588
2163589
2163590
2163591
2163592
2163593
2163594
2163595
2163596
2163597
2163598
2163605
2163629
2163631
2163632
2163633
2163634
2163635
2163636
2163645
2163884
2163885
2163886
2163887
2163888
2163889
2163890
2163891
2163899
2163916
2163962
2163963
2163964
2163965
2163970
2163976
2163977
2163978
2163979
2163980
2163982
2163983
2163984
2163985
2163986
2163987
2163996
2164061
2164100
2164101
2164102
2164103
2164174
2164175
2169442
2169477
2169478
2169479
2169480
2169481
2169482
2169483
2169484
2169485
2169486
2169529
2169530
2169531
2169532
2169534
2169536
2169561
2169567
2169568
2169569
2169570
2169571
2169572
2169574
2169575
2169576
2169577
2169595
2169596
2169597
2169598
2169599
2169600
2169601
2169607
2169608
2169609
2169610
2169611
2169612
2169613
2169614
2169615
2169616
2169617
2169618
2169619
2169620
2169621
2169622
2169623
2169624
2169625
2169626
2169627
2169628
2169629
2169630
2169631
2169632
2169633
2169634
2169635
2169636
2169637
2169638
2169639
2169640
2169641
2169642
2169643
2169644
2169645
2169646
2169647
2169648
2169649
2169650
2169651
2169652
2169653
2169654
2169655
2169656
2169657
2169658
2169659
2169660
2169661
2169662
2169663
2169664
2169665
2169666
2169667
2169668
2169669
2169670
2169685
2169686
2169687
2169688
2169689
2169690
2169692
2169693
2169699
2169700
2169701
2169704
2169705
2169706
2169707
2169708
2169709
2169721
2169722
2169723
2169725
2169726
2169727
2169728
2169729
2169730
2169731
2169732
2169733
2169734
2169735
2169736
2169738
2169739
2169740
2169741
2169742
2169743
2169744
2169747
2169757
2169759
2169760
2169775
2169776
2169777
2169782
2169798
2169799
2169801
2169802
2169803
2169804
2169807
2169808
2169809
2169810
2169811
2169812
2169814
2169823
2169824
2169825
2169829
2169834
2169836
2169837
2169838
2169839
2169841
2169842
2169843
2169846
2169852
2169853
2169854
2169855
2169856
2169857
2169858
2169859
2169860
2169861
2169862
2169863
2169864
2169865
2169866
2169867
2169868
2169870
2169871
2169872
2169873
2169874
2169875
2169876
2169877
2169878
2169879
2169880
2169881
2169882
2169883
2169884
2169885
2169886
2169893
2169894
2169901
2169902
2169903
2169904
2169905
2169907
2169908
2169910
2169918
2169919
2169920
2169921
2169922
2169923
2169924
2169925
2169926
2169927
2169928
2169930
2169931
2169932
2169933
2169935
2169936
2169937
2169960
2169961
2169962
2169963
2169965
2169966
2169967
2169968
2169970
2169971
2169973
2169974
2169975
2169976
2169977
2169978
2169979
2169980
2169981
2169984
2169985
2169986
2169987
2169988
2169990
2169991
2169998
2170000
2170001
2170002
2170003
2170004
2170005
2170006
2170007
2170008
2170027
2170028
2170029
2170030
2170033
2170039
2170041
2170042
2170043
2170044
2170045
2170046
2170047
2170048
2170049
2170050
2170052
2170053
2170054
2170057
2170060
2170061
2170064
2170091
2170098
2170099
2170100
2170101
2170102
2170103
2170104
2170105
2170106
2170107
2170108
2170109
2170110
2170111
2170112
2170113
2170114
2170115
2170117
2170118
2170119
2170120
2170121
2170122
2170123
2170124
2170125
2170126
2170127
2170128
2170129
2170130
2170132
2170135
2170139
2170170
2170171
2170172
2170173
2170174
2170180
2170181
2170191
2170193
2170194
2170195
2170197
2170198
2170199
2170200
2170201
2170202
2170203
2170204
2170205
2170206
2170209
2170211
2170215
2170216
2170217
2170220
2170221
2170222
2170224
2170233
2170234
2170235
2170236
2170237
2170238
2170239
2170240
2170246
2170247
2170248
2170249
2170250
2170251
2170253
2170254
2170255
2170256
2170305
2170312
2170313
2170402
2170403
2170404
2170405
2170406
2170407
2170408
2170409
2170410
2170411
2170412
2170423
2170538
2170544
2170545
2170547
2170548
2170549
2170576
2170578
2170586
2170587
2170588
2170589
2170590
2170591
2170592
2170593
2170594
2170595
2170596
2170597
2170705
2171371
2171372
2171373
2171374
2171375
2171376
2171377
2171378
2171379
2171380
2171381
2171382
2171383
2171384
2171385
2171386
2171387
2171388
2171389
2171390
2171391
2171392
2171393
2171394
2171395
2171525
2171586
2171721
2171759
2172017
2172040
2172041
2172042
2172089
2172091
2172092
2172093
2172094
2172402
2172534
2172548
2173138
2174902
2174956
2175004
2175117
2175169
2175246
2175278
2175279
2175295
2175329
2175592
2175602
2175605
2175606
2175687
2175688
2175800
2175843
2175844
2175845
2175867
2178918
2178919
2178920
2178921
2178922
2178923
2178927
2178928
2178929
2178932
2182318
2182320
2182321
2182322
2182324
2182340
2182341
2182344
2182345
2182346
2182347
2182348
2182349
2182350
2182351
2182352
2182353
2182354
2182355
2182356
2182357
2182358
2182359
2182360
2182361
2182392
2182393
2182394
2182395
2182396
2182397
2182398
2182399
2182400
2182402
2182403
2182404
2182405
2182406
2182407
2182408
2182467
2182585
2182586
2183732
2183735
2183738
2183739
2183740
2183741
2184034
2184035
2184051
2184081
2184265
2184269
2184393
2184394
2184395
2184396
2184397
2184398
2184399
2184403
2184404
2184405
2184468
2184469
2184698
2184699
2184710
2184715
2184748
2184749
2185079
2185086
2185087
2185132
2185168
2185170
2185281
2200716
2200756
2200757
2200830
2200909
2200955
2200956
2200957
2200958
2200959
2201042
2201043
2201163
2201166
2201169
2201260
2201276
2201277
2201278
2201279
2201280
2201281
2201282
2201283
2201284
2201285
2201286
2201287
2201289
2201291
2201292
2201293
2201294
2201295
2201296
2201297
2201298
2201299
2201300
2201301
2201302
2201303
2201304
2201305
2201307
2201309
2201310
2201311
2201312
2201313
2201314
2201315
2201316
2201317
2201318
2201319
2201320
2201321
2201322
2201323
2201325
2201346
2201347
2201348
2201349
2201378
2201414
2201415
2201416
2201417
2201420
2201421
2201424
2201426
2201427
2201428
2201429
2201430
2201431
2201432
2201433
2201434
2201435
2201436
2201437
2201438
2201439
2201440
2201441
2201442
2201443
2201444
2201446
2201447
2201448
2201450
2201452
2201453
2201454
2201455
2201462
2201469
2201470
2201471
2201472
2201742
2201988
2202135
2202138
2202146
2202225
2202246
2202247
2202248
2202322
2202559
2202562
2202565
2202566
2202624
2202644
2202645
2202646
2202647
2202649
2202811
2202812
2202813
2202814
2202954
2203081
2203191
2203776
2203780
2203781
2203894
2204151
2204153
2204154
2204155
2204156
2211152
2211153
2212402
2212477
2212644
2212645
2212747
2212748
2212749
2212751
2212755
2212758
2212761
2212768
2212769
2212774
2212776
2212779
2212780
2212781
2212784
2212790
2213020
2213167
2213168
2213169
2217649
2217650
2217872
2217874
2217875
2217876
2218497
2218498
2218499
2218519
2218538
2218594
2218595
2218612
2218616
2218617
2218618
2218619
2218620
2218652
2218660
2219036
2219046
2219047
2219048
2219049
2219050
2219051
2219052
2219053
2219055
2219089
2219090
2219091
2219092
2219093
2219103
2219105
2219106
2219109
2219110
2219111
2219112
2219113
2219114
2219115
2219116
2219117
2219118
2219119
2219120
2219121
2219122
2219123
2219124
2219126
2219129
2219130
2219132
2219133
2219134
2219135
2219136
2219137
2219138
2219139
2219140
2219141
2219142
2219143
2219164
2219165
2219166
2219167
2219214
2219215
2219217
2219222
2219223
2219561
2219562
2219644
2219863
2219873
2219899
2219987
2219988
2219989
2219990
2219991
2219997
2219998
2220002
2220003
2220062
2220065
2230895
2230896
2230897
2230898
2230899
2230900
2230901
2230902
2230910
2231185
2231334
2231335
2231337
2231340
2231342
2231344
2231345
2231346
2231347
2231348
2231349
2231351
2231352
2231353
2231354
2231355
2231359
2231361
2231362
2231639
2231642
2231643
2231646
2231665
2231666
2231667
2231668
2231669
2231670
2231671
2231672
2231673
2231674
2231675
2231676
2231677
2231679
2231680
2231681
2231682
2231683
2231684
2231685
2231686
2231687
2231688
2231689
2231690
2231691
2231692
2231693
2231694
2231695
2231696
2231697
2231700
2231703
2231705
2231707
2231710
2231711
2231712
2231713
2231714
2231715
2231716
2231717
2231755
2231756
2231757
2231763
2231769
2231770
2231771
2231772
2231773
2231774
2231775
2231776
2233536
2233537
2233538
2233540
2233614
2233775
2233778
2233782
2233868
2233872
2233873
2233992
2233993
2234025
2234026
2234027
2234028
2234030
2234031
2234032
2234033
2234034
2234035
2234036
2234037
2234047
2234072
2234073
2234074
2234075
2234076
2234077
2234079
2234080
2234081
2234082
2234083
2234084
2234085
2234086
2234088
2234092
2234093
2234106
2234121
2234122
2234123
2248769
2248770
2249313
2249314
2249315
2249467
2249763
2249768
2249769
2249773
2249775
2249777
2249779
2249780
2249930
2249931
2249932
2249933
2250119
2250120
2250121
2250214
2250215
2250219
2250220
2250288
2250289
2250290
2250291
2250292
2250293
2250294
2250295
2250296
2250297
2250298
2250299
2250300
2250301
2250302
2250304
2250305
2250306
2250308
2250309
2250310
2250311
2250312
2250313
2250314
2250319
2250320
2250321
2250322
2250323
2250324
2250326
2250327
2250328
2250329
2250330
2250331
2250332
2250333
2250334
2250335
2250336
2250337
2250349
2250350
2250351
2250352
2250353
2250354
2250355
2250356
2250357
2250359
2250360
2250361
2250362
2250363
2250364
2250365
2250367
2250368
2250369
2250370
2250371
2250373
2250374
2250375
2250376
2250377
2250378
2250379
2250380
2250381
2250382
2250383
2250384
2250385
2250386
2250387
2250389
2250390
2250392
2250393
2250394
2250395
2250396
2250397
2250399
2250400
2250401
2250402
2250403
2250405
2250407
2250408
2250409
2250412
2250414
2250415
2250417
2250418
2250419
2250421
2250422
2250423
2250424
2250425
2250427
2250429
2250449
2250450
2250451
2250452
2250469
2250639
2250642
2250700
2259331
2259332
2259334
2259343
2259540
2259657
2259728
2259776
2259777
2259778
2259779
2259782
2259783
2259784
2259786
2259788
2259789
2259792
2259807
2259808
2259810
2259811
2259884
2267235
2267236
2267237
2267238
2267239
2267241
2267248
2267398
2267403
2267518
2267560
2267607
2267608
2267653
2267654
2267655
2267678
2267679
2267680
2267885
2268047
2268051
2268052
2268053
2268125
2268393
2268396
2268405
2268406
2268421
2268578
2268587
2268588
2268589
2268590
2268591
2268607
2268608
2268609
2268610
2268612
2268613
2268614
2268615
2268616
2268618
2268619
2268620
2268621
2268622
2268623
2268743
2268983
2268986
2268989
2269000
2269044
2269047
2269048
2269062
2269064
2269360
2269366
2269380
2282173
2282175
2282196
2282206
2282396
2282399
2282400
2282401
2282402
2282407
2282408
2282409
2282412
2282480
2282485
2282487
2282490
2282491
2282493
2282494
2282495
2282496
2282497
2282498
2282499
2282500
2282502
2282504
2282505
2282506
2282507
2282508
2282511
2282512
2282513
2282514
2282515
2282516
2282517
2282519
2282522
2282629
2282630
2282631
2282638
2282643
2282645
2282904
2282908
2282909
2282910
2282911
2282912
2282989
2282994
2283011
2283012
2283013
2283014
2283015
2283016
2283017
2283018
2283019
2283020
2283021
2283022
2283023
2283024
2283025
2283026
2283027
2283028
2283029
2283030
2283031
2283033
2283098
2283236
2283237
2283239
2283241
2283244
2283247
2283248
2283249
2283250
2283251
2283252
2283253
2283254
2283255
2283256
2283258
2283259
2283260
2283261
2283262
2283263
2283264
2283265
2283266
2283267
2283269
2283270
2283271
2283272
2283281
2283282
2283286
2283287
2283288
2283289
2283290
2283291
2283292
2283293
2283294
2283295
2283296
2283297
2283298
2283299
2283300
2283301
2283302
2283303
2283304
2283305
2283314
2283388
2283642
2283799
2283800
2290808
2290809
2290890
2290927
2291613
2291614
2291835
2291940
2291941
2291942
2291943
2291944
2292426
2292642
2292651
2292652
2292880
2293273
2293274
2293277
2293278
2293279
2293280
2293281
2293282
2293283
2293286
2293287
2293288
2293289
2293290
2293291
2293292
2293293
2293294
2293295
2293296
2293297
2293298
2293299
2293301
2293302
2293303
2293305
2293308
2293309
2293310
2293314
2293720
2293721
2293728
2293880
2293881
2294094
2294149
2294150
2294151
2294153
2294154
2294155
2294156
2301300
2301301
2301302
2301448
2301453
2301497
2301507
2301508
2301518
2301527
2301529
2301530
2301531
2301532
2301535
2301536
2301537
2301538
2301539
2301540
2301541
2301542
2301543
2301544
2301545
2301546
2301547
2301548
2301549
2301550
2301551
2301552
2301553
2301554
2301556
2301558
2301559
2301560
2301561
2301563
2301564
2301565
2301566
2301567
2301569
2301570
2301571
2301572
2301573
2301574
2301575
2301600
2301601
2301602
2301603
2301604
2301605
2301607
2301608
2301609
2301611
2301612
2301613
2301614
2301615
2301616
2301617
2301618
2301619
2301620
2301621
2301635
2301637
2301638
2301642
2301646
2301647
2301648
2301649
2301650
2301651
2301652
2301653
2301654
2301655
2301656
2301658
2301659
2301661
2301662
2301664
2301684
2301685
2301686
2301687
2301688
2301689
2301690
2301691
2301692
2301693
2301694
2301695
2301696
2301697
2301698
2301699
2301700
2301701
2301702
2301703
2301704
2301705
2301706
2301707
2301708
2301709
2301710
2301711
2301712
2301713
2301714
2301715
2301720
2301721
2301722
2301723
2301724
2301725
2301726
2301727
2301728
2301729
2301731
2301732
2302419
2303151
2303158
2303160
2303178
2303390
2303394
2303395
2303411
2303482
2303485
2303487
2303488
2303489
2303490
2303580
2303959
2303994
2304000
2304001
2304025
2304033
2304034
2304056
2304198
2304199
2304214
2304449
2304450
2304463
2304466
2304477
2304478
2304479
2304480
2304481
2304483
2304484
2304485
2304486
2304491
2304493
2304494
2304495
2304496
2304497
2304498
2304499
2304502
2304503
2304505
2304508
2304509
2304510
2304511
2304512
2304513
2304514
2304515
2304516
2304517
2304518
2304522
2304615
2304617
2304618
2304619
2304620
2304621
2304647
2304648
2304660
2305035
2305250
2305257
2305258
2305269
2305270
2305465
2305480
2305482
2305483
2305484
2305485
2305486
2305487
2305488
2305489
2306056
2306063
2306079
2306278
2306284
2306285
2306565
2306566
2306623
2306727
2306813
2306885
2306887
2306966
2307015
2307016
2307017
2307112
2307269
2307284
2315167
2315168
2315193
2315194
2315196
2315197
2315198
2315199
2315200
2315201
2315202
2315205
2315206
2315217
2315335
2315392
2315458
2315465
2315466
2315467
2315468
2315469
2315470
2315471
2315475
2315477
2315478
2315482
2315483
2315484
2315485
2315486
2315527
2315529
2315531
2315532
2315533
2315534
2315535
2315536
2315537
2315539
2315540
2315541
2315542
2315544
2315546
2315547
2315578
2315580
2315597
2315601
2315608
2315609
2315610
2315611
2315612
2315613
2315614
2315615
2315616
2315617
2315618
2315619
2315627
2315628
2315629
2315691
2315692
2315693
2315695
2315696
2315700
2315701
2315702
2315703
2315704
2315705
2315706
2315707
2315708
2315709
2315710
2315711
2315712
2315713
2315714
2315715
2315716
2315717
2315721
2315724
2315763
2315766
2315797
2315803
2315804
2315805
2315806
2315807
2315808
2315809
2315810
2315811
2315813
2315854
2315855
2315856
2315857
2315863
2316013
2316014
2316016
2316019
2316143
2316144
2316154
2316740
2320183
2320184
2320186
2320188
2320190
2320191
2320192
2320193
2320194
2320195
2320196
2320197
2320198
2320522
2320698
2320700
2320701
2320739
2320870
2321390
2321391
2336744
2336760
2338059
2338394
2338395
2338396
2339254
2339258
2340711
2340712
2340713
2340714
2340715
2340716
2340717
2340719
2340720
2340808
2340861
2340870
2340873
2340905
2340906
2340908
2340909
2340910
2340996
2341010
2341047
2341048
2341050
2341077
2341078
2341079
2358186
2358214
2358294
2358449
2358483
2364128
2364129
2364130
2364131
2364132
2364194
2364197
2364198
2364199
2364200
2364201
2364202
2364203
2364204
2364205
2364280
2364281
2364291
2364644
2364645
2364646
2364897
2365005
2365006
2365008
2365009
2365010
2365011
2365012
2365013
2365014
2365015
2365016
2365017
2365018
2365019
2365020
2365021
2365022
2365026
2365027
2365028
2365029
2365030
2365031
2365032
2365033
2365034
2365035
2365036
2365037
2365038
2365039
2365040
2365041
2365042
2365043
2365044
2365045
2365046
2365047
2365048
2365049
2365050
2365051
2365052
2365053
2365054
2365055
2365056
2365057
2365058
2365059
2382092
2382121
2382122
2382310
2419504
2419523
2419524
2419525
2419526
2419581
2419582
2419608
2419609
2419610
2419611
2419612
2419613
2419614
2419615
2419617
2419618
2419619
2419620
2419621
2419622
2419623
2419624
2419625
2419626
2419627
2419628
2419629
2419630
2419631
2419632
2419634
2419635
2419636
2419638
2419639
2419640
2419641
2419642
2419643
2419645
2419646
2419647
2419648
2419649
2419650
2419654
2419655
2419656
2419657
2419661
2419662
2419663
2419666
2419667
2419682
2419683
2419747
2419748
2419752
2419753
2419754
2419756
2419758
2419759
2419760
2419761
2419762
2419797
2419804
2419805
2419930
2419938
2419939
2419940
2419942
2419945
2419946
2419948
2419949
2419950
2419951
2419952
2419953
2419954
2419955
2419956
2419957
2419958
2419959
2419960
2419961
2419962
2419963
2419964
2419965
2419966
2419967
2419968
2419970
2419971
2419974
2419976
2419977
2419978
2419979
2419980
2419986
2419987
2420054
2420055
2420056
2420235
2420237
2420238
2420239
2420240
2420320
2420341
2420347
2420348
2421278
2421281
2421386
2421439
2421440
2447800
2447802
2447803
2447804
2447805
2447806
2447808
2447809
2447810
2447811
2447812
2447814
2447815
2447816
2447817
2447818
2447819
2447820
2447821
2447822
2447823
2447824
2447825
2447826
2447827
2447828
2447829
2447915
2447916
2447920
2447921
2447922
2447923
2447924
2447927
2447928
2447929
2447930
2447931
2447932
2447933
2447934
2447938
2448017
2448018
2448213
2448216
2448270
2448274
2448354
2448649
2448895
2448896
2448897
2448898
2448899
2448904
2448906
2448907
2448908
2448909
2461378
2461417
2461419
2461421
2461423
2461425
2461426
2461427
2461428
2461429
2461430
2461431
2478383
2478384
2478654
2478655
2478683
2478911
2478919
2479372
2479459
2479483
2479933
2479934
2480171
2480172
2480173
2480174
2480175
2480176
2480177
2480178
2480179
2480180
2480181
2480182
2480183
2480184
2480185
2480186
2480187
2480188
2480191
2480192
2480193
2480196
2480197
2480201
2480622
2480623
2480685
2482768
2482770
2482952
2482953
2483037
2483303
2483305
2483307
2483417
2483418
2483604
2483607
2483608
2483609
2483610
2483612
2483623
2483660
2483661
2483664
2483665
2483666
2483667
2483668
2483669
2483670
2483671
2483672
2483673
2483674
2483675
2483712
2483713
2483714
2483715
2483718
2483719
2483720
2483721
2483722
2483772
2483850
2483851
2483852
2483877
2483878
2483879
2484112
2484116
2484205
2484206
2484207
2484208
2484209
2484211
2484213
2484214
2484216
2484217
2484218
2484222
2484226
2484249
2484637
2484638
2484639
2484640
2484867
2484986
2484993
2485221
2485231
2485233
2485835
2485865
2485868
2485870
2485871
2485873
2485875
2485876
2485878
2485879
2485880
2485881
2485882
2485883
2485916
2485917
2485918
2485919
2485920
2485922
2485923
2485924
2486070
2486071
2486072
2486187
2486188
2486189
2486204
2486220
2486281
2486603
2486665
2486713
2487095
2487100
2487141
2487147
2487338
2487339
2487340
2487341
2487438
2487441
2487700
2487724
2487725
2487726
2487727
2487744
2487745
2487752
2487753
2487754
2487763
2487764
2487765
2487766
2487767
2487768
2487769
2487770
2487771
2487772
2487773
2487774
2487775
2488327
2488332
2488356
2488571
2488573
2488574
2488578
2488589
2488595
2488596
2488632
2488654
2488664
2488668
2488679
2488680
2488682
2488702
2488704
2488705
2488708
2488711
2488712
2488713
2488780
2488781
2488782
2488783
2488784
2488785
2488786
2488788
2488789
2488792
2488793
2488832
2488835
2488858
2488859
2488948
2488949
2488951
2488952
2488953
2488954
2488955
2488956
2488957
2488958
2488959
2488960
2488962
2488963
2488964
2488965
2488966
2488967
2488968
2488969
2488970
2488971
2488972
2488973
2488974
2488975
2488976
2488977
2488978
2488980
2488981
2489148
2489185
2489186
2489187
2489188
2489189
2489190
2489597
2489598
2489622
2489624
2489626
2489627
2489631
2489632
2489634
2489637
2490442
2490446
2490447
2490448
2490449
2490450
2490451
2490812
2490813
2490814
2490815
2490816
2490817
2490818
2490819
2490820
2490821
2490822
2490823
2490824
2490826
2490828
2490861
2491016
2491018
2491019
2491281
2491282
2491283
2491284
2491285
2491286
2491287
2491288
2491289
2491290
2491291
2491292
2491316
2491317
2491318
2491319
2491320
2491321
2491322
2491323
2491346
2491350
2491351
2491352
2491660
2491661
2491663
2491673
2491674
2491899
2491943
2491944
2491945
2491948
2491949
2491951
2492437
2492447
2492466
2492467
2492468
2492473
2492474
2492475
2492655
2492656
2492657
2492658
2492659
2492948
2492961
2492962
2493083
2493116
2493121
2493122
2493124
2493125
2493126
2493995
2494210
2494327
2494332
2494333
2494350
2494552
2494563
2494736
2494737
2494738
2494739
2494740
2494741
2494742
2494743
2494744
2494745
2494746
2494747
2494748
2494749
2494750
2494751
2494752
2494753
2494754
2494755
2494756
2494757
2494758
2494759
2494760
2494761
2494762
2494763
2494765
2494766
2494767
2494768
2494769
2494770
2494771
2494772
2494773
2494774
2494775
2494776
2494777
2494778
2494779
2494780
2494781
2494782
2494783
2494784
2494785
2494787
2494788
2494790
2494791
2494792
2494793
2494794
2494795
2494796
2495433
2495531
2495532
2495533
2495553
2495554
2495555
2495557
2495576
2495749
2495751
2495901
2496155
2496268
2496271
2496272
2496274
2496520
2496544
2496545
2496546
2496547
2496549
2496550
2496551
2496574
2496575
2496585
2496589
2496631
2496633
2496634
2497329
2497330
2497337
2497338
2497339
2497408
2497432
2497443
2497444
2497445
2497547
2497568
2497569
2497570
2497571
2497572
2497573
2497574
2497575
2497576
2497577
2497859
2497865
2497866
2497867
2497940
2497942
2498143
2498144
2498590
2498591
2498616
2498817
2498843
2498844
2498999
2499000
2499001
2499002
2499003
2499004
2499005
2499006
2499007
2499008
2499009
2499012
2499013
2499014
2499016
2499017
2499018
2499019
2499020
2499021
2499022
2499023
2499024
2499026
2499027
2499031
2499032
2499033
2499034
2499035
2499036
2499037
2499038
2499039
2499040
2499042
2499043
2499044
2499045
2499046
2499047
2499048
2499049
2499052
2499054
2499055
2499056
2499057
2499058
2499059
2499060
2499061
2499062
2499063
2499064
2499065
2499066
2499067
2499068
2499069
2499070
2499071
2499072
2499073
2499074
2499142
2499223
2499224
2499225
2499226
2499227
2499228
2499229
2499230
2499231
2499232
2499233
2499234
2499242
2499245
2499246
2499247
2499248
2499252
2499398
2499399
2499400
2499401
2499402
2499403
2499405
2499407
2499408
2499411
2499603
2499604
2499605
2499606
2499607
2499608
2499609
2499610
2499611
2499612
2499613
2499614
2499615
2499616
2499617
2499618
2499620
2499621
2499622
2499623
2499624
2499625
2499674
2499675
2499676
2499677
2499678
2499679
2499680
2499683
2499684
2499685
2499881
2499902
2499909
2499930
2499932
2500136
2500137
2500138
2500145
2500149
2500150
2500151
2500166
2500169
2500556
2500557
2500558
2500559
2500560
2500561
2500562
2500563
2500564
2500565
2500566
2500567
2500568
2500569
2500570
2500571
2500572
2500573
2500574
2500576
2500577
2500578
2500580
2500581
2500761
2500762
2500763
2500764
2500786
2500787
2500789
2500790
2500791
2500792
2500794
2500795
2500796
2500797
2500798
2500799
2500801
2500802
2500803
2500804
2500805
2500807
2500808
2500809
2500810
2500814
2500817
2500818
2500819
2500820
2500821
2500826
2500827
2500828
2501034
2501035
2501036
2501037
2501038
2501039
2501040
2501041
2501042
2501043
2501044
2501046
2501047
2501048
2501050
2501053
2501054
2501055
2501056
2501057
2501058
2501216
2501217
2501218
2501219
2501220
2501221
2501222
2501264
2501265
2501266
2501267
2501268
2501269
2501270
2501271
2501272
2501273
2501274
2501275
2501276
2501277
2501278
2501279
2501281
2501282
2501283
2501284
2501285
2501286
2501287
2501288
2501289
2501290
2501366
2501367
2501368
2501398
2501412
2501413
2501420
2501434
2501435
2501658
2501743
2501744
2501771
2501772
2501774
2501922
2501923
2501925
2501926
2501927
2501928
2501929
2501930
2501931
2501933
2501934
2501935
2501936
2501937
2501938
2501939
2501940
2501941
2501942
2501943
2501944
2501945
2501946
2501947
2501948
2501949
2501950
2501951
2501952
2501955
2501956
2501957
2501958
2501959
2501960
2501961
2501962
2501963
2501964
2501965
2501966
2501967
2501968
2501969
2501970
2501971
2501972
2501973
2501974
2501975
2501976
2501977
2501978
2501979
2501981
2501982
2501983
2501984
2501985
2501986
2501987
2501988
2501989
2501990
2501992
2501993
2501994
2501995
2501997
2501998
2501999
2502000
2502017
2502018
2502019
2502297
2502298
2502299
2502300
2502301
2502303
2502304
2502305
2502306
2502307
2502408
2502409
2502410
2502411
2502412
2502413
2502414
2502415
2502416
2502417
2502418
2502419
2502420
2502421
2502422
2502423
2502424
2502425
2502426
2502427
2502428
2502429
2502430
2502431
2502432
2502433
2502434
2502435
2502436
2502438
2502439
2502440
2502441
2502442
2502443
2502444
2502445
2502446
2502447
2502448
2502449
2502450
2502451
2502452
2502453
2502454
2502455
2502456
2502457
2502458
2502459
2502460
2502461
2502462
2502464
2502466
2502467
2502468
2502469
2502470
2502471
2502472
2502473
2502474
2502475
2502476
2502477
2502478
2502479
2502481
2502482
2502483
2502796
2502797
2506097
2506204
2506408
2506409
2506428
2506583
2506584
2506585
2506586
2506587
2506588
2506589
2506591
2506592
2506593
2506594
2506595
2506596
2506597
2506599
2506600
2506601
2506602
2506603
2506604
2506605
2506606
2506607
2506608
2506609
2507125
2507126
2507127
2507128
2507129
2507131
2507234
2507288
2507289
2507290
2507291
2507294
2507295
2507297
2507298
2507299
2507300
2507301
2507303
2507304
2507305
2507307
2507308
2507309
2507311
2507314
2507315
2507317
2507319
2507320
2507411
2507494
2507497
2507498
2507499
2507500
2507501
2507502
2507503
2507504
2507505
2507516
2507517
2507518
2507519
2507572
2507575
2507576
2507577
2507578
2507689
2507711
2507846
2507854
2507855
2507856
2507857
2507858
2507860
2507861
2507862
2507863
2507864
2507922
2507947
2508061
2508069
2508071
2508172
2508173
2508174
2508175
2508176
2508177
2508178
2508179
2508180
2508181
2508184
2508185
2508186
2508187
2508188
2508189
2508190
2508191
2508192
2508193
2508194
2508195
2508196
2508197
2508198
2508199
2508201
2508202
2508203
2508204
2508205
2508206
2508207
2508208
2508209
2508210
2508211
2508219
2508220
2508223
2508224
2508225
2508226
2508227
2508228
2508230
2508231
2508232
2508233
2508234
2508235
2508236
2508237
2508239
2508240
2508241
2508242
2508243
2508244
2508245
2508247
2508248
2508249
2508250
2508251
2508252
2508253
2508254
2508255
2508256
2508257
2508258
2508259
2508849
2508850
2508851
2508852
2508865
2508866
2509152
2509226
2509266
2509279
2509283
2509284
2509285
2509286
2509379
2509381
2509382
2509383
2509391
2509395
2509469
2509471
2509472
2509473
2509474
2509475
2509476
2509477
2509478
2509479
2509480
2509481
2509482
2509483
2509484
2509485
2509486
2509487
2509488
2509489
2509490
2509491
2509492
2509494
2509496
2509497
2509498
2509500
2509501
2509502
2509503
2509504
2509505
2509506
2509507
2509508
2509509
2509510
2509511
2509512
2509513
2509514
2509515
2509556
2509560
2509564
2509569
2509570
2509571
2509572
2509575
2509576
2509578
2509581
2509584
2509585
2509586
2509588
2509593
2509616
2509617
2509651
2509725
2509726
2509727
2509728
2509730
2509731
2509732
2509734
2509735
2509736
2509738
2509740
2509742
2509743
2509745
2509746
2509747
2509748
2509749
2509750
2509751
2509753
2509755
2509757
2509758
2509761
2509762
2509763
2509764
2509768
2509770
2509775
2509781
2509785
2509786
2509787
2510149
2510150
2510151
2510428
2510450
2510451
2510452
2510455
2510459
2510463
2510465
2510467
2510471
2510473
2510474
2510477
2510484
2510485
2510488
2510489
2510492
2510494
2510495
2510501
2510502
2510504
2510505
2510506
2510507
2510508
2510509
2510511
2510513
2510514
2510515
2510517
2510519
2510521
2510522
2510524
2510525
2510526
2510527
2510568
2510569
2510570
2510571
2510572
2510573
2510574
2510575
2510576
2510577
2510578
2510579
2510581
2510585
2510586
2510587
2510588
2510845
2510846
2510939
2510940
2510941
2510942
2510943
2510944
2510980
2511026
2511027
2511028
2511029
2511030
2511031
2511032
2511033
2511034
2511035
2511036
2511037
2511038
2511039
2511040
2511041
2511042
2511043
2511052
2511053
2511054
2511055
2511056
2511057
2511058
2511059
2511060
2511061
2511062
2511063
2511064
2511065
2511066
2511067
2511768
2511832
2511833
2511840
2511996
2512110
2516210
2516330
2516331
2516432
2516433
2516434
2516502
2517211
2517212
2517213
2517214
2517215
2517263
2517400
2517909
2517926
2517927
2517928
2517931
2517932
2517933
2517934
2517935
2517936
2517937
2517938
2517940
2517941
2517942
2517943
2517944
2517945
2517946
2517947
2517948
2517949
2517950
2517951
2517952
2517953
2517955
2517956
2517957
2517958
2517960
2517961
2517962
2517963
2517964
2517965
2517966
2517967
2517968
2517969
2517970
2517971
2517973
2518008
2518104
2518124
2518293
2518294
2518295
2518373
2518374
2518596
2518597
2518602
2518641
2518961
2520502
2520503
2520504
2520509
2520510
2520511
2520516
2527734
2527739
2527766
2527767
2527768
2527960
2528199
2528247
2528256
2528410
2528528
2528530
2528670
2528671
2528675
2528676
2528677
2528678
2528679
2528680
2528682
2528684
2528685
2528686
2528689
2528691
2528965
2529304
2529390
2529391
2529392
2529393
2529445
2529453
2529454
2529455
2529456
2529457
2529470
2529471
2529473
2529474
2529475
2529481
2529482
2529483
2529484
2529491
2529492
2529494
2529495
2530019
2530020
2530021
2530023
2530024
2530025
2530026
2530027
2530028
2530029
2530030
2530031
2530032
2530033
2530034
2530035
2530036
2530037
2530038
2530039
2530040
2530042
2530052
2530114
2530116
2530117
2530118
2530119
2530120
2530121
2530122
2530123
2530124
2530126
2530127
2530128
2530129
2530130
2530131
2530132
2530133
2530135
2530137
2530139
2530140
2530141
2530142
2530143
2530144
2530145
2530146
2530147
2530148
2530149
2530151
2530152
2530153
2530155
2530156
2530157
2530159
2530160
2530161
2530169
2530170
2530171
2530172
2530173
2530182
2530183
2530184
2530185
2530186
2530187
2530188
2530363
2530493
2530494
2530496
2530497
2544873
2544876
2544877
2544920
2544945
2544946
2544984
2544985
2544986
2545435
2545436
2545437
2545470
2545477
2545478
2545479
2545480
2545481
2546034
2546221
2546222
2546224
2546236
2546303
2546569
2546618
2546619
2546620
2546621
2546622
2546623
2546624
2546625
2546626
2546627
2546628
2546629
2546630
2546631
2546632
2546633
2546634
2546635
2546636
2547246
2547303
2547304
2547305
2547307
2547308
2547309
2547310
2547311
2547312
2547357
2547373
2547374
2547375
2547425
2547426
2547428
2547430
2547431
2547432
2547963
2547971
2547973
2547980
2547981
2547983
2547984
2547985
2547986
2547987
2547988
2547989
2547990
2547991
2547993
2547994
2547995
2547996
2547997
2547998
2547999
2548000
2548001
2548002
2548003
2548004
2548006
2548007
2548008
2548011
2548012
2548013
2548017
2548018
2548020
2548021
2548022
2548023
2548025
2548026
2548028
2548029
2548030
2548035
2548039
2548042
2548043
2548045
2548046
2548047
2548048
2548049
2548050
2548051
2548052
2548053
2548054
2548055
2548056
2548060
2548063
2548064
2548065
2548066
2548067
2548068
2548069
2548070
2548071
2548072
2548073
2548074
2548075
2548076
2548078
2548079
2548080
2548081
2548082
2548083
2548084
2548085
2548086
2548087
2548088
2548089
2548090
2548091
2548093
2548094
2548096
2548097
2548098
2548099
2548100
2548101
2548102
2548103
2548104
2548105
2548107
2548108
2548110
2548111
2548112
2548113
2548114
2548115
2548116
2548117
2548118
2548119
2548120
2548121
2548122
2548123
2548125
2548126
2548127
2548128
2548129
2548130
2548131
2548132
2548133
2548134
2548136
2548139
2548140
2548141
2548142
2548143
2548145
2548146
2548147
2548148
2548151
2548152
2548153
2548155
2548156
2548157
2548158
2548163
2548165
2548170
2548172
2548173
2548176
2548177
2548180
2548181
2548185
2548188
2548190
2548191
2548192
2548193
2548194
2548195
2548197
2548198
2548200
2548202
2548203
2548204
2548206
2548207
2548208
2548210
2548221
2548226
2548228
2548231
2548232
2548233
2548240
2548241
2548242
2548246
2548249
2548255
2548256
2548260
2548265
2548266
2548267
2548268
2548269
2548273
2548274
2548275
2548277
2548279
2548282
2548283
2548284
2548285
2548286
2548288
2548289
2548291
2548293
2548294
2548295
2548299
2548301
2548302
2548304
2548305
2548311
2548312
2548314
2548317
2552985
2552986
2552987
2552988
2552989
2552990
2552993
2552994
2555436
2555546
2555547
2555548
2555550
2555551
2555552
2555553
2555645
2555680
2555872
2555887
2555892
2555894
2555895
2555896
2555903
2555904
2555909
2555913
2555914
2555917
2555918
2556098
2556100
2556101
2556120
2556121
2556122
2556124
2556125
2556128
2556129
2557546
2557550
2557553
2557554
2557578
2557579
2557580
2557581
2557582
2557583
2557875
2557970
2557974
2557975
2557976
2557977
2557978
2557979
2557980
2557981
2558055
2558062
2558063
2558064
2558065
2558066
2558067
2558068
2558069
2558248
2558258
2558359
2558458
2558527
2558528
2558530
2558531
2558534
2558537
2558539
2558541
2558542
2558543
2558544
2558545
2558546
2558549
2558552
2558553
2558554
2558555
2558556
2558561
2558562
2558563
2558566
2558567
2558571
2558572
2558573
2558574
2558575
2558576
2558579
2558580
2558581
2558583
2558588
2558589
2558590
2558591
2558592
2558593
2558594
2558595
2558596
2558597
2558598
2558600
2558602
2558607
2558608
2558609
2558610
2558611
2558612
2558613
2558614
2558615
2558616
2558617
2558618
2558620
2558621
2558622
2558624
2558625
2558626
2558627
2558628
2558629
2558630
2558631
2558632
2558633
2558634
2558635
2558636
2558637
2558638
2558639
2558640
2558641
2558642
2558643
2558646
2558648
2558649
2558650
2558651
2558652
2558653
2558654
2558655
2558656
2558659
2558660
2558661
2558662
2558663
2558664
2558665
2558666
2558668
2558669
2558671
2558677
2558678
2558679
2558680
2558681
2558682
2558684
2558685
2558687
2558688
2558689
2558690
2558691
2558692
2558693
2558694
2558695
2558696
2558697
2558698
2558699
2558700
2558702
2558703
2558704
2558712
2558713
2558715
2558722
2558724
2558726
2558727
2558730
2558731
2558732
2558733
2558739
2558741
2558742
2558744
2558749
2558754
2558755
2558759
2558763
2558764
2558767
2558769
2558779
2558784
2558785
2558786
2558787
2558788
2558789
2558790
2558791
2558792
2558793
2558794
2558795
2558796
2558797
2558798
2558806
2558807
2558808
2558811
2558814
2558815
2558817
2558820
2558822
2558823
2558824
2558825
2558826
2558827
2558828
2558833
2558834
2558835
2558840
2558842
2558843
2558846
2558847
2558850
2558856
2558857
2558865
2558866
2558868
2558869
2558870
2558871
2558887
2558889
2558890
2558891
2558892
2558897
2558900
2558901
2559111
2559112
2559114
2559280
2559281
2559282
2559283
2559284
2559285
2559286
2559338
2559587
2559592
2559714
2559716
2559821
2559931
2559933
2559934
2559935
2559939
2559941
2559942
2559943
2560012
2560013
2560014
2560015
2560016
2560018
2560020
2560061
2560062
2560063
2560064
2560065
2560066
2560067
2560068
2560069
2560070
2560071
2560072
2560073
2560074
2560075
2560076
2560077
2560078
2560079
2560080
2560081
2560082
2560083
2560084
2560085
2560086
2560087
2560088
2560089
2560090
2560091
2560092
2560093
2560094
2560095
2560096
2560097
2560098
2560099
2560100
2560101
2560102
2560103
2560104
2560105
2560106
2560107
2560108
2560109
2560110
2560111
2560112
2560113
2560115
2560116
2560117
2560118
2560119
2560120
2560121
2560122
2560123
2560124
2560125
2560126
2560127
2560128
2560129
2560130
2560131
2560132
2560133
2560134
2560135
2560136
2560137
2560138
2560139
2560140
2560141
2560142
2560143
2560144
2560145
2560146
2560147
2560148
2560149
2560150
2560151
2560152
2560153
2560154
2560155
2560156
2560158
2560159
2560160
2560161
2560162
2560163
2560164
2560165
2560166
2560167
2560168
2560169
2560170
2560171
2560172
2560173
2560174
2560175
2560176
2560177
2560178
2560179
2560180
2560181
2560182
2560183
2560184
2560185
2560186
2560187
2560188
2560189
2560190
2560191
2560192
2560193
2560194
2560195
2560196
2560197
2560198
2560199
2560200
2560201
2560202
2560203
2560204
2560205
2560206
2560207
2560208
2560209
2560210
2560211
2560212
2560213
2560214
2560215
2560216
2560217
2560218
2560219
2560220
2560221
2560222
2560223
2560224
2560225
2560226
2560227
2560228
2560229
2560230
2560231
2560232
2560233
2560234
2560235
2560236
2560237
2560238
2560239
2560240
2560241
2560242
2560244
2560245
2560246
2560247
2560248
2560249
2560250
2560251
2560252
2560253
2560254
2560255
2560256
2560257
2560258
2560259
2560260
2560261
2560262
2560263
2560264
2560265
2560266
2560267
2560268
2560269
2560270
2560271
2560272
2560273
2560274
2560275
2560276
2560277
2560278
2560279
2560280
2560281
2560282
2560283
2560284
2560285
2560286
2560287
2560288
2560289
2560290
2560291
2560292
2560293
2560294
2560296
2560297
2560298
2560299
2560300
2560301
2560302
2560303
2560304
2560305
2560306
2560307
2560308
2560309
2560310
2560311
2560312
2560313
2560314
2560315
2560316
2560317
2560318
2560319
2560320
2560321
2560322
2560323
2560324
2560325
2560326
2560329
2560330
2560331
2560332
2560333
2560334
2560335
2560336
2560337
2560340
2560343
2560349
2560351
2560353
2560354
2560355
2560356
2560357
2560358
2560359
2560360
2560363
2560366
2560367
2560370
2560371
2560376
2560377
2560378
2560379
2560380
2560381
2560383
2560384
2560386
2560387
2560388
2560389
2560392
2560393
2560394
2560395
2560396
2560397
2560398
2560399
2560400
2560401
2560403
2560405
2560406
2560407
2560409
2560414
2560415
2560416
2560417
2560418
2560419
2560420
2560421
2560422
2560423
2560424
2560425
2560426
2560427
2560428
2560429
2560430
2560431
2560432
2560433
2560434
2560435
2560436
2560437
2560438
2560439
2560440
2560441
2560442
2560443
2560444
2560445
2560446
2560447
2560448
2560449
2560451
2560452
2560453
2560455
2560456
2560457
2560458
2560459
2560460
2560462
2560463
2560464
2560466
2560468
2560469
2560470
2560471
2560472
2560473
2560474
2560475
2560476
2560478
2560479
2560482
2560484
2560485
2560486
2560487
2560488
2560489
2560490
2560491
2560492
2560493
2560494
2560495
2560496
2560497
2560498
2560499
2560500
2560501
2560502
2560503
2560504
2560505
2560506
2560507
2560508
2560509
2560510
2560511
2560512
2560513
2560514
2560515
2560520
2560521
2560522
2560525
2560526
2560530
2560531
2560534
2560535
2560536
2560539
2560540
2560541
2560542
2560543
2560544
2560545
2560546
2560548
2560551
2560552
2560553
2560554
2560555
2560556
2560557
2560558
2560559
2560560
2560561
2560562
2560567
2560568
2560569
2560570
2560571
2560572
2560574
2560575
2560578
2560579
2560580
2560581
2560588
2560589
2560590
2560591
2560592
2560593
2560594
2560595
2560596
2560597
2560598
2560599
2560602
2560604
2560606
2560607
2560608
2560611
2560612
2560614
2560615
2560618
2560619
2560620
2560621
2560622
2560623
2560625
2560628
2560629
2560630
2560631
2560632
2560633
2560634
2560636
2560642
2560643
2560644
2560648
2560649
2560650
2560651
2560652
2560653
2560654
2560655
2560656
2560657
2560658
2560659
2560660
2560661
2560662
2560663
2560664
2560665
2560666
2560667
2560668
2560669
2560670
2560671
2560672
2560673
2560674
2560675
2560676
2560677
2560678
2560679
2560680
2560681
2560682
2560683
2560684
2560685
2560686
2560687
2560688
2560689
2560690
2560691
2560692
2560695
2560697
2560699
2560700
2560701
2560702
2560703
2560704
2560705
2560706
2560714
2560715
2560719
2560720
2560721
2560722
2560723
2560724
2560725
2560726
2560727
2560728
2560729
2560730
2560731
2560732
2560733
2560734
2560735
2560736
2560738
2560739
2560740
2560744
2560745
2560746
2560747
2560748
2560751
2560752
2560753
2560754
2560755
2560756
2560757
2560758
2560759
2560760
2560761
2560762
2560763
2560765
2560769
2560770
2560771
2560774
2560775
2560777
2560778
2560781
2560782
2560783
2560784
2560785
2560786
2560787
2560788
2560789
2560790
2560791
2560792
2560801
2560802
2560804
2560809
2560810
2560812
2560813
2560814
2560818
2560820
2560822
2560829
2560831
2560833
2560834
2560835
2560836
2560839
2560840
2560842
2560843
2560845
2560846
2560847
2560848
2560849
2560851
2561896
2562111
2562112
2562131
2562138
2562142
2562174
2562175
2562177
2562178
2562180
2562181
2562185
2562186
2562187
2562188
2562189
2562190
2562191
2562192
2562193
2562194
2562195
2562196
2562197
2562199
2562232
2562233
2562234
2562235
2562236
2562297
2562318
2562327
2562337
2562338
2562339
2562340
2562343
2562344
2562345
2562346
2562347
2562359
2562362
2562365
2562366
2562367
2562454
2562455
2562456
2562459
2562460
2562461
2562462
2562463
2562515
2562516
2562517
2562519
2562521
2562522
2562529
2562539
2562542
2562543
2562546
2562547
2562548
2562551
2562553
2562554
2562555
2562556
2562559
2562600
2562601
2562602
2562635
2562636
2562637
2562638
2562641
2562642
2562643
2562644
2562645
2562647
2562650
2562651
2562654
2562656
2562659
2562660
2562661
2562662
2562663
2562664
2562665
2562666
2562667
2562699
2562710
2562717
2562718
2562719
2562720
2562721
2562724
2562725
2562726
2562807
2562808
2562812
2562890
2562897
2563012
2563343
2563489
2563490
2563494
2563498
2563500
2563509
2563510
2563515
2563521
2563524
2563525
2563533
2563537
2563541
2563547
2563551
2563552
2563554
2563563
2563568
2563569
2563574
2563577
2563582
2563585
2563589
2563734
2563826
2563836
2563837
2563838
2563839
2563840
2563841
2563842
2563843
2563844
2563846
2563849
2563850
2563851
2563852
2563853
2563854
2563855
2563856
2565304
2565372
2565399
2565499
2565500
2565501
2565502
2565509
2565510
2565511
2565512
2565513
2565516
2565517
2565518
2565519
2565524
2565526
2565527
2565528
2565596
2565645
2565648
2565652
2565653
2565654
2565658
2565661
2565665
2565667
2565671
2565672
2565678
2565679
2565680
2565681
2565682
2565687
2565689
2565691
2565693
2565697
2565717
2565718
2565877
2565896
2565915
2565916
2567864
2567871
2567950
2568002
2569586
2569609
2569610
2569752
2569936
2569937
2569970
2569971
2569973
2569974
2569975
2570215
2570294
2570300
2570301
2570308
2570312
2570370
2570371
2570372
2570373
2570374
2570407
2570606
2570617
2570628
2570879
2570880
2570881
2570882
2570892
2570911
2570912
2570913
2571006
2571007
2571008
2571055
2571056
2571059
2571073
2571074
2571075
2571076
2571077
2571078
2571079
2571080
2571081
2571082
2571083
2571084
2571085
2571086
2571087
2571088
2571089
2571090
2571091
2571108
2571109
2571123
2571132
2571144
2571152
2571168
2571169
2571172
2571176
2571177
2571178
2571179
2571180
2571232
2571241
2571246
2571247
2571248
2571249
2571250
2571251
2571253
2571254
2571265
2571274
2571287
2571313
2572001
2572002
2572003
2572004
2572005
2572006
2572007
2572116
2572218
2572238
2572240
2572241
2572317
2572318
2572459
2572523
2572525
2572526
2572527
2572528
2572529
2572530
2572531
2572532
2572533
2572534
2572700
2572766
2572872
2572874
2575254
2575255
2575260
2575261
2575323
2575324
2575325
2575327
2575328
2575329
2575342
2575344
2575347
2575350
2575354
2575355
2575356
2575357
2575370
2575371
2575372
2575429
2575447
2575590
2575594
2575610
2575611
2575612
2575728
2575730
2575764
2575765
2575831
2575832
2575833
2575883
2575884
2576222
2576227
2576228
2576229
2576298
2576440
2576443
2576444
2576445
2576446
2576447
2576448
2576449
2576450
2576451
2576452
2576453
2576454
2576455
2576456
2576457
2576458
2576459
2576460
2576461
2576462
2576463
2576477
2576480
2576484
2576485
2576524
2576525
2576526
2576578
2576633
2576634
2576870
2576871
2576872
2576873
2576874
2576879
2576882
2576944
2577028
2577069
2577070
2577071
2577080
2577083
2578140
2579707
2580110
2580111
2580112
2580113
2580114
2580115
2580388
2580395
2580401
2580402
2580403
2580404
2580405
2580406
2580407
2580408
2580409
2582870
2582871
2582872
2582873
2582874
2582875
2582876
2582877
2582878
2582879
2582880
2582881
2582882
2582883
2582884
2582885
2582886
2582887
2582888
2582890
2582891
2582892
2582936
2582937
2582938
2582939
2582940
2582941
2582942
2582943
2582944
2582945
2582946
2582947
2582948
2582951
2583037
2583038
2583039
2583040
2583041
2583042
2583043
2583045
2583046
2583048
2583049
2583050
2583099
2583100
2583106
2583107
2583108
2583110
2583112
2583113
2583114
2583115
2583116
2583117
2583118
2583119
2583120
2583121
2583124
2583125
2583126
2583128
2583129
2583130
2583132
2583134
2583135
2583136
2583138
2583139
2583141
2583142
2583144
2583145
2583146
2583147
2583149
2583150
2583151
2583152
2583153
2583155
2583157
2583158
2583159
2583161
2583162
2583163
2583164
2583166
2583167
2583168
2583169
2583170
2583171
2583173
2583174
2583175
2583177
2583178
2583179
2583180
2583181
2583182
2583184
2583185
2583186
2583188
2583189
2583190
2583191
2583192
2583193
2583194
2583196
2583197
2583198
2583199
2583200
2583201
2583203
2583204
2583205
2583286
2583334
2583366
2583405
2583409
2583416
2583479
2583480
2583501
2583507
2583508
2583509
2583574
2583812
2583835
2583949
2583950
2584380
2584381
2584382
2584383
2584384
2584385
2584386
2584387
2584388
2584389
2584390
2584391
2584392
2584393
2584395
2584396
2584397
2584398
2584399
2584400
2584401
2584402
2584403
2584486
2584487
2584490
2584493
2584494
2584495
2584496
2584498
2584499
2584748
2584753
2584778
2584784
2584785
2584786
2584787
2584788
2584789
2584792
2584794
2584795
2584796
2584797
2584798
2584801
2584803
2584804
2584805
2584807
2584808
2584810
2584812
2584813
2584814
2584815
2584979
2584980
2584981
2585030
2585031
2585032
2585033
2585034
2585037
2585038
2585039
2585040
2585041
2585042
2585043
2585044
2585046
2585047
2585048
2585049
2585050
2585051
2585052
2585053
2585054
2585056
2585057
2585058
2585062
2585063
2585064
2585065
2585067
2585068
2585069
2585070
2585073
2585109
2585114
2585115
2585230
2585231
2585232
2585265
2585267
2585334
2585335
2585379
2585380
2585381
2585382
2585383
2585384
2585385
2585386
2585387
2585388
2585389
2585390
2585391
2585393
2585394
2585397
2585398
2585399
2585400
2585401
2585402
2585403
2585404
2585405
2585406
2585407
2585408
2585409
2585410
2585411
2585412
2585413
2585414
2585415
2585416
2585417
2585418
2585419
2585420
2585421
2585422
2585425
2585426
2585427
2585432
2585433
2585434
2585435
2585436
2585438
2585439
2585440
2585441
2585442
2585443
2585445
2585446
2585447
2585448
2585449
2585451
2585453
2585454
2585455
2585456
2585457
2585458
2585459
2585460
2585461
2585462
2585463
2585464
2585465
2585466
2585467
2585468
2585469
2585470
2585471
2585472
2585473
2585474
2585475
2585476
2585477
2585478
2585479
2585480
2585481
2585482
2585483
2585484
2585485
2585486
2585487
2585488
2585489
2585499
2585737
2585741
2586033
2586173
2586174
2586175
2586176
2586177
2586178
2586179
2586180
2586181
2586183
2586184
2586185
2586186
2586187
2586188
2586189
2586199
2586201
2586202
2586203
2586204
2586205
2586206
2586207
2586208
2586209
2586210
2586419
2586420
2586433
2586645
2586957
2586958
2586959
2586960
2586961
2587224
2587225
2587240
2587456
2587487
2587488
2587489
2587490
2587491
2587492
2587493
2587530
2587531
2587532
2587533
2587535
2587536
2587537
2587538
2587539
2587540
2587541
2587542
2587543
2587544
2587545
2587546
2587547
2587548
2587549
2587550
2587551
2587552
2587553
2587554
2587555
2587556
2587557
2587558
2587559
2587560
2587561
2587562
2587563
2587564
2587565
2587566
2587581
2587582
2587583
2587766
2587809
2587814
2587819
2587820
2588085
2588086
2588088
2588091
2588092
2588093
2588094
2588095
2588096
2588097
2588098
2588099
2588125
2588127
2588128
2588129
2588130
2588131
2588132
2588133
2588134
2588135
2588137
2588138
2588139
2588140
2588141
2588362
2588389
2588486
2588487
2588489
2588490
2588491
2588492
2588493
2588495
2588496
2588498
2588499
2588500
2588501
2588502
2588503
2588504
2588505
2588506
2588507
2588508
2588509
2588510
2588511
2588512
2588513
2588514
2588515
2588516
2588517
2588518
2588519
2588520
2588662
2588671
2588725
2588728
2588731
2588732
2588733
2588751
2588752
2588758
2589644
2589652
2589653
2589655
2589656
2589658
2589659
2589660
2589661
2589662
2589663
2589664
2589665
2589666
2589744
2590046
2590047
2590048
2590049
2590051
2590062
2590438
2590569
2590570
2590571
2590572
2590836
2590837
2590838
2590839
2590840
2590841
2590872
2590874
2590876
2590877
2590878
2590880
2590894
2590895
2590896
2590919
2590929
2590931
2590932
2590933
2590934
2590935
2590936
2590937
2590938
2590939
2590940
2590941
2590942
2590943
2590944
2590945
2590946
2590947
2590948
2591025
2591030
2591031
2591032
2591033
2591034
2591035
2591037
2591039
2591040
2591041
2591042
2591043
2591044
2591045
2591046
2591047
2591048
2591049
2591050
2591051
2591052
2591053
2591054
2591055
2591056
2591057
2591058
2591059
2591060
2591061
2591062
2591063
2591064
2591066
2591067
2591068
2591069
2591071
2591072
2591074
2591075
2591077
2591099
2591100
2591101
2591102
2591103
2591104
2591105
2591106
2591110
2591111
2591112
2591113
2591114
2591115
2591116
2591117
2591118
2591119
2591120
2591121
2591122
2591124
2591125
2591126
2591127
2591128
2591129
2591131
2591132
2591134
2591135
2591136
2591146
2591148
2591188
2591189
2591190
2591191
2591193
2591204
2591205
2591206
2591207
2591208
2591209
2591210
2591211
2591212
2591213
2591214
2591215
2591216
2591217
2591218
2591219
2591220
2591221
2591222
2591223
2591224
2591225
2591226
2591228
2591229
2591230
2591231
2591232
2591233
2591234
2591235
2591236
2591237
2591238
2591343
2591344
2591364
2591365
2591366
2591367
2591368
2591369
2591370
2591371
2591372
2591373
2591374
2591375
2591376
2591377
2591379
2591380
2591398
2591401
2591402
2591403
2591406
2591407
2591408
2591409
2591410
2591412
2591414
2591415
2591421
2591427
2591429
2591644
2591696
2592008
2592161
2592163
2592190
2592193
2592196
2592197
2592198
2592199
2592210
2592215
2592216
2592220
2592343
2592395
2592414
2592416
2592486
2592487
2592488
2592489
2592490
2592491
2592492
2592493
2592494
2592509
2592516
2592517
2592518
2592519
2592520
2592521
2592522
2592526
2592527
2592528
2592539
2592540
2592544
2592615
2592620
2592658
2592659
2592660
2592661
2592668
2592691
2592692
2592693
2592694
2592695
2592696
2592697
2592698
2592699
2592700
2592701
2592702
2592703
2592705
2592706
2592707
2592708
2592709
2592710
2592711
2592712
2592713
2592714
2592715
2592716
2592717
2592718
2592719
2592720
2592721
2592722
2592725
2592726
2592727
2592728
2592729
2592730
2592732
2592734
2592735
2592736
2592748
2592749
2592750
2592751
2592752
2592753
2592754
2592755
2592756
2592766
2592767
2592770
2592771
2592772
2592774
2592775
2592776
2592777
2592778
2592779
2592780
2592781
2592782
2592783
2592784
2592788
2592789
2592790
2592791
2592792
2592793
2592794
2592795
2592796
2592797
2592798
2592799
2592800
2592803
2592804
2592915
2592916
2593122
2593268
2593322
2593324
2593327
2593329
2593331
2593333
2593334
2593335
2593336
2593337
2593338
2593339
2593340
2593341
2593342
2593343
2593344
2593346
2593347
2593348
2593349
2593350
2593351
2593352
2593354
2593355
2593356
2593357
2593358
2593359
2593360
2593465
2593638
2593639
2593922
2593923
2593924
2593925
2593926
2593927
2593928
2593929
2593930
2593931
2593932
2593933
2593934
2593935
2593936
2593937
2593938
2593939
2593940
2593941
2593942
2593943
2593944
2593945
2593946
2593947
2593961
2593962
2593963
2593964
2593965
2593966
2593967
2593968
2593969
2593970
2593971
2593972
2593976
2593977
2593979
2593980
2593991
2593995
2593997
2593998
2593999
2594000
2594102
2594103
2594104
2594105
2594106
2594107
2594108
2594109
2594175
2594177
2594282
2594309
2594425
2594528
2594692
2594693
2594796
2594856
2594891
2594900
2594903
2594927
2595002
2595040
2595045
2596657
2596671
2596672
2596673
2596674
2596675
2596676
2596677
2596709
2596712
2596713
2596714
2596879
2596880
2596881
2596882
2596883
2596884
2596885
2596887
2596900
2596901
2596902
2596966
2596967
2596973
2596974
2596979
2596980
2596981
2596982
2597175
2597325
2597326
2597680
2597686
2597801
2597803
2597804
2597805
2597806
2597807
2597808
2597809
2598085
2598086
2598087
2598088
2598089
2598785
2598876
2598877
2598889
2598975
2598990
2598991
2599140
2599141
2599173
2599303
2599343
2599404
2599414
2599415
2599416
2599417
2599418
2599420
2599422
2599423
2599424
2599425
2599426
2599427
2599428
2599429
2599431
2599601
2599602
2599603
2599610
2599611
2599613
2599620
2599622
2599624
2599764
2599822
2599823
2599825
2599827
2599828
2599829
2599830
2599831
2599832
2599833
2599834
2599835
2599836
2599838
2599841
2599842
2599843
2599844
2599845
2599846
2599847
2599848
2599849
2599850
2599851
2599852
2599853
2599856
2599857
2599858
2599859
2599860
2599861
2599862
2599863
2599864
2599865
2599866
2599867
2599868
2599869
2599870
2599871
2599872
2599873
2599874
2599875
2599876
2599877
2599878
2599879
2599880
2599881
2599882
2599883
2599884
2599885
2599886
2599887
2599888
2599889
2599890
2599891
2599892
2599893
2599894
2599895
2599954
2599955
2599957
2599958
2599959
2599960
2600094
2600095
2600097
2600100
2600101
2600102
2600103
2600104
2600105
2600106
2600107
2600108
2600109
2600110
2600111
2600115
2600116
2600160
2600161
2600310
2600315
2600322
2600328
2600344
2600345
2600348
2601244
2601256
2601257
2601258
2601259
2601527
2601605
2601606
2601607
2601608
2601609
2601610
2601611
2601612
2601613
2601615
2601617
2601618
2601619
2601620
2601621
2601622
2601623
2601624
2601625
2601626
2601627
2601628
2601630
2601631
2601632
2601634
2601635
2601637
2601638
2601639
2601640
2601641
2601642
2601643
2601644
2601647
2601648
2601649
2601650
2601652
2601653
2601655
2601656
2601658
2601659
2601660
2601661
2601662
2601663
2601666
2601667
2601669
2601674
2601675
2601676
2601678
2601679
2601680
2601684
2601685
2601686
2601687
2601688
2601689
2601690
2601691
2601692
2601693
2601694
2601695
2601696
2601697
2601858
2602116
2602416
2602438
2602439
2602440
2602441
2602759
2603257
2603258
2603259
2603260
2603261
2603262
2603263
2603264
2603434
2603435
2603436
2603542
2603543
2603562
2603565
2603611
2603627
2603832
2603837
2603848
2603849
2603850
2604329
2604330
2604331
2604332
2604333
2604334
2604335
2604336
2604656
2604831
2604840
2604841
2604894
2604898
2604899
2604903
2604904
2604905
2604906
2604907
2604908
2604909
2604910
2605289
2605442
2605443
2605444
2605629
2605630
2605631
2605718
2605762
2605774
2605775
2605950
2606251
2606252
2606253
2606475
2606569
2606570
2606571
2606582
2606583
2606584
2606590
2606591
2606592
2607588
2607629
2607731
2607733
2607735
2607736
2607737
2607738
2607740
2607969
2608283
2608294
2608295
2608298
2608299
2608300
2608316
2608318
2608319
2608320
2608321
2608323
2608368
2608369
2608370
2608371
2608372
2608376
2608403
2608405
2608606
2608735
2608851
2609058
2609059
2609073
2609074
2609076
2609077
2609081
2609450
2609695
2609788
2609852
2609853
2609854
2609855
2609856
2609857
2609858
2609859
2609860
2609861
2609862
2609863
2609864
2609865
2609866
2609867
2609868
2609869
2609870
2609871
2609873
2609874
2609875
2609876
2609877
2609878
2609879
2609908
2609909
2610839
2610869
2611413
2613538
2613792
2613794
2613795
2613796
2613859
2613861
2613911
2614123
2628399
2641195
2650000
2650001
2650411
2650664
2650665
2650668
2650873
2650874
2650875
2650876
2650877
2651067
2651149
2651592
2651593
2651594
2651595
2651919
2651926
2651927
2651928
2651929
2651930
2651931
2651933
2651934
2651935
2651936
2651937
2651938
2651939
2651942
2651943
2651944
2651945
2651946
2651947
2651948
2651949
2651951
2651952
2651953
2651954
2651955
2651956
2651957
2651958
2651967
2651968
2652258
2652327
2652402
2652403
2652404
2652405
2652406
2652407
2652408
2652409
2652410
2652411
2652412
2652413
2652414
2652415
2652416
2652417
2652418
2652419
2652420
2652421
2652422
2652423
2652424
2652425
2652430
2652431
2652723
2652756
2652757
2652879
2652880
2652881
2652882
2652883
2652885
2652886
2652888
2652889
2652890
2652891
2652892
2652893
2652895
2652896
2652897
2652898
2653117
2653118
2653270
2653271
2653272
2653273
2653274
2653275
2653277
2653279
2653432
2653507
2653508
2653638
2653640
2653641
2653642
2653643
2653644
2653645
2653646
2653650
2653651
2653653
2653657
2653658
2653659
2653660
2653661
2653665
2653704
2653705
2653706
2653709
2653715
2653716
2653717
2653718
2653719
2653720
2653721
2653723
2653724
2653725
2653744
2653746
2653749
2653750
2653751
2653752
2653753
2653754
2653755
2653756
2653757
2653758
2653759
2653760
2653761
2653762
2653763
2653764
2653765
2653766
2653767
2653769
2653770
2653771
2653772
2653864
2653865
2653866
2653963
2653964
2654367
2654407
2654565
2654654
2654655
2654656
2654657
2654689
2654690
2654691
2654694
2654827
2654971
2654972
2654973
2654997
2655002
2655003
2655021
2655023
2655037
2656508
2656513
2656514
2656515
2656516
2656517
2656518
2656519
2656520
2656521
2656522
2656523
2656524
2656526
2656527
2656528
2656529
2656530
2656531
2656532
2656534
2656535
2656537
2656538
2656540
2656541
2656542
2656543
2656544
2656545
2656547
2656549
2656550
2656551
2656554
2656555
2656556
2656557
2656558
2656559
2656560
2656561
2656562
2656564
2656565
2656566
2656567
2656568
2656569
2656570
2656571
2656572
2656573
2656575
2656578
2656579
2656580
2656581
2656582
2656583
2656585
2656586
2656587
2656588
2656589
2656590
2656591
2656593
2656594
2656597
2656598
2656599
2656600
2656601
2656602
2656603
2656604
2656605
2656606
2656607
2656608
2656610
2656611
2656612
2656613
2656615
2656616
2656617
2656618
2656619
2656621
2656622
2656623
2656627
2656629
2656631
2656632
2656633
2656634
2656635
2656651
2656652
2656653
2656655
2656656
2656657
2656658
2656659
2656660
2656661
2656662
2656663
2656664
2656665
2656666
2656673
2656674
2656676
2656677
2656678
2656679
2656680
2656682
2656683
2656684
2656685
2656686
2656687
2656688
2656689
2656690
2656691
2656692
2656693
2656696
2656697
2656698
2656699
2656700
2656701
2656703
2656704
2656706
2656707
2656708
2656709
2656710
2656711
2656712
2656713
2656714
2656715
2656716
2656717
2656718
2656719
2656720
2656721
2656722
2656723
2656724
2656725
2656728
2656729
2656730
2656731
2656732
2656733
2656737
2656740
2656916
2660687
2660688
2660690
2660691
2660692
2660693
2660694
2660695
2660696
2660715
2660724
2660749
2660760
2661622
2661631
2661635
2661692
2661816
2661817
2661841
2661902
2662035
2662127
2662128
2662136
2662137
2662138
2662139
2662140
2662141
2662272
2662273
2662274
2662275
2662277
2662278
2662283
2662284
2662286
2662292
2662293
2662294
2662295
2662296
2662297
2662298
2662299
2662300
2662312
2662313
2662314
2662396
2663180
2663232
2663233
2663234
2663244
2663246
2663259
2663260
2663264
2663324
2663325
2663326
2663327
2663328
2664131
2664132
2664133
2664183
2664184
2664192
2664193
2664194
2664195
2664196
2664208
2664209
2664210
2664211
2664212
2664213
2664214
2664215
2664217
2664220
2664221
2664223
2664224
2664225
2664226
2664227
2664228
2664229
2664230
2664231
2664232
2664233
2664234
2664236
2664241
2664243
2664245
2664246
2664247
2664248
2664388
2664391
2664395
2664398
2664399
2664400
2664401
2664404
2664406
2664407
2664409
2664420
2664421
2664423
2664558
2664939
2664940
2664941
2664942
2665152
2665414
2665416
2665417
2665437
2665438
2665439
2665440
2665491
2665497
2666249
2666257
2666260
2666261
2666326
2666327
2668086
2668087
2669027
2670336
2670734
2670808
2671518
2671519
2672571
2674969
2674970
2674972
2674973
2674974
2674975
2674976
2674977
2674978
2675201
2675202
2675210
2675211
2675212
2675213
2675214
2675228
2675235
2675236
2675237
2675238
2675239
2675240
2675241
2675242
2675243
2675244
2675245
2675246
2675248
2675249
2675250
2675251
2675252
2675253
2675254
2675255
2675256
2675257
2675258
2675259
2675260
2675261
2675262
2675263
2675265
2675441
2675442
2675443
2675444
2675446
2675447
2675448
2675449
2675450
2675455
2675456
2675458
2675459
2675460
2675461
2675462
2675464
2675465
2675467
2675846
2675847
2675848
2675849
2676049
2676232
2676237
2676272
2676436
2676886
2678334
2678559
2678560
2678563
2678601
2678606
2678937
2679891
2679897
2679898
2679904
2679905
2679909
2679965
2681195
2681376
2681381
2681586
2681589
2681590
2681591
2681594
2681595
2681597
2681598
2681599
2681602
2681603
2681604
2681605
2681606
2681607
2681608
2681611
2681612
2681614
2681615
2681616
2681617
2681618
2681619
2681620
2681621
2681623
2681624
2681625
2681626
2681630
2681674
2681675
2681676
2681776
2682062
2682063
2682467
2682469
2682568
2682569
2682570
2682571
2682574
2682576
2682606
2682608
2682610
2682770
2682815
2682816
2682836
2683027
2683043
2683323
2683328
2683332
2683333
2683334
2683335
2683337
2683340
2683341
2683342
2683343
2683344
2683609
2683622
2683623
2683673
2683674
2683675
2683676
2683728
2683729
2683823
2683936
2684116
2684117
2684118
2684119
2684179
2684227
2684263
2684264
2684265
2684266
2684439
2686011
2686012
2686013
2686039
2686042
2686043
2686045
2686046
2686047
2686048
2686059
2686068
2686069
2686070
2686071
2686073
2686080
2686081
2686082
2686083
2686084
2686086
2686088
2686095
2686096
2686098
2686200
2686202
2686204
2686205
2686206
2686207
2686208
2686209
2686211
2686212
2686213
2686216
2686217
2686218
2686221
2686222
2686223
2686224
2686225
2686226
2686228
2686229
2686230
2686231
2686232
2686233
2686234
2686235
2686236
2686237
2686238
2686242
2686243
2686244
2686245
2686246
2686249
2686250
2686253
2686255
2686256
2686257
2686258
2686262
2686269
2686270
2686272
2686276
2686277
2686278
2686281
2686283
2686284
2686285
2686286
2686289
2686290
2686291
2686300
2686301
2686303
2686306
2686307
2686308
2686309
2686310
2686311
2686312
2686313
2686372
2686375
2686377
2686378
2686379
2686381
2686384
2686385
2686386
2686426
2686431
2686433
2686434
2686435
2686436
2686437
2686438
2686439
2686455
2686456
2686457
2686458
2686459
2686460
2686461
2686462
2686463
2686464
2686467
2686468
2686469
2686471
2686472
2686474
2686475
2686476
2686477
2686478
2686479
2686480
2686481
2686482
2686483
2686484
2686485
2686486
2686487
2686488
2686489
2686490
2686491
2686492
2686493
2686494
2686495
2686496
2686497
2686498
2686499
2686500
2686501
2686502
2686503
2686504
2686505
2686506
2686507
2686508
2686509
2686510
2686511
2686512
2686513
2686514
2686515
2686516
2686517
2686518
2686519
2686520
2686521
2686522
2686523
2686524
2686525
2686526
2686527
2686528
2686529
2686530
2686531
2686532
2686533
2686534
2686535
2686536
2686537
2686538
2686539
2686540
2686541
2686542
2686543
2686544
2686545
2686546
2686547
2686548
2686549
2686550
2686551
2686552
2686553
2686554
2686555
2686556
2686557
2686558
2686559
2686560
2686561
2686562
2686563
2686564
2686565
2686566
2687247
2687248
2687249
2687250
2687251
2687252
2687253
2687254
2687256
2687258
2689112
2689113
2689114
2689124
2689125
2689126
2689127
2689128
2689129
2689130
2689132
2689133
2689134
2689135
2689136
2689137
2689138
2689139
2689140
2689252
2689323
2689326
2689327
2689328
2689329
2689332
2689333
2689335
2689336
2689338
2689339
2689340
2689341
2689342
2689344
2689346
2689347
2689349
2689350
2689351
2689352
2689354
2689357
2689360
2689361
2689366
2689367
2689368
2689369
2689370
2689371
2689384
2689385
2689557
2689558
2689559
2689560
2689561
2689562
2689563
2689564
2689565
2689566
2689567
2689573
2689574
2689983
2689984
2689985
2689988
2690214
2690225
2690228
2690230
2691032
2691036
2691085
2691098
2691584
2691585
2691586
2691587
2691588
2691589
2691590
2691591
2691592
2691594
2691595
2691596
2691597
2691598
2691986
2691987
2691988
2691989
2691990
2691991
2691992
2691993
2691994
2691995
2691996
2691997
2691998
2691999
2692000
2692001
2692002
2692003
2692004
2692005
2692006
2692007
2692008
2692009
2692013
2692014
2692015
2692016
2692017
2692018
2692019
2692020
2692021
2692022
2692067
2692068
2692069
2692070
2692071
2692072
2692073
2692074
2692075
2692076
2692077
2692078
2692079
2692080
2692081
2692082
2692083
2692084
2692085
2692087
2692088
2692089
2692090
2692091
2692092
2692093
2692147
2692309
2692311
2692312
2692388
2692389
2692390
2692391
2692392
2692393
2692394
2692395
2692396
2692397
2692398
2692399
2692400
2692401
2692402
2692403
2692404
2692405
2692406
2692407
2692408
2692409
2692410
2692411
2692412
2692413
2692414
2692415
2692422
2692510
2692737
2692738
2692739
2692740
2692741
2692921
2692922
2692923
2692924
2692925
2692926
2692927
2692928
2692929
2692930
2692931
2692932
2692933
2692934
2692935
2692936
2692937
2692938
2692939
2692940
2692941
2692942
2692943
2692944
2692945
2692946
2692947
2692948
2692949
2692950
2692951
2692952
2692953
2692954
2692955
2692956
2692957
2692958
2692959
2692960
2692961
2692962
2692963
2692964
2692965
2692966
2692967
2692968
2692969
2692970
2692971
2692972
2692973
2692974
2692975
2692976
2692977
2692978
2692979
2692980
2692981
2692982
2692983
2692984
2692985
2692986
2692987
2692988
2692989
2692990
2692991
2692992
2692993
2692994
2692995
2692996
2692997
2692998
2692999
2693000
2693001
2693002
2693003
2693004
2693005
2693006
2693007
2693008
2693009
2693010
2693011
2693012
2693013
2693015
2693016
2693017
2693018
2693019
2693020
2693021
2693022
2693023
2693024
2693025
2693026
2693027
2693028
2693029
2693030
2693031
2693032
2693033
2693034
2693035
2693036
2693037
2693038
2693039
2693040
2693041
2693042
2693043
2693044
2693045
2693046
2693047
2693048
2693049
2693050
2693051
2693052
2693053
2693054
2693055
2693056
2693057
2693058
2693059
2693060
2693061
2693062
2693063
2693064
2693065
2693066
2693068
2693069
2693070
2693071
2693072
2693073
2693074
2693075
2693076
2693077
2693078
2693079
2693080
2693081
2693082
2693083
2693084
2693085
2693086
2693087
2693088
2693089
2693090
2693091
2693092
2693093
2693094
2693095
2693096
2693097
2693098
2693099
2693100
2693101
2693102
2693103
2693104
2693105
2693106
2693107
2693108
2693109
2693110
2693111
2693112
2693113
2693114
2693115
2693116
2693117
2693118
2693119
2693120
2693121
2693122
2693123
2693124
2693125
2693126
2693127
2693128
2693129
2693130
2693131
2693132
2693133
2693134
2693135
2693136
2693137
2693138
2693139
2693140
2693141
2693142
2693143
2693144
2693145
2693146
2693147
2693148
2693149
2693150
2693151
2693152
2693153
2693154
2693155
2693156
2693157
2693159
2693160
2693161
2693162
2693163
2693164
2693165
2693166
2693167
2693168
2693169
2693170
2693171
2693172
2693173
2693174
2693175
2693176
2693177
2693178
2693179
2693180
2693181
2693182
2693183
2693184
2693185
2693186
2693187
2693188
2693189
2693190
2693191
2693192
2693193
2693194
2693195
2693196
2693197
2693198
2693199
2693200
2693201
2693202
2693203
2693204
2693205
2693206
2693207
2693208
2693209
2693210
2693211
2693212
2693213
2693214
2693215
2693216
2693217
2693218
2693219
2693220
2693221
2693222
2693223
2693224
2693225
2693226
2693227
2693228
2693229
2693230
2693231
2693232
2693233
2693234
2693235
2693236
2693237
2693238
2693239
2693240
2693241
2693242
2693243
2693244
2693245
2693246
2693247
2693248
2693249
2693250
2693251
2693252
2693253
2693254
2693255
2693256
2693257
2693258
2693259
2693260
2693261
2693262
2693263
2693264
2693265
2693266
2693267
2693268
2693269
2693270
2693271
2693272
2693273
2693274
2693275
2693276
2693277
2693278
2693279
2693280
2693281
2693282
2693283
2693284
2693285
2693286
2693287
2693288
2693289
2693290
2693291
2693292
2693293
2693294
2693295
2693296
2693297
2693298
2693299
2693300
2693301
2693302
2693303
2693304
2693305
2693306
2693307
2693308
2693309
2693310
2693311
2693312
2693313
2693314
2693315
2693316
2693317
2693318
2693319
2693320
2693321
2693323
2693324
2693325
2693326
2693327
2693328
2693329
2693330
2693331
2693332
2693334
2693335
2693336
2693337
2693338
2693339
2693340
2693341
2693342
2693343
2693344
2693345
2693346
2693347
2693348
2693349
2693350
2693351
2693352
2693353
2693354
2693355
2693356
2693357
2693358
2693359
2693360
2693361
2693362
2693363
2693364
2693365
2693366
2693367
2693368
2693369
2693370
2693371
2693372
2693373
2693374
2693375
2693376
2693377
2693378
2693379
2693380
2693381
2693382
2693383
2693384
2693385
2693386
2693387
2693388
2693389
2693390
2693391
2693392
2693393
2693394
2693395
2693396
2693397
2693398
2693399
2693400
2693401
2693402
2693403
2693404
2693405
2693406
2693407
2693408
2693409
2693410
2693411
2693412
2693413
2693414
2693415
2693416
2693417
2693418
2693419
2693420
2693421
2693422
2693423
2693424
2693425
2693426
2693427
2693428
2693429
2693430
2693431
2693432
2693433
2693434
2693435
2693436
2693437
2693438
2693439
2693440
2693441
2693442
2693443
2693444
2693445
2693446
2693447
2693448
2693449
2693450
2693451
2693452
2693453
2693454
2693455
2693456
2693457
2693458
2693459
2693460
2693461
2693462
2693463
2693464
2693465
2693466
2693467
2693468
2693469
2693470
2693471
2693472
2693473
2693474
2693475
2693476
2693477
2693478
2693479
2693480
2693481
2693482
2693483
2693484
2693485
2693486
2693487
2693488
2693489
2693490
2693491
2693492
2693493
2693494
2693495
2693496
2693497
2693498
2693499
2693500
2693501
2693502
2693503
2693504
2693505
2693506
2693507
2693508
2693509
2693510
2693511
2693512
2693513
2693514
2693515
2693516
2693517
2693518
2693519
2693520
2693521
2693522
2693533
2693534
2693535
2693536
2693537
2693538
2693539
2693540
2693541
2693542
2693543
2693544
2693545
2693546
2693547
2693548
2693549
2693550
2693551
2693552
2693553
2693554
2693555
2693556
2693557
2693558
2693559
2693560
2693561
2693562
2693563
2693564
2693566
2693567
2693568
2693569
2693570
2693571
2693572
2693573
2693574
2693575
2693576
2693577
2693578
2693579
2693580
2693581
2693582
2693583
2693584
2693585
2693586
2693587
2693588
2693589
2693590
2693591
2693592
2693593
2693594
2693595
2693596
2693597
2693598
2693599
2693600
2693601
2693602
2693603
2693604
2693605
2693606
2693607
2693608
2693609
2693610
2693611
2693612
2693613
2693614
2693615
2693616
2693617
2693618
2693619
2693620
2693621
2693622
2693623
2693624
2693625
2693626
2693627
2693628
2693629
2693630
2693631
2693632
2693633
2693634
2693635
2693636
2693637
2693638
2693639
2693640
2693641
2693642
2693643
2693644
2693645
2693646
2693647
2693648
2693649
2693650
2693651
2693652
2693653
2693654
2693655
2693656
2693659
2693661
2693662
2693663
2693664
2693665
2693666
2693667
2693668
2693669
2693670
2693671
2693672
2693673
2693674
2693675
2693676
2693677
2693678
2693679
2693680
2693681
2693682
2693683
2693684
2693685
2693686
2693687
2693688
2693689
2693690
2693691
2693692
2693693
2693694
2693695
2693696
2693698
2693699
2693700
2693701
2693702
2693703
2693704
2693705
2693706
2693707
2693708
2693709
2693710
2693711
2693712
2693713
2693714
2693715
2693716
2693717
2693718
2693719
2693720
2693721
2693722
2693723
2693724
2693725
2693726
2693727
2693728
2693729
2693730
2693731
2693732
2693733
2693734
2693735
2693736
2693737
2693738
2693739
2693740
2693741
2693742
2693743
2693744
2693745
2693746
2693747
2693748
2693749
2693750
2693751
2693752
2693753
2693754
2693755
2693756
2693757
2693758
2693759
2693760
2693761
2693762
2693763
2693764
2693765
2693766
2693767
2693768
2693769
2693770
2693771
2693772
2693773
2693774
2693775
2693776
2693777
2693778
2693779
2693780
2693781
2693782
2693783
2693784
2693785
2693786
2693787
2693788
2693789
2693790
2693791
2693792
2693793
2693794
2693795
2693796
2693797
2693798
2693799
2693800
2693801
2693802
2693803
2693804
2693805
2693806
2693807
2693808
2693809
2693810
2693811
2693812
2693813
2693814
2693815
2693816
2693817
2693818
2693819
2693820
2693821
2693822
2693823
2693824
2693825
2693826
2693827
2693828
2693829
2693830
2693831
2693832
2693833
2693834
2693835
2693836
2693837
2693838
2693839
2693840
2693841
2693842
2693843
2693844
2693845
2693846
2693847
2693848
2693849
2693850
2693851
2693852
2693853
2693854
2693855
2693856
2693857
2693858
2693859
2693860
2693861
2693862
2693863
2693864
2693865
2693866
2693867
2693868
2693869
2693870
2693871
2693872
2693873
2693874
2693875
2693876
2693877
2693878
2693879
2693880
2693881
2693882
2693883
2693884
2693885
2693886
2693887
2693888
2693889
2693890
2693891
2693892
2693893
2693894
2693895
2693896
2693897
2693898
2693899
2693900
2693901
2693902
2693903
2693904
2693905
2693906
2693907
2693908
2693909
2693910
2693911
2693912
2693913
2693914
2693915
2693916
2693917
2693918
2693919
2693920
2693921
2693922
2693923
2693924
2693925
2693926
2693927
2693928
2693929
2693930
2693931
2693932
2693933
2693934
2693935
2693936
2693937
2693938
2693939
2693940
2693941
2693942
2693943
2693944
2693945
2693946
2693947
2693948
2693949
2693950
2693951
2693952
2693953
2693954
2693955
2693956
2693957
2693958
2693959
2693960
2693961
2693962
2693963
2693964
2693965
2693966
2693967
2693968
2693969
2693970
2693971
2693972
2693973
2693974
2693975
2693976
2693977
2693978
2693979
2693980
2693981
2693982
2693983
2693984
2693985
2693986
2693987
2693988
2693989
2693990
2693991
2693992
2693993
2693994
2693995
2693996
2693997
2693998
2693999
2694000
2694001
2694002
2694003
2694004
2694005
2694006
2694007
2694008
2694009
2694010
2694011
2694012
2694013
2694014
2694015
2694016
2694017
2694018
2694019
2694020
2694021
2694022
2694023
2694024
2694025
2694026
2694027
2694028
2694029
2694030
2694031
2694032
2694033
2694034
2694035
2694036
2694037
2694038
2694039
2694040
2694041
2694042
2694043
2694044
2694045
2694046
2694047
2694048
2694049
2694050
2694051
2694052
2694053
2694054
2694055
2694056
2694057
2694058
2694059
2694060
2694061
2694062
2694063
2694064
2694065
2694066
2694067
2694068
2694069
2694070
2694071
2694072
2694073
2694074
2694075
2694076
2694077
2694078
2694079
2694080
2694081
2694082
2694083
2694084
2694085
2694086
2694087
2694088
2694089
2694090
2694091
2694092
2694093
2694094
2694095
2694096
2694097
2694098
2694099
2694100
2694101
2694102
2694103
2694104
2694105
2694106
2694107
2694108
2694109
2694110
2694111
2694112
2694113
2694114
2694115
2694116
2694117
2694118
2694119
2694120
2694121
2694122
2694123
2694124
2694125
2694126
2694127
2694128
2694129
2694130
2694131
2694132
2694133
2694134
2694135
2694136
2694138
2694142
2694143
2694144
2694145
2694146
2694147
2694148
2694149
2694150
2694151
2694152
2694153
2694154
2694155
2694156
2694157
2694158
2694159
2694160
2694161
2694162
2694163
2694164
2694165
2694166
2694167
2694168
2694169
2694170
2694171
2694172
2694174
2694175
2694176
2694177
2694178
2694179
2694180
2694181
2694182
2694183
2694184
2694185
2694186
2694187
2694188
2694189
2694190
2694191
2694192
2694193
2694194
2694195
2694196
2694197
2694198
2694199
2694200
2694201
2694202
2694203
2694204
2694205
2694206
2694207
2694208
2694209
2694210
2694211
2694212
2694213
2694214
2694215
2694216
2694217
2694218
2694219
2694220
2694221
2694222
2694223
2694224
2694225
2694226
2694227
2694228
2694229
2694230
2694231
2694232
2694233
2694234
2694235
2694236
2694237
2694238
2694239
2694240
2694241
2694242
2694243
2694244
2694245
2694246
2694247
2694248
2694249
2694250
2694251
2694252
2694253
2694254
2694255
2694256
2694257
2694258
2694259
2694260
2694261
2694262
2694263
2694264
2694265
2694266
2694267
2694268
2694269
2694270
2694271
2694272
2694273
2694274
2694275
2694276
2694277
2694278
2694279
2694280
2694281
2694282
2694283
2694284
2694285
2694286
2694287
2694288
2694289
2694290
2694291
2694292
2694293
2694294
2694295
2694296
2694297
2694298
2694299
2694300
2694301
2694302
2694303
2694304
2694305
2694306
2694307
2694308
2694309
2694310
2694311
2694312
2694313
2694314
2694315
2694316
2694317
2694318
2694319
2694320
2694321
2694322
2694323
2694324
2694325
2694326
2694327
2694328
2694329
2694330
2694331
2694334
2694335
2694336
2694337
2694338
2694339
2694340
2694341
2694342
2694343
2694344
2694345
2694346
2694347
2694348
2694349
2694350
2694351
2694352
2694353
2694354
2694355
2694356
2694357
2694358
2694359
2694360
2694361
2694362
2694363
2694364
2694365
2694366
2694367
2694368
2694369
2694370
2694371
2694372
2694373
2694374
2694375
2694376
2694377
2694378
2694379
2694380
2694381
2694382
2694383
2694384
2694385
2694386
2694387
2694388
2694389
2694390
2694391
2694392
2694393
2694394
2694395
2694396
2694397
2694398
2694399
2694400
2694401
2694402
2694403
2694404
2694405
2694406
2694407
2694408
2694409
2694410
2694411
2694412
2694413
2694414
2694415
2694416
2694417
2694418
2694419
2694420
2694421
2694422
2694423
2694424
2694425
2694426
2694427
2694428
2694429
2694430
2694431
2694432
2694433
2694434
2694435
2694436
2694437
2694438
2694439
2694440
2694441
2694442
2694443
2694444
2694445
2694446
2694448
2694449
2694450
2694451
2694452
2694453
2694454
2694455
2694456
2694457
2694458
2694459
2694460
2694461
2694462
2694463
2694464
2694465
2694466
2694467
2694468
2694469
2694470
2694471
2694472
2694473
2694474
2694475
2694476
2694477
2694478
2694479
2694480
2694481
2694482
2694483
2694484
2694485
2694486
2694487
2694488
2694489
2694490
2694491
2694492
2694493
2694494
2694495
2694496
2694497
2694498
2694499
2694500
2694501
2694502
2694503
2694504
2694505
2694506
2694507
2694508
2694509
2694510
2694511
2694512
2694513
2694514
2694515
2694516
2694517
2694518
2694519
2694520
2694521
2694522
2694523
2694524
2694525
2694526
2694527
2694528
2694529
2694530
2694531
2694532
2694533
2694534
2694535
2694536
2694537
2694538
2694539
2694540
2694541
2694542
2694543
2694544
2694545
2694546
2694547
2694548
2694549
2694550
2694551
2694552
2694553
2694554
2694555
2694556
2694557
2694558
2694559
2694560
2694561
2694562
2694563
2694564
2694565
2694566
2694567
2694568
2694569
2694570
2694571
2694572
2694573
2694574
2694575
2694576
2694577
2694578
2694579
2694580
2694581
2694582
2694583
2694584
2694585
2694586
2694587
2694588
2694589
2694590
2694591
2694592
2694593
2694594
2694595
2694596
2694597
2694598
2694599
2694600
2694601
2694602
2694603
2694604
2694605
2694606
2694607
2694608
2694609
2694610
2694611
2694612
2694613
2694614
2694615
2694616
2694617
2694618
2694619
2694620
2694621
2694622
2694623
2694624
2694625
2694626
2694627
2694628
2694629
2694630
2694631
2694632
2694633
2694634
2694635
2694636
2694637
2694638
2694639
2694640
2694641
2694642
2694643
2694644
2694645
2694646
2694647
2694648
2694649
2694650
2694651
2694652
2694653
2694654
2694655
2694656
2694657
2694658
2694659
2694660
2694661
2694662
2694663
2694664
2694665
2694666
2694667
2694668
2694669
2694670
2694671
2694672
2694673
2694674
2694675
2694676
2694677
2694678
2694679
2694680
2694681
2694682
2694683
2694684
2694685
2694686
2694687
2694688
2694689
2694690
2694691
2694692
2694693
2694694
2694695
2694696
2694697
2694698
2694699
2694700
2694701
2694702
2694703
2694704
2694705
2694706
2694707
2694708
2694709
2694710
2694711
2694712
2694713
2694714
2694715
2694716
2694717
2694718
2694719
2694720
2694721
2694722
2694723
2694724
2694725
2694726
2694727
2694728
2694729
2694730
2694731
2694732
2694733
2694734
2694735
2694736
2694737
2694738
2694739
2694740
2694741
2694742
2694743
2694744
2694745
2694746
2694747
2694748
2694749
2694750
2694751
2694752
2694753
2694754
2694755
2694756
2694757
2694758
2694759
2694760
2694761
2694762
2694763
2694764
2694765
2694766
2694767
2694768
2694769
2694770
2694771
2694772
2694773
2694774
2694775
2694776
2694777
2694778
2694779
2694780
2694781
2694782
2694783
2694784
2694785
2694786
2694787
2694788
2694789
2694790
2694791
2694792
2694793
2694794
2694795
2694796
2694797
2694798
2695302
2695334
2695335
2695336
2695337
2695338
2695348
2695349
2695350
2695351
2695352
2695354
2695355
2695356
2695357
2695359
2695360
2695361
2695367
2695368
2695426
2695836
2695837
2695838
2695839
2695840
2695844
2695845
2695847
2695848
2695849
2695850
2696289
2696336
2696337
2696338
2696339
2696340
2696343
2696344
2696345
2696354
2696355
2696356
2696357
2696358
2696359
2696360
2696370
2696371
2696374
2696375
2696376
2696377
2696378
2696379
2696380
2696381
2696383
2696384
2696385
2696386
2696387
2696388
2696389
2696390
2696391
2696392
2696393
2696394
2696395
2696396
2696397
2696398
2696399
2696400
2696401
2696402
2696403
2696404
2696405
2696406
2696407
2696408
2696409
2696410
2696411
2696412
2696413
2696414
2696415
2696416
2696417
2696418
2696419
2696420
2696421
2696422
2696423
2696424
2696425
2696426
2696427
2696428
2696429
2696430
2696431
2696432
2696433
2696434
2696435
2696436
2696437
2696438
2696439
2696440
2696441
2696442
2696443
2696444
2696445
2696446
2696447
2696448
2696449
2696450
2696451
2696452
2696453
2696454
2696455
2696456
2696457
2696458
2696459
2696460
2696461
2696462
2696479
2696679
2696681
2696682
2696714
2696999
2697005
2697049
2697055
2697056
2697090
2697091
2697092
2697093
2697094
2697095
2697238
2697494
2697498
2697508
2697509
2697512
2697513
2697535
2697536
2697537
2697538
2697539
2697540
2697541
2697571
2697572
2697640
2697641
2697644
2697645
2697646
2698415
2698416
2698666
2698667
2698726
2698728
2698729
2698730
2698776
2698777
2698835
2698907
2698910
2698923
2698927
2698928
2698929
2699143
2699144
2699151
2699153
2699154
2699379
2699380
2699381
2699382
2699383
2699384
2699385
2699386
2699387
2699388
2699389
2699390
2699391
2699392
2699393
2699478
2699738
2699769
2699794
2699877
2700023
2700041
2700071
2700089
2703488
2703490
2703491
2703492
2703493
2703494
2703495
2703496
2703497
2703654
2703869
2703870
2703871
2703872
2703960
2704027
2704031
2704033
2704034
2704035
2704036
2704037
2704038
2704039
2704040
2704041
2704042
2704043
2704064
2704065
2704066
2704067
2704068
2704069
2704070
2704071
2704072
2704073
2704074
2704172
2704182
2704371
2704413
2704418
2704502
2704503
2704504
2704521
2704632
2704634
2704635
2704636
2704941
2704943
2704944
2704958
2704959
2704965
2705123
2705461
2705462
2705537
2705538
2705543
2706128
2706523
2706558
2706778
2706841
2706908
2706909
2706910
2706911
2706912
2706913
2706914
2707004
2707030
2707181
2707191
2707193
2707194
2707195
2707197
2707198
2707201
2707202
2707203
2707204
2707205
2707206
2707207
2707208
2707210
2707211
2707212
2707213
2707214
2707215
2707217
2707218
2707220
2707221
2707223
2707224
2707226
2707227
2707228
2707229
2707230
2707231
2707232
2707233
2707234
2707235
2707236
2707237
2707238
2707239
2707241
2707242
2707243
2707245
2707248
2707249
2707250
2707251
2707252
2707253
2707254
2707255
2707256
2707257
2707259
2707260
2707263
2707264
2707266
2707267
2707268
2707269
2707270
2707271
2707272
2707273
2707274
2707275
2707276
2707277
2707278
2707279
2707280
2707281
2707282
2707283
2707284
2707285
2707286
2707287
2707288
2707289
2707290
2707291
2707292
2707293
2707294
2707295
2707300
2707307
2707308
2707309
2707310
2707311
2707312
2707313
2707314
2707315
2707316
2707317
2707318
2707319
2707320
2707321
2707322
2707324
2707325
2707326
2707327
2707328
2707343
2707358
2707536
2707537
2707538
2707539
2707540
2707541
2707726
2707728
2707730
2708056
2708065
2708335
2708519
2708562
2708592
2708629
2708630
2708631
2708632
2708633
2708634
2708635
2708636
2709072
2709239
2709244
2709316
2709317
2709318
2709319
2709320
2709552
2709553
2709554
2709734
2709735
2709736
2709737
2709738
2709741
2709742
2709746
2709747
2709754
2709774
2709775
2709776
2709777
2709778
2709779
2710493
2710494
2710495
2710496
2710497
2710500
2710501
2710502
2710503
2710504
2710505
2710507
2710509
2710510
2710511
2710512
2710513
2710514
2710515
2710516
2710517
2710518
2710519
2710874
2710953
2710960
2710964
2710965
2710966
2710988
2710999
2711010
2711022
2711023
2711024
2711025
2711037
2711049
2711055
2711064
2711066
2711091
2711092
2711101
2711104
2711105
2711106
2711114
2711135
2711145
2711163
2711164
2711165
2711169
2711170
2711171
2711172
2711173
2711174
2711178
2711180
2711181
2711182
2711183
2711184
2711185
2711208
2711275
2711276
2712060
2712269
2712691
2712692
2712734
2712833
2712846
2712851
2712895
2712933
2712934
2712935
2712938
2712940
2712941
2712943
2712944
2712945
2712956
2712957
2712958
2712960
2712962
2712966
2712967
2712969
2712970
2712971
2712972
2712973
2712974
2712976
2712977
2712978
2712979
2713138
2713139
2713145
2713146
2713147
2713148
2713149
2713154
2713155
2713156
2713157
2713205
2713208
2713209
2713210
2713211
2713212
2713217
2713222
2713223
2713224
2713242
2713243
2713244
2713245
2713246
2713247
2713248
2713249
2713250
2713256
2713257
2713258
2713259
2713260
2713262
2713263
2713264
2713265
2713266
2713267
2713268
2713269
2713273
2713274
2713275
2713276
2713277
2713278
2713279
2713280
2713281
2713282
2713283
2713284
2713285
2713286
2713287
2713288
2713289
2713290
2713291
2713292
2713293
2713294
2713295
2713296
2713297
2713298
2713299
2713300
2713301
2713302
2713303
2713304
2713305
2713306
2713307
2713308
2713309
2713310
2713311
2713312
2713313
2713314
2713315
2713316
2713317
2713318
2713319
2713320
2713321
2713322
2713323
2713324
2713325
2713326
2713327
2713328
2713435
2713451
2713452
2713454
2713456
2713457
2713499
2713590
2713609
2713640
2713662
2713663
2714165
2714168
2714170
2714171
2714172
2714173
2714177
2714180
2714181
2714182
2714183
2714184
2714735
2714736
2714894
2714896
2714898
2714899
2714902
2714903
2714904
2714905
2714906
2714907
2714908
2715094
2715095
2715102
2715103
2715178
2715208
2715213
2715688
2715689
2715690
2715709
2715710
2715711
2715712
2715743
2715793
2715794
2715795
2715796
2715797
2715931
2716125
2716128
2716170
2716180
2716181
2716183
2716184
2716185
2716188
2716189
2716316
2716318
2716319
2716322
2716343
2716344
2716345
2716346
2716347
2716350
2716351
2716352
2716353
2716354
2716355
2716551
2716553
2716554
2716555
2716556
2716557
2716558
2716559
2716560
2716617
2716618
2716635
2716638
2716640
2716641
2716643
2716644
2716645
2716646
2716647
2716648
2716650
2716652
2716653
2716654
2716655
2716656
2716658
2716659
2716660
2716661
2716662
2716663
2716664
2716665
2716667
2716668
2716671
2716672
2716675
2716677
2716678
2716679
2716680
2716681
2716682
2716683
2716727
2716728
2716729
2716732
2716733
2716734
2716735
2716736
2716738
2716739
2716740
2716741
2716742
2716744
2716746
2716747
2716748
2716750
2716751
2716752
2716753
2716754
2716759
2716760
2716761
2716762
2716763
2716764
2716914
2717165
2717302
2717394
2717543
2717544
2717545
2717546
2717547
2717548
2717549
2717550
2717584
2717630
2717633
2717636
2717644
2717646
2717648
2717649
2717652
2717655
2717656
2717657
2717660
2717662
2717663
2717666
2717667
2717668
2717670
2717674
2717680
2717682
2717684
2717685
2717850
2717891
2718426
2718472
2718473
2718474
2718475
2718476
2718477
2718478
2718479
2718480
2718481
2718482
2718606
2718607
2718608
2718609
2718722
2718941
2718942
2718943
2718947
2719116
2719179
2719180
2719181
2719183
2719184
2719185
2719186
2719188
2719190
2719191
2719192
2719193
2719194
2719195
2719196
2719197
2719200
2719202
2719203
2719204
2719206
2719207
2719208
2719209
2719210
2719212
2719434
2719435
2719436
2719437
2719438
2719439
2719440
2719441
2719442
2719443
2719444
2719445
2719446
2719447
2719448
2719449
2719450
2719451
2719452
2719453
2719454
2719455
2719456
2719457
2719458
2719459
2719460
2719461
2719462
2719463
2719464
2719465
2719466
2719467
2719468
2719469
2719470
2719471
2719472
2719473
2719474
2719475
2719476
2719477
2719478
2719479
2719480
2719481
2719482
2719483
2719484
2719485
2719486
2719487
2719488
2719492
2719493
2719494
2719495
2719496
2719497
2719498
2719499
2719500
2719501
2719502
2719503
2719504
2719505
2719506
2719507
2719508
2719509
2719510
2719512
2719513
2719514
2719515
2719516
2719517
2719518
2719519
2719520
2719521
2719522
2719523
2719524
2719525
2719526
2719528
2719529
2719530
2719531
2719532
2719533
2719534
2719535
2719536
2719550
2719567
2719568
2719569
2719570
2719571
2719572
2719574
2719575
2719589
2719590
2719591
2719592
2719593
2719594
2719595
2719596
2719597
2719599
2719600
2719601
2719602
2719603
2719604
2719605
2719606
2719607
2719609
2719610
2719611
2719798
2719799
2719800
2719801
2719802
2719803
2719804
2719805
2719806
2719807
2719809
2719810
2719811
2719812
2719813
2719814
2719835
2719836
2719837
2719838
2719839
2719840
2719841
2719842
2719843
2719844
2719845
2719846
2719847
2719848
2719849
2719850
2719851
2719852
2719853
2719854
2719855
2719856
2719857
2719858
2719859
2719860
2719861
2719862
2719863
2719864
2719865
2719866
2719867
2719868
2719869
2719990
2720068
2720191
2720215
2720399
2720485
2720486
2720538
2720539
2720886
2720899
2720900
2720901
2720902
2720903
2720904
2720905
2720906
2720907
2720908
2720909
2720910
2720911
2720912
2720913
2720914
2720915
2720916
2720917
2720918
2720919
2720920
2720921
2720922
2720923
2720924
2720925
2720926
2720927
2720928
2720929
2720930
2720931
2720932
2720933
2720934
2720935
2720936
2720937
2720938
2720939
2720940
2720941
2720942
2720943
2720944
2720945
2720946
2720947
2720948
2720949
2720950
2720952
2720953
2720954
2720955
2720956
2720957
2720958
2720959
2720960
2720961
2720962
2720963
2720964
2720966
2720967
2721224
2721273
2721556
2721742
2721746
2721747
2721749
2721750
2721756
2721757
2721760
2721792
2722823
2722917
2722918
2723238
2723239
2723240
2723241
2723242
2723243
2723244
2723245
2723248
2723249
2723667
2723726
2723727
2723728
2723742
2723743
2723754
2723755
2723758
2723759
2723761
2723762
2723769
2723772
2723773
2723774
2723892
2723893
2723894
2723896
2723897
2723898
2723899
2723900
2723901
2723902
2723903
2723904
2723905
2723906
2723907
2723909
2723910
2723937
2723938
2723956
2723960
2723963
2723964
2723990
2723992
2723993
2724078
2724084
2724161
2724168
2724180
2724308
2724309
2724310
2724322
2724323
2724325
2724326
2724327
2724352
2724498
2724499
2724758
2724895
2725057
2725373
2725395
2725580
2725603
2725604
2725605
2725607
2725608
2725609
2725612
2725613
2725614
2725615
2725616
2725617
2725618
2725619
2725620
2725621
2725622
2725623
2725624
2725625
2725626
2725627
2725628
2725629
2725630
2725631
2725632
2725633
2725634
2725635
2725637
2725639
2725640
2725641
2725642
2725643
2725644
2725645
2725646
2725647
2725648
2725649
2725650
2725651
2725652
2725678
2725679
2725680
2725681
2725682
2725683
2725751
2725753
2725754
2725755
2725864
2726019
2726020
2726182
2726183
2726258
2726259
2726708
2726811
2726936
2726938
2726969
2727852
2727857
2727861
2727863
2727864
2727865
2727882
2727984
2728245
2729004
2729189
2729190
2729191
2729193
2729338
2729339
2729340
2729341
2729342
2729343
2729344
2729443
2729539
2729541
2729542
2729566
2729568
2729569
2729572
2729574
2729575
2729576
2729592
2729631
2729638
2729647
2729735
2730082
2730083
2730119
2730536
2730538
2730539
2730540
2730578
2730579
2730603
2730617
2730618
2730619
2730620
2730621
2730622
2730632
2730656
2730657
2730658
2730659
2730660
2730967
2730968
2731207
2731208
2731253
2731270
2731271
2731333
2731341
2731342
2731360
2731361
2731363
2731447
2731448
2731449
2731618
2731619
2731621
2731622
2731623
2731624
2731625
2731643
2731645
2731646
2731647
2731648
2731649
2731650
2731651
2731652
2731653
2731671
2731672
2731673
2731674
2731675
2731676
2731677
2731689
2731690
2731691
2731695
2731926
2731927
2731928
2731929
2731930
2731931
2731932
2731933
2731934
2731935
2731936
2731937
2731938
2731939
2731940
2731941
2731942
2731943
2731944
2731945
2731946
2731947
2731948
2731949
2731950
2731951
2731952
2731953
2731954
2731955
2731956
2731957
2731958
2731959
2731960
2731961
2731962
2731963
2731964
2731965
2731966
2731967
2731968
2731969
2731970
2731971
2731972
2731973
2731974
2731975
2731976
2731977
2731978
2731979
2731980
2731981
2731982
2731983
2731984
2731985
2731986
2731987
2731988
2731989
2731990
2731991
2732004
2732005
2732006
2732007
2732008
2732009
2732010
2732011
2732012
2732013
2732014
2732016
2732017
2732018
2732019
2732020
2732021
2732022
2732023
2732024
2732026
2732027
2732028
2732029
2732031
2732032
2732033
2732034
2732035
2732037
2732038
2732045
2732046
2732047
2732048
2732049
2732050
2732051
2732061
2732062
2732063
2732064
2732065
2732066
2732068
2732086
2732090
2732091
2732092
2732093
2732094
2732098
2732099
2732254
2732255
2732256
2732257
2732396
2732397
2732405
2732406
2732407
2732408
2732409
2732410
2732411
2732412
2732413
2732414
2732415
2732416
2732420
2732421
2732422
2732423
2732424
2732448
2732449
2732451
2732458
2732459
2732460
2732461
2732462
2732463
2732464
2732498
2732499
2732500
2732502
2732503
2732504
2732505
2732506
2732507
2732514
2732515
2732523
2732524
2732525
2732526
2732527
2732528
2732529
2732531
2732532
2732533
2732534
2732535
2732536
2732537
2732538
2732539
2732540
2732541
2732542
2732543
2732544
2732545
2732546
2732547
2732548
2732549
2732550
2732551
2732552
2732553
2732554
2732555
2732556
2732557
2732558
2732559
2732560
2732588
2732589
2732591
2732592
2732595
2732596
2732597
2732598
2732599
2732600
2732601
2732602
2732603
2732604
2732605
2732612
2732613
2732614
2732652
2732653
2732654
2732655
2732657
2732658
2732661
2732675
2732676
2732677
2732678
2732679
2732680
2732681
2732682
2732683
2732684
2732685
2732686
2732687
2732688
2732689
2732690
2732691
2732692
2732693
2732694
2732695
2732697
2732698
2732699
2732701
2732702
2732703
2732704
2732705
2732706
2732707
2732708
2732709
2732710
2732711
2732712
2732713
2732714
2732762
2732763
2732764
2732765
2732775
2732776
2732777
2732778
2732779
2732780
2732781
2732782
2732783
2732784
2732785
2732786
2732787
2732788
2732789
2732827
2732869
2732870
2732871
2732872
2732873
2732874
2732875
2732876
2732877
2732878
2732879
2732880
2732881
2732882
2732884
2732885
2732886
2732887
2732888
2732890
2732891
2732892
2732894
2732895
2732896
2732898
2732899
2732900
2732901
2732902
2732903
2732904
2732905
2732906
2732907
2732908
2732909
2732910
2732911
2732912
2732913
2732914
2732915
2732916
2732917
2732918
2732920
2732921
2732922
2732923
2732924
2732925
2732926
2732927
2732928
2732929
2732930
2732931
2732932
2732933
2732937
2732938
2732939
2732960
2732961
2732962
2732963
2732964
2732965
2732966
2732968
2732969
2732970
2732971
2732972
2732973
2732974
2732975
2732976
2732977
2732978
2732979
2732980
2732981
2732982
2732983
2732984
2732985
2732986
2732987
2732988
2732989
2732990
2733041
2733081
2733083
2733084
2733085
2733086
2733087
2733088
2733089
2733090
2733091
2733092
2733093
2733094
2733095
2733096
2733097
2733098
2733099
2733100
2733101
2733102
2733103
2733104
2733105
2733106
2733107
2733108
2733109
2733110
2733111
2733112
2733113
2733114
2733115
2733116
2733117
2733118
2733119
2733120
2733121
2733122
2733123
2733124
2733125
2733126
2733127
2733128
2733129
2733130
2733131
2733132
2733133
2733134
2733135
2733136
2733137
2733138
2733139
2733140
2733141
2733142
2733143
2733144
2733145
2733146
2733147
2733148
2733149
2733150
2733151
2733152
2733153
2733154
2733155
2733156
2733157
2733158
2733159
2733160
2733161
2733162
2733163
2733164
2733165
2733166
2733167
2733168
2733169
2733170
2733171
2733172
2733173
2733174
2733175
2733176
2733177
2733178
2733179
2733180
2733181
2733182
2733183
2733184
2733185
2733186
2733187
2733188
2733189
2733190
2733191
2733192
2733193
2733194
2733195
2733196
2733197
2733198
2733199
2733200
2733201
2733202
2733203
2733204
2733205
2733206
2733207
2733208
2733209
2733210
2733211
2733212
2733213
2733214
2733215
2733216
2733217
2733218
2733219
2733220
2733221
2733222
2733223
2733224
2733225
2733226
2733227
2733228
2733229
2733230
2733231
2733232
2733233
2733234
2733235
2733236
2733237
2733239
2733240
2733241
2733242
2733243
2733244
2733245
2733246
2733247
2733248
2733249
2733250
2733251
2733252
2733253
2733254
2733255
2733256
2733257
2733258
2733259
2733260
2733261
2733262
2733263
2733264
2733265
2733266
2733267
2733268
2733271
2733272
2733273
2733274
2733276
2733277
2733279
2733280
2733281
2733282
2733283
2733284
2733285
2733287
2733288
2733289
2733290
2733291
2733292
2733293
2733294
2733295
2733296
2733297
2733298
2733299
2733300
2733301
2733302
2733303
2733304
2733309
2733311
2733312
2733313
2733314
2733315
2733316
2733317
2733318
2733319
2733320
2733321
2733322
2733325
2733326
2733327
2733328
2733329
2733330
2733331
2733332
2733333
2733334
2733335
2733336
2733337
2733338
2733339
2733340
2733341
2733342
2733343
2733344
2733345
2733346
2733347
2733348
2733349
2733350
2733351
2733352
2733353
2733354
2733355
2733356
2733357
2733358
2733359
2733360
2733361
2733362
2733363
2733364
2733365
2733366
2733367
2733368
2733369
2733370
2733371
2733372
2733373
2733374
2733375
2733376
2733377
2733395
2733468
2733574
2733575
2733576
2733577
2733578
2733579
2733580
2733581
2733583
2733584
2733585
2733586
2733587
2733588
2733589
2733590
2733591
2733592
2733593
2733594
2733595
2733596
2733597
2733598
2733599
2733600
2733601
2733602
2733603
2733604
2733605
2733606
2733607
2733608
2733609
2733610
2733611
2733612
2733613
2733614
2733615
2733616
2733617
2733618
2733619
2733620
2733621
2733622
2733623
2733624
2733625
2733626
2733627
2733628
2733629
2733630
2733631
2733632
2733633
2733634
2733635
2733636
2733637
2733638
2733639
2733640
2733641
2733642
2733643
2733644
2733645
2733646
2733647
2733648
2733649
2733650
2733651
2733652
2733653
2733654
2733655
2733656
2733657
2733658
2733659
2733660
2733661
2733662
2733663
2733664
2733665
2733666
2733667
2733668
2733669
2733670
2733671
2733672
2733673
2733674
2733675
2733676
2733677
2733678
2733679
2733680
2733681
2733682
2733683
2733684
2733685
2733691
2733869
2733870
2733871
2733872
2733873
2733874
2733875
2733876
2733877
2733878
2733879
2733880
2733881
2733882
2733883
2733884
2733885
2733886
2733887
2733888
2733889
2733890
2733891
2733892
2733893
2733894
2733895
2733896
2733897
2733898
2733899
2733900
2733901
2733902
2733903
2733904
2733905
2733906
2733907
2733916
2733917
2733918
2733919
2733920
2733921
2733922
2733923
2733924
2733925
2733926
2733927
2733928
2733929
2733930
2733931
2733932
2733933
2733934
2733935
2733936
2733937
2733938
2733939
2733940
2733941
2733942
2733943
2733944
2733945
2733946
2733947
2733948
2733949
2733950
2733951
2733952
2733953
2733954
2733955
2733956
2733957
2733958
2733959
2733960
2733961
2733962
2733963
2733964
2733965
2733966
2733967
2733968
2733969
2733970
2733971
2733972
2733973
2733974
2733975
2733976
2733977
2733978
2733979
2733981
2733982
2733983
2733984
2733985
2733986
2733987
2733988
2733989
2733990
2733991
2733992
2733993
2733994
2733995
2733996
2733997
2733998
2733999
2734000
2734001
2734002
2734003
2734004
2734005
2734006
2734007
2734008
2734009
2734010
2734011
2734012
2734013
2734014
2734015
2734016
2734018
2734019
2734020
2734021
2734022
2734023
2734024
2734025
2734026
2734027
2734028
2734029
2734030
2734031
2734032
2734033
2734034
2734035
2734036
2734037
2734038
2734039
2734040
2734041
2734042
2734043
2734044
2734045
2734046
2734047
2734048
2734049
2734050
2734051
2734052
2734053
2734054
2734056
2734057
2734059
2734060
2734061
2734062
2734064
2734065
2734066
2734067
2734068
2734069
2734070
2734071
2734072
2734073
2734074
2734075
2734076
2734078
2734079
2734080
2734081
2734082
2734083
2734084
2734085
2734086
2734087
2734088
2734089
2734090
2734091
2734092
2734093
2734094
2734095
2734096
2734097
2734098
2734099
2734100
2734101
2734102
2734103
2734104
2734105
2734106
2734108
2734109
2734110
2734111
2734112
2734113
2734114
2734115
2734116
2734117
2734118
2734119
2734120
2734121
2734122
2734123
2734124
2734125
2734126
2734127
2734128
2734129
2734130
2734131
2734132
2734133
2734134
2734135
2734136
2734137
2734138
2734139
2734140
2734141
2734142
2734143
2734144
2734145
2734146
2734147
2734148
2734149
2734150
2734151
2734152
2734153
2734154
2734155
2734156
2734157
2734158
2734159
2734160
2734161
2734162
2734163
2734186
2734187
2734188
2734189
2734190
2734191
2734192
2734193
2734194
2734195
2734196
2734197
2734198
2734199
2734200
2734201
2734202
2734203
2734204
2734205
2734206
2734207
2734208
2734209
2734210
2734211
2734212
2734213
2734214
2734215
2734216
2734217
2734218
2734219
2734220
2734221
2734222
2734223
2734224
2734225
2734226
2734227
2734228
2734229
2734230
2734231
2734232
2734233
2734234
2734235
2734236
2734237
2734238
2734239
2734240
2734241
2734242
2734243
2734244
2734245
2734246
2734247
2734248
2734249
2734250
2734251
2734252
2734253
2734254
2734255
2734256
2734257
2734258
2734259
2734260
2734261
2734262
2734263
2734264
2734265
2734266
2734267
2734268
2734269
2734270
2734271
2734272
2734273
2734274
2734275
2734276
2734277
2734278
2734279
2734280
2734281
2734282
2734283
2734284
2734285
2734286
2734287
2734288
2734289
2734290
2734291
2734292
2734293
2734294
2734295
2734328
2734331
2734332
2734333
2734334
2734335
2734336
2734337
2734338
2734339
2734340
2734341
2734342
2734344
2734345
2734347
2734348
2734350
2734351
2734352
2734353
2734354
2734357
2734358
2734366
2734367
2734368
2734369
2734370
2734371
2734372
2734373
2734374
2734375
2734376
2734377
2734379
2734380
2734382
2734383
2734384
2734385
2734386
2734387
2734388
2734389
2734390
2734392
2734393
2734394
2734395
2734396
2734397
2734398
2734399
2734400
2734401
2734402
2734404
2734405
2734406
2734407
2734408
2734409
2734410
2734418
2734422
2734426
2734427
2734433
2734434
2734435
2734436
2734437
2734438
2734439
2734484
2734485
2734488
2734489
2734499
2734500
2734501
2734502
2734503
2734510
2734511
2734512
2734513
2734515
2734517
2734518
2734519
2734521
2734523
2734524
2734525
2734529
2734530
2734535
2734536
2734539
2734541
2734543
2734548
2734551
2734552
2734553
2734554
2734555
2734556
2734558
2734560
2734561
2734565
2734566
2734567
2734568
2734569
2734570
2734571
2734572
2734573
2734574
2734575
2734576
2734577
2734582
2734584
2734585
2734586
2734587
2734588
2734591
2734592
2734593
2734594
2734595
2734627
2734628
2734642
2734808
2734809
2734842
2734843
2734844
2734845
2734905
2735125
2735171
2735212
2735213
2735214
2735220
2735221
2735222
2735224
2735225
2735226
2735227
2735277
2735300
2735301
2735304
2735305
2735399
2735400
2735531
2735572
2735669
2735873
2735874
2735917
2735918
2735919
2735920
2735921
2735922
2735923
2735925
2735926
2735927
2735928
2735929
2735930
2735931
2735934
2735936
2735937
2735938
2735939
2735940
2735941
2735943
2735944
2735945
2735946
2735947
2735948
2735949
2735950
2735951
2735952
2735953
2735954
2735955
2735956
2735957
2735958
2735959
2735960
2735963
2735964
2736185
2736186
2736188
2736189
2736190
2736192
2736194
2736195
2736196
2736197
2736200
2736202
2736204
2736205
2736218
2736222
2736223
2736224
2736226
2736227
2736229
2736233
2736234
2736238
2736239
2736256
2736257
2736258
2736259
2736260
2736261
2736262
2736263
2736264
2736265
2736266
2736267
2736268
2736269
2736270
2736271
2736272
2736273
2736274
2736279
2736280
2736287
2736288
2736296
2736341
2736343
2736346
2736347
2736364
2736365
2736366
2736367
2736368
2736369
2736370
2736371
2736372
2736373
2736374
2736375
2736376
2736377
2736378
2736379
2736380
2736381
2736382
2736383
2736384
2736385
2736386
2736387
2736388
2736389
2736390
2736391
2736392
2736393
2736394
2736395
2736396
2736397
2736398
2736399
2736400
2736401
2736402
2736403
2736404
2736405
2736406
2736407
2736408
2736409
2736410
2736411
2736412
2736413
2736513
2736632
2736646
2736647
2736651
2736661
2736690
2736692
2736913
2736930
2736932
2736933
2737030
2737053
2737054
2737055
2737056
2737057
2737058
2737059
2737060
2737061
2737062
2737063
2737064
2737065
2737066
2737067
2737068
2737069
2737070
2737071
2737072
2737073
2737074
2737075
2737076
2737077
2737078
2737079
2737080
2737081
2737082
2737083
2737084
2737085
2737086
2737087
2737088
2737089
2737090
2737091
2737092
2737093
2737094
2737095
2737096
2737097
2737098
2737160
2737161
2737162
2737666
2737667
2737672
2737675
2737678
2737679
2737680
2737681
2737682
2737683
2737684
2737695
2737696
2737697
2737698
2737704
2737705
2737710
2737711
2737763
2738138
2738372
2738373
2738374
2738376
2738397
2738398
2738459
2738469
2738470
2738555
2738809
2738896
2738897
2738898
2738899
2738900
2738901
2738902
2738905
2738906
2738907
2738910
2738911
2738912
2738913
2738914
2738916
2738917
2738918
2738919
2738921
2739222
2739231
2739235
2739244
2739248
2739249
2739374
2739375
2739376
2739377
2739378
2739380
2739381
2739382
2739383
2739384
2739385
2739386
2739639
2739640
2739681
2739751
2739752
2739753
2739754
2739772
2739773
2739778
2739780
2739783
2739833
2739834
2739846
2739847
2739848
2739849
2739850
2739851
2739852
2739853
2739854
2739855
2739856
2739857
2739858
2739859
2739860
2739861
2739862
2739863
2739866
2739867
2739868
2739869
2739870
2739874
2739875
2739876
2739877
2739878
2739879
2739880
2739881
2739882
2739883
2739884
2739885
2739888
2739889
2739890
2739892
2740115
2740116
2740117
2740118
2740119
2740120
2740121
2740122
2740123
2740127
2740128
2740129
2740132
2740133
2740134
2740135
2740136
2740137
2740138
2740139
2740140
2740141
2740142
2740143
2740144
2740145
2740146
2740147
2740148
2740149
2740150
2740151
2740152
2740154
2740155
2740167
2740168
2740170
2740171
2740179
2740180
2740181
2740182
2740427
2740451
2740714
2740721
2740747
2740748
2740798
2740799
2740800
2740801
2740802
2740803
2740804
2740805
2741065
2741072
2741073
2741074
2741075
2741076
2741077
2741341
2741441
2741442
2741542
2741637
2741640
2741642
2741643
2741644
2741645
2741646
2741647
2741649
2741650
2741651
2741652
2741653
2741654
2741655
2741656
2741657
2741658
2741659
2741660
2741662
2741663
2741664
2741665
2741666
2741667
2741668
2741669
2741670
2741671
2741672
2741717
2741761
2741762
2741763
2741764
2741765
2741766
2741767
2741768
2741769
2741770
2741771
2741772
2741773
2741774
2741775
2741776
2741777
2741778
2741779
2741780
2741781
2741782
2741783
2741784
2741785
2741786
2741787
2741788
2741789
2741790
2741791
2741792
2741793
2741794
2741795
2741796
2741797
2741798
2741799
2741800
2741801
2741802
2741803
2741804
2741805
2741806
2741807
2741808
2741809
2741810
2741811
2741812
2741813
2741814
2741815
2741816
2741817
2741818
2741819
2741820
2741821
2741822
2741823
2741824
2741825
2741826
2741827
2741828
2741829
2741830
2741831
2741832
2741833
2741834
2741835
2741836
2741837
2741838
2741839
2741840
2741841
2741842
2741843
2741844
2741845
2741846
2741847
2741848
2741849
2741850
2741851
2741852
2741853
2741854
2741855
2741856
2741857
2741858
2741859
2741860
2741861
2741862
2741863
2741864
2741865
2741866
2741867
2741868
2741869
2741870
2741871
2741872
2741873
2741874
2741875
2741876
2741877
2741878
2741879
2741880
2741881
2741882
2741883
2741884
2741885
2741886
2741887
2741888
2741889
2741890
2741891
2741892
2741893
2741894
2741895
2741896
2741897
2741898
2741899
2741900
2741901
2741902
2741903
2741904
2741905
2741906
2741907
2741920
2741921
2741922
2741923
2741924
2741925
2742107
2742108
2742112
2742113
2742114
2742446
2742449
2742540
2742541
2742542
2742543
2742544
2742546
2742547
2742548
2742549
2742550
2742551
2742552
2742553
2742554
2742555
2742556
2742557
2742558
2742559
2742560
2742561
2742562
2742563
2742565
2742566
2742567
2742594
2742700
2742702
2742703
2742942
2742944
2742945
2742946
2742947
2742948
2742950
2743094
2743095
2743096
2743097
2743098
2743099
2743100
2743101
2743115
2743116
2743117
2743118
2743119
2743120
2743121
2743122
2743123
2743124
2743125
2743126
2743127
2743128
2743129
2743130
2743131
2743132
2743133
2743134
2743135
2743136
2743138
2743139
2743143
2743144
2743145
2743147
2743148
2743150
2743151
2743152
2743153
2743154
2743167
2743168
2743176
2743177
2743178
2743179
2743180
2743181
2743182
2743183
2743184
2743185
2743186
2743402
2743403
2743404
2743613
2743776
2743777
2743781
2743786
2743788
2743789
2743791
2743796
2743797
2743801
2743803
2743804
2743809
2743810
2743814
2743815
2743819
2743821
2743826
2743828
2743829
2743830
2743834
2743839
2743843
2743844
2743845
2743903
2743904
2743907
2743908
2743909
2743910
2743911
2743912
2743913
2743914
2743915
2743916
2743917
2743918
2743919
2743921
2743922
2743923
2743924
2743925
2743927
2743928
2743930
2743931
2743932
2743933
2743934
2743936
2743937
2743938
2743939
2743940
2743960
2743961
2743962
2743964
2743965
2743966
2743967
2743968
2743969
2743970
2743982
2743983
2743984
2743985
2743986
2743987
2743988
2743989
2743990
2743991
2743992
2743993
2743994
2743996
2743997
2743998
2743999
2744001
2744002
2744003
2744004
2744005
2744006
2744007
2744009
2744010
2744011
2744012
2744144
2744145
2744370
2744400
2744401
2744402
2744403
2744404
2744405
2744409
2744412
2744413
2744414
2744415
2744416
2744417
2744418
2744419
2744420
2744421
2744422
2744423
2744424
2744425
2744426
2744427
2744428
2744429
2744430
2744481
2744503
2744802
2744803
2744804
2744805
2744806
2744807
2744808
2744809
2744810
2744811
2744812
2744813
2744814
2744815
2744816
2744817
2744818
2745133
2745636
2745645
2745646
2745647
2745649
2745672
2745673
2745684
2745691
2745692
2745693
2745699
2745703
2745862
2745887
2745897
2745898
2745899
2745900
2745901
2745902
2746072
2746074
2746075
2746222
2746223
2746227
2746228
2746235
2746236
2746237
2746238
2746239
2746240
2746242
2746245
2746246
2746250
2746251
2746252
2746254
2746256
2746257
2746259
2746260
2746261
2746263
2746264
2746266
2746267
2746268
2746269
2746272
2746274
2746275
2746276
2746277
2746278
2746281
2746283
2746285
2746287
2746289
2746290
2746291
2746292
2746295
2746297
2746300
2746302
2746303
2746304
2746307
2746308
2746309
2746311
2746313
2746314
2746315
2746316
2746317
2746318
2746319
2746339
2746340
2746341
2746342
2746349
2746350
2746352
2746353
2746354
2746355
2746357
2746358
2746359
2746362
2746364
2746365
2746366
2746367
2746368
2746369
2746370
2746371
2746373
2746374
2746377
2746510
2746641
2746642
2746643
2746644
2746650
2746652
2746653
2746656
2746657
2746658
2746659
2746767
2746768
2746862
2746863
2746870
2746872
2746874
2746875
2746876
2746877
2746881
2746884
2746885
2746886
2746891
2746925
2746928
2746929
2747210
2747317
2747318
2747319
2747320
2747321
2747322
2747323
2747343
2747383
2747484
2747485
2747486
2747487
2747488
2747489
2747490
2747491
2747492
2747493
2747780
2747781
2747782
2747940
2748049
2748050
2748176
2748196
2748198
2748201
2748202
2748203
2748204
2748205
2748206
2748207
2748208
2748209
2748212
2748231
2748232
2748233
2748234
2748235
2748236
2748237
2748238
2748239
2748240
2748241
2748244
2748245
2748249
2748250
2748252
2748253
2748254
2748256
2748302
2748305
2748306
2748307
2748308
2748341
2748371
2748372
2748377
2748378
2748675
2748676
2748677
2748685
2748688
2748747
2748755
2748756
2748757
2748758
2748760
2748762
2748764
2748765
2748766
2748767
2748768
2748772
2748773
2748774
2748775
2748924
2748958
2748959
2748962
2748967
2748968
2748973
2749186
2749196
2749212
2749214
2749215
2749216
2749255
2749256
2749257
2749258
2749259
2749260
2749261
2749299
2749302
2749303
2749381
2749412
2749415
2749421
2749424
2749425
2749426
2749427
2749428
2749429
2749430
2749431
2749448
2749449
2749452
2749453
2749454
2749458
2749497
2749505
2749506
2749587
2749588
2749589
2749590
2749591
2749592
2749668
2749824
2749850
2749860
2749861
2749864
2749908
2749925
2749926
2749927
2749928
2749931
2749935
2749937
2749938
2749939
2749940
2749941
2749946
2750264
2750276
2750277
2750281
2750284
2750285
2750646
2750649
2750811
2750846
2750847
2750848
2750849
2750850
2750851
2750852
2750853
2750854
2750856
2750857
2750858
2750924
2751155
2751158
2751159
2751163
2751164
2751371
2751375
2751381
2751388
2751392
2751480
2751814
2751816
2751880
2752309
2752331
2752436
2752520
2752521
2752522
2752524
2752529
2752530
2752531
2752532
2752533
2752534
2752535
2752536
2752547
2752548
2752549
2752550
2752567
2752568
2752569
2752570
2752589
2752794
2752795
2752797
2752798
2752799
2753147
2753148
2753149
2753150
2753151
2753152
2753153
2753154
2753656
2753665
2753730
2753731
2753732
2753733
2754374
2754817
2754851
2754852
2754853
2754854
2754855
2754856
2754857
2754858
2754862
2754863
2754864
2754865
2754867
2754871
2754873
2754975
2755028
2755032
2755132
2755143
2755144
2755145
2755146
2755147
2755148
2755149
2755151
2755152
2755153
2755154
2755155
2755156
2755157
2755158
2755159
2755160
2755161
2755401
2755402
2755403
2755404
2755407
2755408
2755409
2755482
2755483
2755484
2756116
2756117
2756144
2756145
2756149
2756150
2756217
2756218
2756239
2756242
2756244
2757715
2757716
2757721
2757770
2757771
2757772
2757773
2757774
2757775
2757776
2757777
2757778
2757779
2757780
2757781
2757782
2757783
2757785
2757786
2757787
2757788
2757789
2757792
2758095
2758098
2758131
2758132
2758136
2758138
2758139
2758289
2758290
2758291
2758292
2758294
2758297
2758298
2758299
2758380
2758381
2758382
2758660
2758939
2758957
2758968
2758976
2758977
2758978
2758979
2758980
2758981
2759119
2759120
2759121
2759125
2759131
2759177
2759178
2759179
2759180
2759182
2759186
2759187
2759188
2759191
2759192
2759193
2759194
2759195
2759196
2759197
2759199
2759200
2759201
2759202
2759203
2759204
2759205
2759206
2759207
2759208
2759209
2759211
2759212
2759213
2759214
2759216
2759217
2759218
2759219
2759272
2759274
2759277
2759278
2759331
2759332
2759333
2759334
2759335
2759365
2759366
2759380
2759381
2759387
2759388
2759389
2759390
2759391
2759392
2759393
2759395
2759396
2759397
2759398
2759399
2759400
2759401
2759402
2759403
2759404
2759405
2759406
2759407
2759408
2759410
2759412
2759413
2759414
2759415
2759417
2759418
2759419
2759420
2759452
2759453
2759454
2759455
2759456
2759457
2759458
2759459
2759460
2759461
2759462
2759463
2759464
2759465
2759599
2759604
2759630
2759631
2759709
2759710
2759714
2759718
2759719
2759720
2759722
2759723
2759724
2759725
2759726
2759727
2759729
2759730
2759731
2759732
2759761
2759762
2759769
2759770
2759772
2759773
2759888
2759889
2760003
2760058
2760409
2760414
2760415
2760664
2760741
2760744
2760745
2760772
2760774
2760809
2760810
2760811
2760812
2760813
2760818
2760819
2760820
2760840
2760843
2760845
2760851
2760861
2760893
2760894
2760895
2760896
2760897
2760898
2760904
2760982
2760983
2760985
2760986
2760987
2761108
2761109
2761110
2761126
2761172
2761174
2761183
2761185
2761187
2761188
2761189
2761193
2761198
2761199
2761206
2761215
2761216
2761217
2761218
2761219
2761220
2761221
2761227
2761228
2761229
2761230
2761231
2761233
2761234
2761236
2761237
2761241
2761242
2761243
2761244
2761246
2761251
2761253
2761263
2761264
2761265
2761266
2761267
2761268
2761269
2761270
2761272
2761274
2761276
2761277
2761278
2761279
2761280
2761282
2761283
2761284
2761286
2761287
2761288
2761290
2761291
2761293
2761294
2761297
2761299
2761300
2761301
2761302
2761303
2761304
2761305
2761310
2761311
2761312
2761313
2761314
2761315
2761316
2761318
2761320
2761321
2761324
2761326
2761327
2761328
2761329
2761332
2761333
2761334
2761335
2761336
2761337
2761338
2761339
2761342
2761343
2761348
2761363
2761364
2761370
2761371
2761497
2761498
2761502
2761503
2761560
2761708
2762027
2762278
2762279
2762280
2762281
2762282
2762283
2762285
2762287
2762288
2762289
2762290
2762303
2762304
2762386
2762390
2762391
2762393
2762394
2762395
2762396
2762398
2762399
2762400
2762401
2762402
2762403
2762405
2762406
2762408
2762409
2762410
2762411
2762412
2762413
2762414
2762415
2762416
2762417
2762418
2762419
2762420
2762421
2762422
2762424
2762425
2762426
2762427
2762428
2762429
2762430
2762431
2762435
2762494
2762495
2762496
2762497
2762498
2762499
2762501
2762502
2762503
2762510
2762556
2762594
2762666
2762667
2762669
2762670
2762671
2762672
2762715
2762716
2762717
2762718
2762719
2762720
2762721
2762809
2762810
2762811
2762813
2762815
2762819
2762820
2762821
2762822
2762824
2762825
2762827
2762828
2762829
2762832
2762833
2762835
2762836
2762837
2762838
2762839
2762840
2762841
2763101
2763102
2763103
2763231
2763233
2763234
2763236
2763244
2763268
2763269
2763270
2763523
2763525
2763528
2763529
2763530
2763531
2763532
2763538
2763561
2763565
2763566
2763909
2763914
2764087
2764122
2764701
2764916
2764918
2764921
2764945
2764953
2764986
2765371
2765856
2765857
2765858
2765859
2765861
2765862
2765867
2765868
2766478
2766528
2766529
2766540
2766561
2766562
2766563
2766564
2766565
2766566
2766567
2766568
2766705
2766745
2766746
2766747
2766748
2766749
2766787
2766829
2766830
2766832
2766833
2766834
2766835
2766836
2766946
2766951
2766968
2766974
2766975
2766976
2766990
2767006
2767007
2767010
2767013
2767014
2767015
2767016
2767017
2767018
2767019
2767021
2767022
2767023
2767024
2767025
2767026
2767027
2767028
2767029
2767030
2767031
2767033
2767034
2767194
2767195
2767196
2767198
2767207
2767208
2767209
2767210
2767211
2767213
2767214
2767215
2767216
2767218
2767229
2767230
2767231
2767232
2767249
2767251
2767258
2767259
2767260
2767261
2767262
2767263
2767264
2767265
2767513
2767515
2767516
2767523
2767530
2767531
2767532
2767537
2767538
2767542
2767543
2767544
2767545
2767546
2767547
2767548
2767549
2767550
2767551
2767552
2767553
2767554
2767556
2767557
2767561
2767562
2767563
2767565
2767566
2767567
2767568
2767569
2767570
2767571
2767572
2767573
2767574
2767575
2767576
2767577
2767578
2767579
2767580
2767581
2767582
2767583
2767584
2767585
2767586
2767587
2767588
2767589
2768128
2768130
2768131
2768133
2768134
2768135
2768136
2768137
2768138
2768139
2768140
2768141
2768142
2768689
2768763
2768764
2768765
2768766
2768767
2768768
2768770
2768772
2768773
2768774
2768775
2768782
2768783
2768784
2769326
2769330
2769331
2769332
2769334
2769335
2769337
2769352
2769353
2769355
2769356
2769357
2769358
2769359
2769433
2769437
2769516
2769573
2769805
2769806
2769807
2769808
2770078
2770103
2770111
2770118
2770119
2770120
2770121
2770122
2770123
2770124
2770125
2770126
2770127
2770128
2770327
2770328
2770329
2770330
2770601
2770615
2770616
2770617
2770846
2770872
2770877
2770878
2770879
2770883
2770892
2770994
2770995
2771210
2771211
2771213
2771379
2771380
2771381
2771454
2771455
2771456
2771457
2771458
2771459
2771461
2771462
2771463
2771464
2771465
2771466
2771467
2771468
2771469
2771470
2771478
2771479
2771480
2771481
2771483
2771485
2771486
2771487
2771488
2771489
2771509
2771580
2772015
2772016
2772018
2772019
2772020
2772021
2772023
2772024
2772025
2772026
2772027
2772029
2772030
2772031
2772032
2772055
2772056
2772057
2772059
2772060
2772061
2772062
2772063
2772064
2772065
2772066
2772067
2772068
2772069
2772070
2772071
2772072
2772073
2772074
2772075
2772076
2772077
2772078
2772079
2772080
2772081
2772082
2772083
2772084
2772085
2772086
2772087
2772088
2772089
2772090
2772091
2772092
2772093
2772094
2772095
2772270
2772288
2772290
2772291
2772292
2772344
2772412
2772447
2772448
2772455
2772501
2772502
2772503
2772504
2772505
2772507
2772508
2772511
2772516
2772517
2772518
2772519
2772521
2772610
2773286
2773289
2773290
2773293
2773313
2773314
2773315
2773317
2773318
2773319
2773460
2773468
2774152
2774221
2774416
2774417
2774418
2774419
2775043
2775053
2775126
2775153
2775154
2775155
2775261
2775262
2775266
2775967
2776145
2776725
2776735
2776752
2776765
2776766
2776767
2776768
2776769
2776770
2776771
2776772
2776777
2776781
2776783
2776784
2776785
2776787
2776788
2776789
2776792
2776793
2776800
2776801
2776802
2776805
2776806
2776807
2776808
2776809
2776810
2776811
2776812
2776813
2776814
2776815
2776816
2776819
2776821
2776822
2776823
2776824
2776830
2776831
2776832
2776833
2776836
2776837
2776838
2776839
2776840
2776841
2776842
2776844
2776845
2776846
2776847
2776848
2776849
2776850
2776851
2776852
2776853
2776854
2776855
2776856
2776857
2776858
2776859
2776860
2776861
2776864
2776865
2776866
2776867
2776868
2776869
2776870
2776871
2776872
2776874
2776875
2776876
2776877
2776878
2776880
2776881
2776882
2776924
2776959
2776960
2776961
2776962
2776963
2776964
2776966
2776967
2776968
2776972
2777032
2777033
2777034
2777035
2777087
2777088
2777089
2777090
2777091
2777092
2777093
2777094
2777131
2777132
2777133
2777134
2777135
2777136
2777137
2777138
2777139
2777140
2777141
2777143
2777144
2777145
2777146
2777147
2777170
2777208
2777210
2777211
2777212
2777215
2777216
2777219
2777220
2777221
2777223
2777226
2777229
2777230
2777232
2777233
2777234
2777235
2777300
2777301
2777309
2777310
2777311
2777312
2777313
2777318
2777319
2777321
2777322
2777323
2777324
2777325
2777326
2777327
2777328
2777329
2777330
2777331
2777332
2777347
2777348
2777349
2777351
2777352
2777353
2777359
2777360
2777361
2777362
2777363
2777364
2777368
2777369
2777370
2777371
2777372
2777376
2777377
2777378
2777380
2777381
2777382
2777383
2777384
2777386
2777387
2777390
2777395
2777397
2777398
2777399
2777400
2777401
2777402
2777403
2777405
2777470
2777529
2777538
2777710
2777991
2777992
2778219
2778220
2778221
2778222
2778246
2778247
2778248
2778249
2778251
2778512
2778513
2778514
2778515
2778517
2778518
2778519
2778520
2778521
2778524
2778552
2778586
2778671
2778759
2778761
2778762
2778763
2778765
2778766
2778767
2778769
2778770
2778782
2778969
2778970
2778971
2778973
2778974
2778975
2778976
2778977
2778979
2778980
2778981
2778982
2778983
2778984
2778985
2778986
2778987
2778988
2778989
2778990
2778991
2778992
2778993
2778994
2779003
2779012
2779169
2779174
2779319
2779399
2779404
2779655
2779843
2779848
2779849
2779852
2779853
2779854
2779855
2779856
2779857
2780018
2780021
2780070
2780166
2780167
2780170
2780377
2780378
2780379
2780380
2780512
2781113
2781145
2781354
2781359
2781360
2781361
2781362
2781364
2781365
2781366
2781367
2781368
2781369
2781370
2781371
2781372
2781373
2781374
2781375
2781376
2781378
2781379
2781380
2781381
2781382
2781607
2781608
2781639
2781640
2781641
2781642
2781646
2781647
2781648
2781866
2781867
2781896
2781948
2781949
2782219
2782522
2782523
2782524
2782564
2782565
2782566
2782718
2782719
2783517
2783539
2783540
2783541
2783542
2783543
2783544
2783545
2783546
2783547
2783548
2783549
2783550
2783551
2783552
2783559
2783560
2783562
2783563
2783565
2783667
2783668
2783669
2783673
2783674
2783683
2783800
2783801
2783802
2783803
2783804
2783805
2783833
2783836
2783859
2783867
2783998
2783999
2784187
2784448
2784735
2784736
2784737
2784739
2784741
2784742
2784743
2784744
2784745
2784746
2784747
2784748
2784751
2784752
2784753
2785027
2785079
2785213
2785247
2785360
2785366
2785367
2785368
2785371
2785385
2785439
2785444
2785452
2785525
2785744
2785801
2785982
2785983
2785985
2785988
2785989
2785990
2785991
2785992
2785993
2785994
2785995
2785996
2785997
2785998
2785999
2786000
2786001
2786002
2786003
2786004
2786005
2786006
2786007
2786008
2786009
2786010
2786378
2786379
2786380
2786381
2786382
2786383
2786384
2786385
2786386
2786387
2786388
2786389
2786390
2786391
2786392
2786393
2786394
2786395
2786396
2786397
2786398
2786399
2786400
2786401
2786402
2786403
2786404
2786405
2786406
2786407
2786408
2786409
2786410
2786411
2786412
2786413
2786414
2786415
2786416
2786417
2786418
2786419
2786420
2786421
2786422
2786423
2786424
2786425
2786426
2786427
2786428
2786429
2786430
2786431
2786432
2786433
2786434
2786435
2786436
2786437
2786438
2786439
2786440
2786441
2786442
2786443
2786444
2786445
2786446
2786447
2786448
2786449
2786450
2786451
2786452
2786453
2786454
2786455
2786456
2786457
2786458
2786459
2786460
2786461
2786462
2786463
2786464
2786465
2786466
2786467
2786468
2786469
2786470
2786471
2786472
2786473
2786474
2786475
2786476
2786477
2786478
2786479
2786480
2786481
2786482
2786483
2786484
2786485
2786486
2786487
2786488
2786489
2786490
2786491
2786492
2786493
2786494
2786495
2786496
2786497
2786498
2786499
2786500
2786501
2786502
2786503
2786504
2786505
2786506
2786507
2786508
2786509
2786510
2786511
2786512
2786513
2786514
2786515
2786516
2786517
2786518
2786519
2786520
2786521
2786522
2786523
2786524
2786525
2786526
2786527
2786528
2786529
2786530
2786531
2786532
2786533
2786534
2786535
2786536
2786537
2786538
2786539
2786540
2786541
2786542
2786543
2786544
2786545
2786546
2786547
2786548
2786549
2786550
2786551
2786552
2786553
2786554
2786555
2786556
2786557
2786558
2786559
2786560
2786561
2786562
2786563
2786564
2786565
2786566
2786567
2786568
2786569
2786570
2786571
2786572
2786573
2786574
2786575
2786576
2786577
2786578
2786579
2786580
2786581
2786582
2786583
2786584
2786585
2786586
2786587
2786588
2786589
2786590
2786591
2786592
2786593
2786594
2786595
2786596
2786597
2786598
2786599
2786600
2786601
2786602
2786603
2786604
2786605
2786606
2786607
2786608
2786609
2786610
2786611
2786612
2786613
2786614
2786615
2786616
2786617
2786618
2786619
2786620
2786621
2786622
2786623
2786624
2786625
2786626
2786627
2786628
2786629
2786630
2786631
2786632
2786633
2786634
2786635
2786636
2786637
2786638
2786639
2786640
2786641
2786642
2786643
2786644
2786645
2786646
2786647
2786648
2786649
2786650
2786651
2786652
2786653
2786654
2786655
2786656
2786657
2786658
2786659
2786660
2786661
2786662
2786663
2786664
2786665
2786666
2786667
2786668
2786669
2786670
2786671
2786672
2786673
2786674
2786675
2786676
2786677
2786678
2786679
2786680
2786681
2786682
2786683
2786684
2786685
2786686
2786687
2786688
2786689
2786690
2786691
2786692
2786693
2786694
2786695
2786696
2786697
2786698
2786699
2786700
2786701
2786702
2786703
2786704
2786705
2786706
2786707
2786708
2786709
2786710
2786711
2786712
2786713
2786714
2786715
2786716
2786717
2786718
2786719
2786720
2786721
2786722
2786723
2786724
2786725
2786726
2786727
2786728
2786729
2786730
2786731
2786732
2786733
2786734
2786735
2786736
2786738
2786739
2786740
2786741
2786742
2786743
2786744
2786745
2786746
2786747
2786748
2786749
2787003
2787014
2787015
2787044
2787045
2787046
2787157
2787825
2787847
2787849
2788000
2788001
2788002
2788005
2788016
2788019
2788020
2788025
2788027
2788028
2788029
2788030
2788034
2788035
2788039
2788040
2788042
2788046
2788049
2788055
2788057
2788061
2788064
2788065
2788066
2788068
2788071
2788072
2788073
2788076
2788081
2788083
2788084
2788090
2788091
2788092
2788094
2788095
2788102
2788112
2788117
2788118
2788123
2788125
2788133
2788135
2788139
2788140
2788141
2788144
2788145
2788150
2788152
2788159
2788161
2788162
2788165
2788174
2788176
2788179
2788182
2788205
2788206
2788210
2788214
2788216
2788222
2788235
2788238
2788240
2788244
2788246
2788249
2788251
2788252
2788254
2788257
2788259
2788262
2788265
2788266
2788272
2788273
2788294
2788297
2788298
2788300
2788301
2788302
2788304
2788309
2788311
2788315
2788322
2788325
2788330
2788333
2788336
2788342
2788347
2788351
2788360
2788361
2788366
2788367
2788368
2788374
2788377
2788380
2788381
2788383
2788388
2788390
2788392
2788396
2788398
2788402
2788403
2788407
2788409
2788416
2788418
2788419
2788421
2788423
2788425
2788431
2788434
2788436
2788437
2788453
2788454
2788456
2788461
2788464
2788466
2788471
2788472
2788475
2788481
2788489
2788491
2788499
2788506
2788514
2788515
2788517
2788522
2788529
2788531
2788532
2788539
2788544
2788547
2788549
2788550
2788558
2788561
2788573
2788578
2788583
2788586
2788588
2788592
2788597
2788606
2788614
2788615
2788617
2788624
2788625
2788631
2788638
2788641
2788643
2788644
2788646
2788647
2788649
2788655
2788656
2788657
2788659
2788660
2788661
2788662
2788664
2788671
2788672
2788673
2788674
2788679
2788682
2788683
2788685
2788687
2788689
2788709
2788712
2788713
2788720
2788722
2788723
2788725
2788734
2788735
2788738
2788739
2788740
2788745
2788748
2788750
2788755
2788756
2788759
2788760
2788761
2788762
2788764
2788768
2788769
2788772
2788773
2788777
2788778
2788782
2788786
2788787
2788788
2788790
2788791
2788792
2788794
2788795
2788799
2788800
2788806
2788807
2788808
2788810
2788811
2788812
2788818
2788823
2788833
2788835
2788836
2788840
2788841
2788842
2788845
2788848
2788858
2788860
2788861
2788862
2788863
2788864
2788865
2788867
2788868
2788869
2788870
2788872
2788873
2788874
2788875
2788876
2788877
2788878
2788881
2788883
2788884
2788885
2788886
2788887
2788888
2788890
2788891
2788892
2788926
2788946
2788947
2789014
2789016
2789206
2789207
2789373
2789378
2789380
2789381
2789382
2789383
2789409
2789410
2789411
2789412
2789418
2789419
2789420
2789421
2789422
2789423
2789431
2789442
2789443
2789444
2789447
2789450
2789453
2789504
2789505
2789506
2789507
2789509
2789512
2789604
2789605
2789607
2789608
2789610
2789611
2789612
2789613
2789614
2789615
2789616
2789617
2789618
2789619
2789620
2789621
2789622
2789623
2789628
2789658
2789809
2789810
2789811
2789812
2789855
2789881
2789882
2789883
2789884
2789885
2789886
2789888
2789941
2789944
2789945
2789946
2789947
2790011
2790304
2790305
2790306
2790307
2790336
2790345
2790346
2790347
2790659
2790660
2790983
2790984
2790985
2790986
2790987
2790988
2790989
2790990
2790991
2790992
2790993
2790994
2791000
2791003
2791008
2791164
2792036
2792258
2792284
2792285
2792547
2792549
2792550
2792551
2792555
2792557
2792558
2792559
2792560
2792563
2792565
2792567
2792569
2792582
2792583
2792585
2792587
2792588
2792591
2792592
2792594
2792596
2792598
2792599
2792600
2792879
2793229
2793345
2793346
2793639
2793677
2793694
2793695
2793698
2793699
2793700
2793701
2793702
2793704
2793705
2793706
2793707
2793708
2793710
2793711
2793718
2793719
2793721
2793722
2793723
2793725
2793726
2793728
2793730
2793731
2793732
2793733
2793735
2793737
2793739
2793740
2793741
2793742
2793743
2793794
2793799
2793953
2793982
2793983
2793985
2793986
2793987
2794216
2794225
2794233
2794234
2794235
2794236
2794237
2794239
2794357
2794360
2794361
2794362
2794364
2794365
2794369
2794375
2794376
2794400
2794401
2794402
2794403
2794404
2794405
2794406
2794408
2794409
2794410
2794411
2794413
2794414
2794415
2794416
2794417
2794418
2794419
2794420
2794421
2794422
2794423
2794425
2794426
2794427
2794428
2794429
2794430
2794431
2794432
2794433
2794434
2794435
2794437
2794439
2794440
2794441
2794442
2794443
2794444
2794445
2794446
2794447
2794448
2794449
2794450
2794451
2794452
2794453
2794454
2794455
2794456
2794457
2794458
2794459
2794460
2794461
2794462
2794463
2794464
2794469
2794470
2794471
2794472
2794473
2794474
2794476
2794477
2794478
2794479
2794480
2794481
2794482
2794483
2794484
2794485
2794486
2794487
2794488
2794489
2794490
2794491
2794492
2794493
2794494
2794495
2794496
2794497
2794499
2794500
2794502
2794503
2794504
2794507
2794508
2794509
2794510
2794511
2794512
2794513
2794515
2794516
2794517
2794518
2794519
2794520
2794522
2794523
2794524
2794525
2794527
2794528
2794530
2794531
2794532
2794533
2794534
2794536
2794537
2794538
2794539
2794540
2794543
2794546
2794547
2794548
2794550
2794554
2794556
2794559
2794560
2794561
2794562
2794564
2794565
2794566
2794567
2794568
2794569
2794570
2794572
2794618
2794827
2794847
2794848
2794891
2794928
2794941
2794944
2794946
2794947
2794948
2794949
2794950
2794951
2794955
2794958
2794959
2794960
2795007
2795008
2795009
2795010
2795014
2795181
2795221
2795229
2795238
2795294
2795382
2795397
2795451
2795452
2795454
2795667
2795668
2795669
2795670
2795745
2795746
2795755
2796354
2796355
2796356
2796360
2796362
2796496
2796498
2796499
2796500
2796502
2796512
2796513
2796514
2796515
2796516
2796517
2796518
2796519
2796520
2796521
2796522
2796523
2796524
2796532
2796538
2796539
2796542
2796543
2796544
2796545
2796546
2796547
2796548
2796550
2796551
2796552
2796554
2796555
2796556
2796557
2796558
2796559
2796560
2796561
2796562
2796563
2796564
2796565
2796566
2796567
2796568
2796569
2796570
2796571
2796572
2796573
2796574
2796575
2796577
2796578
2796581
2796589
2796591
2796592
2796597
2796600
2796602
2796604
2796606
2796610
2796611
2796616
2796629
2796631
2796637
2797114
2797298
2797299
2797303
2797305
2797306
2797307
2797309
2797312
2797313
2797314
2797318
2797319
2797320
2797321
2797323
2797324
2797326
2797327
2797407
2797408
2797416
2797417
2797420
2797423
2797424
2797425
2797426
2797871
2797872
2797873
2797874
2797875
2797876
2797877
2798043
2798045
2798286
2798287
2798289
2798291
2798292
2798293
2798294
2798571
2798595
2798596
2798597
2798598
2798600
2798601
2798605
2798606
2798608
2798609
2798612
2798614
2798619
2798625
2798632
2798636
2798639
2798640
2798647
2798656
2798667
2798670
2798672
2798675
2798682
2798683
2798685
2798692
2798699
2798705
2798714
2798719
2798805
2798806
2798807
2798882
2799338
2799672
2799684
2799685
2800199
2800209
2800469
2800706
2800822
2800823
2800824
2800825
2800826
2800827
2800828
2800852
2800856
2800857
2800858
2800859
2800860
2800861
2800862
2800863
2800865
2800866
2800867
2800868
2800869
2800870
2800873
2800874
2800875
2800876
2800877
2800879
2800880
2800881
2800882
2800883
2800884
2800892
2800894
2800895
2800896
2800897
2800898
2800899
2800900
2800901
2800905
2800906
2800907
2800908
2800909
2800910
2800913
2800914
2800916
2800917
2800918
2800919
2800921
2800922
2800923
2800924
2800925
2800926
2800927
2800928
2800930
2800931
2800932
2800933
2800934
2800935
2800936
2800937
2800938
2800939
2800940
2800941
2800942
2800943
2800944
2800945
2800946
2800947
2800948
2800949
2800950
2800951
2800952
2800953
2800955
2800989
2801003
2801004
2801005
2801006
2801008
2801009
2801011
2801035
2801037
2801038
2801039
2801043
2801044
2801045
2801047
2801048
2801049
2801051
2801053
2801054
2801155
2801156
2801159
2801160
2801161
2801162
2801163
2801164
2801326
2801343
2801346
2801353
2801354
2801356
2801366
2801381
2801382
2801383
2801384
2801385
2801386
2801387
2801388
2801401
2801402
2801403
2801406
2801461
2801476
2801477
2801478
2801479
2801480
2801482
2801497
2801505
2801510
2801511
2801512
2801514
2801521
2801522
2801523
2801524
2801526
2801527
2801528
2801529
2801530
2801531
2801532
2801533
2801534
2801535
2801536
2801537
2801538
2801541
2801546
2801548
2801550
2801552
2801553
2801563
2801564
2801567
2801568
2801569
2801570
2801571
2801574
2801814
2801815
2801817
2801830
2801831
2801832
2801833
2801834
2801835
2801836
2801837
2801839
2801851
2801852
2801853
2801854
2801855
2801884
2801885
2801886
2801887
2801888
2801889
2801890
2801891
2801892
2801893
2801894
2801895
2801896
2801897
2801898
2802002
2802223
2802224
2802225
2802226
2802227
2802228
2802229
2802230
2802231
2802232
2802235
2802236
2802443
2802525
2802527
2802528
2802529
2802530
2802531
2802532
2802537
2802539
2802540
2802541
2802549
2802550
2802551
2802552
2802553
2802554
2802943
2802944
2802945
2802947
2802948
2802949
2802950
2802953
2802954
2802955
2802956
2802957
2802958
2802959
2802960
2802961
2803036
2803037
2803186
2803189
2803369
2803381
2803559
2803560
2803562
2803563
2803565
2803580
2803736
2803737
2803888
2803966
2803967
2803968
2803971
2803988
2803989
2804202
2804237
2804238
2804316
2804526
2804527
2804712
2804853
2804854
2805088
2805380
2805428
2805442
2805486
2805487
2805488
2805492
2805738
2805746
2805747
2805748
2805749
2805750
2805751
2805753
2805754
2805755
2805756
2805757
2805760
2805761
2805762
2805763
2805764
2805765
2805766
2805767
2805768
2805769
2805770
2805771
2805772
2805773
2805774
2805775
2805776
2805777
2805778
2805779
2805780
2805781
2805782
2805783
2805784
2805785
2805786
2805802
2805803
2805804
2805831
2805834
2805835
2805836
2805837
2805838
2805839
2805842
2805843
2805844
2805859
2805863
2805917
2805938
2805939
2806022
2806026
2806027
2806428
2806429
2806430
2806431
2806514
2806547
2806548
2806549
2806550
2806603
2806604
2806605
2806696
2806893
2806895
2807198
2807649
2807728
2808931
2808969
2808988
2808990
2808997
2808998
2809000
2809006
2809007
2809008
2809011
2809056
2809057
2809069
2809074
2809110
2809123
2809129
2809133
2809135
2809137
2809141
2809142
2809145
2809147
2809149
2809150
2809151
2809153
2809160
2809168
2809172
2809175
2809180
2809181
2809186
2809187
2809188
2809189
2809192
2809199
2809204
2809206
2809208
2809210
2809225
2809229
2809233
2809243
2809244
2809245
2809246
2809262
2809263
2809264
2809265
2809266
2809267
2809268
2809269
2809289
2809290
2809295
2809300
2809302
2809304
2809310
2809316
2809327
2809354
2809355
2809357
2809379
2809380
2809381
2809389
2809399
2809408
2809412
2809415
2809417
2809420
2809422
2809423
2809428
2809429
2809432
2809433
2809434
2809444
2809445
2809447
2809448
2809456
2809457
2809458
2809460
2809473
2809476
2809479
2809480
2809481
2809487
2809506
2809508
2809509
2809510
2809516
2809518
2809526
2809529
2809541
2809544
2809551
2809552
2809560
2809562
2809566
2809571
2809572
2809574
2809575
2809581
2809585
2809595
2809602
2809606
2809609
2809611
2809627
2809629
2809631
2809633
2809636
2809637
2809654
2809655
2809668
2809669
2809670
2809674
2809676
2809695
2809697
2809748
2809752
2809782
2809794
2809795
2809802
2809803
2809805
2809832
2809835
2809836
2809839
2809846
2809851
2809854
2809855
2809865
2809868
2809869
2809871
2809873
2809877
2809879
2809883
2809912
2809914
2809915
2809923
2809947
2809953
2809959
2809961
2810133
2810134
2810136
2810367
2810369
2810370
2810457
2810460
2810480
2810526
2810527
2810528
2810550
2810704
2810711
2810799
2810800
2810801
2810802
2810803
2810810
2810811
2810812
2810813
2810814
2811091
2811215
2811222
2811223
2811249
2811341
2811342
2811386
2811507
2811508
2811509
2811510
2811531
2811963
2812031
2812440
2812441
2812442
2812443
2812444
2812446
2812447
2812448
2812449
2812450
2812451
2812452
2812453
2812454
2812730
2812802
2812849
2812854
2812861
2812862
2812882
2812888
2812899
2812900
2812901
2812902
2812903
2812932
2812933
2812934
2812935
2812936
2812937
2812938
2812939
2813163
2813164
2813165
2813166
2813167
2813168
2813169
2813171
2813173
2813174
2813188
2813195
2813209
2813211
2813214
2813216
2813217
2813218
2813221
2813222
2813225
2813226
2813227
2813229
2813231
2813232
2813235
2813236
2813237
2813239
2813240
2813242
2813243
2813248
2813254
2813260
2813261
2813263
2813264
2813266
2813267
2813268
2813270
2813273
2813287
2813288
2813289
2813338
2813339
2813341
2813343
2813345
2813346
2813486
2813545
2813546
2813547
2813751
2813952
2813966
2814032
2814033
2814034
2814035
2814058
2814059
2814060
2814061
2814076
2814077
2814078
2814079
2814080
2814230
2814301
2814302
2814303
2814304
2814305
2814307
2814309
2814311
2814313
2814314
2814315
2814316
2814317
2814318
2814319
2814320
2814321
2814322
2814323
2814324
2814325
2814327
2814328
2814330
2814331
2814333
2814334
2814341
2814342
2814343
2814345
2814346
2814347
2814348
2814349
2814350
2814351
2814352
2814353
2814354
2814355
2814358
2814359
2814361
2814362
2814363
2814364
2814373
2814374
2814375
2814376
2814377
2814378
2814379
2814380
2814381
2814382
2814383
2814384
2814385
2814386
2814388
2814389
2814390
2814391
2814392
2814395
2814396
2814398
2814400
2814402
2814403
2814404
2814405
2814407
2814408
2814414
2814453
2814699
2814700
2814701
2814702
2814703
2814704
2814705
2814814
2814903
2814912
2814913
2814914
2814919
2814937
2814938
2814939
2814940
2814941
2814942
2814943
2814944
2814945
2814946
2814947
2814948
2814949
2814950
2814951
2814952
2814955
2814956
2814957
2814958
2814959
2814960
2814961
2814962
2814963
2814964
2814965
2814966
2814967
2814968
2814970
2814971
2814972
2814973
2814974
2814976
2814985
2814986
2814987
2814988
2814989
2814990
2814991
2814992
2814993
2814994
2814995
2814996
2814997
2814998
2815000
2815001
2815002
2815003
2815004
2815005
2815018
2815020
2815021
2815022
2815023
2815024
2815025
2815026
2815027
2815029
2815030
2815031
2815032
2815033
2815034
2815035
2815037
2815039
2815040
2815041
2815042
2815043
2815044
2815045
2815046
2815047
2815048
2815049
2815050
2815051
2815052
2815053
2815054
2815055
2815056
2815057
2815058
2815059
2815060
2815061
2815062
2815063
2815203
2815257
2815258
2815473
2815578
2815747
2815750
2815753
2815754
2815755
2815768
2815770
2815771
2816118
2816144
2816154
2816155
2816163
2816167
2816188
2816459
2816460
2816462
2816463
2816464
2816465
2816466
2816467
2816468
2816469
2816470
2816471
2816472
2816839
2816840
2816841
2816842
2816843
2816844
2816845
2816846
2816848
2816849
2816850
2816871
2816879
2816940
2816941
2816942
2816943
2816944
2816945
2817032
2817034
2817035
2817036
2817037
2817570
2817571
2817738
2817739
2817778
2817779
2817780
2817834
2817835
2817836
2817955
2817956
2818053
2818054
2818055
2818056
2818057
2818058
2818215
2818228
2818406
2818408
2818409
2818410
2818411
2818415
2818416
2818417
2818418
2818427
2818428
2818450
2819081
2819082
2819083
2819084
2819086
2819088
2819105
2819851
2819936
2820393
2820394
2820395
2820396
2820397
2820398
2820437
2820456
2820829
2820912
2820917
2820918
2821255
2821277
2821410
2821411
2821412
2821413
2821414
2821746
2821747
2821777
2821801
2821802
2822448
2822449
2822469
2822470
2822551
2822553
2822554
2822555
2822557
2822558
2822560
2822563
2822564
2822566
2822568
2822569
2822570
2822571
2822574
2822575
2822578
2822580
2822585
2822590
2822680
2822848
2822864
2822865
2822866
2822867
2822868
2822869
2822870
2822871
2822872
2822873
2822878
2822879
2822882
2822885
2822886
2822887
2822888
2822889
2822890
2822891
2822892
2822893
2822894
2822895
2822896
2822897
2822898
2822899
2822900
2822901
2822902
2822903
2822904
2822905
2822906
2822907
2822909
2822924
2822925
2822926
2822927
2822931
2822932
2822933
2822934
2822935
2822937
2822938
2822939
2822941
2822942
2822943
2822944
2822945
2822959
2822960
2822962
2822963
2822964
2822965
2822966
2823154
2823279
2823523
2823533
2823534
2823535
2823536
2823537
2823538
2823539
2823540
2823541
2823542
2823543
2823544
2823545
2823546
2823547
2823548
2823549
2823550
2823551
2823552
2823553
2823554
2823555
2823556
2823557
2823558
2823559
2823560
2823561
2823562
2823563
2823564
2823565
2823566
2823567
2823568
2823569
2823570
2823571
2823572
2823573
2823574
2823575
2823576
2823577
2823578
2823579
2823580
2823581
2823582
2823583
2823584
2823585
2823586
2823587
2823588
2823589
2823590
2823591
2823592
2823593
2823594
2823595
2823596
2823597
2823598
2823599
2823600
2823601
2823602
2823603
2823604
2823605
2823606
2823607
2823608
2823609
2823610
2823611
2823612
2823613
2823614
2823615
2823616
2823619
2823683
2823852
2823854
2824131
2824173
2824178
2824179
2824188
2824189
2824191
2824194
2824200
2824203
2824204
2824209
2824210
2824211
2824212
2824213
2824214
2824215
2824216
2824219
2824223
2824224
2824228
2824234
2824235
2824241
2824244
2824247
2824248
2824257
2824258
2824259
2824262
2824265
2824266
2824267
2824268
2824272
2824273
2824281
2824282
2824283
2824284
2824285
2824288
2824289
2824290
2824291
2824295
2824296
2824299
2824302
2824303
2824304
2824305
2824306
2824310
2824312
2824313
2824314
2824316
2824317
2824318
2824319
2824320
2824321
2824322
2824324
2824326
2824332
2824333
2824334
2824337
2824338
2824339
2824341
2824342
2824343
2824344
2824345
2824346
2824347
2824349
2824350
2824352
2824354
2824357
2824358
2824360
2824361
2824362
2824363
2824364
2824365
2824366
2824370
2824371
2824372
2824373
2824374
2824375
2824376
2824377
2824378
2824379
2824380
2824381
2824382
2824383
2824384
2824385
2824386
2824387
2824388
2824389
2824390
2824391
2824392
2824393
2824395
2824396
2824397
2824398
2824399
2824400
2824401
2824402
2824403
2824404
2824405
2824406
2824407
2824408
2824409
2824410
2824411
2824412
2824413
2824414
2824415
2824416
2824417
2824418
2824419
2824420
2824421
2824422
2824423
2824425
2824426
2824427
2824428
2824430
2824433
2824434
2824435
2824436
2824437
2824438
2824439
2824440
2824441
2824442
2824443
2824447
2824448
2824449
2824451
2824453
2824454
2824455
2824458
2824460
2824461
2824462
2824464
2824465
2824466
2824471
2824472
2824474
2824475
2824480
2824483
2824484
2824485
2824486
2824487
2824490
2824491
2824492
2824493
2824494
2824495
2824496
2824497
2824498
2824499
2824500
2824501
2824504
2824505
2824506
2824507
2824508
2824512
2824514
2824515
2824516
2824517
2824519
2824520
2824521
2824525
2824526
2824527
2824528
2824529
2824530
2824533
2824534
2824536
2824537
2824538
2824541
2824542
2824543
2824544
2824545
2824547
2824548
2824550
2824566
2824567
2824568
2824570
2824573
2824574
2824576
2824577
2824579
2824580
2824583
2824587
2824589
2824592
2824595
2824596
2824597
2824598
2824599
2824600
2824601
2824602
2824603
2824604
2824605
2824606
2824608
2824609
2824610
2824615
2824618
2824619
2824620
2824621
2824622
2824624
2824628
2824629
2824630
2824631
2824632
2824633
2824634
2824635
2824637
2824638
2824639
2824640
2824641
2824642
2824643
2824644
2824645
2824646
2824649
2824650
2824651
2824652
2824654
2824656
2824657
2824658
2824786
2824806
2824807
2824808
2824809
2824867
2824965
2824966
2824967
2824968
2824969
2824970
2824971
2824972
2824973
2824974
2824975
2824976
2824977
2824978
2824979
2824982
2824983
2824984
2824985
2824986
2824987
2824988
2824989
2824990
2824991
2824992
2824993
2824994
2824995
2824996
2824997
2824998
2824999
2825000
2825001
2825002
2825003
2825004
2825005
2825006
2825007
2825008
2825009
2825010
2825013
2825014
2825015
2825016
2825017
2825018
2825019
2825020
2825021
2825022
2825023
2825024
2825025
2825026
2825027
2825028
2825031
2825032
2825033
2825034
2825036
2825037
2825038
2825039
2825040
2825041
2825042
2825043
2825044
2825045
2825046
2825047
2825048
2825049
2825050
2825051
2825052
2825053
2825054
2825055
2825056
2825057
2825058
2825059
2825060
2825061
2825062
2825063
2825067
2825068
2825069
2825070
2825071
2825074
2825075
2825076
2825077
2825078
2825079
2825080
2825081
2825082
2825084
2825085
2825086
2825087
2825088
2825089
2825090
2825091
2825092
2825093
2825094
2825095
2825096
2825097
2825098
2825099
2825100
2825101
2825102
2825103
2825104
2825105
2825106
2825107
2825108
2825109
2825110
2825111
2825112
2825113
2825114
2825116
2825117
2825118
2825119
2825120
2825121
2825122
2825123
2825124
2825125
2825126
2825127
2825128
2825129
2825130
2825131
2825132
2825133
2825134
2825135
2825136
2825137
2825138
2825139
2825140
2825143
2825144
2825145
2825146
2825147
2825148
2825149
2825150
2825151
2825152
2825153
2825154
2825155
2825156
2825157
2825158
2825159
2825160
2825161
2825162
2825164
2825165
2825166
2825167
2825168
2825169
2825170
2825171
2825172
2825173
2825174
2825175
2825176
2825177
2825178
2825179
2825180
2825181
2825182
2825187
2825188
2825189
2825190
2825191
2825192
2825193
2825194
2825195
2825196
2825197
2825198
2825199
2825200
2825201
2825202
2825203
2825204
2825205
2825206
2825207
2825208
2825209
2825210
2825211
2825212
2825213
2825214
2825215
2825216
2825218
2825219
2825220
2825221
2825222
2825223
2825224
2825225
2825226
2825227
2825228
2825230
2825231
2825232
2825233
2825234
2825236
2825237
2825238
2825239
2825240
2825241
2825242
2825243
2825244
2825245
2825246
2825247
2825248
2825249
2825251
2825252
2825253
2825254
2825255
2825256
2825257
2825258
2825259
2825260
2825261
2825262
2825263
2825265
2825266
2825267
2825268
2825269
2825270
2825271
2825272
2825273
2825274
2825275
2825276
2825277
2825278
2825279
2825280
2825282
2825283
2825284
2825285
2825286
2825287
2825288
2825289
2825290
2825291
2825292
2825293
2825294
2825295
2825296
2825297
2825298
2825299
2825302
2825303
2825304
2825305
2825307
2825308
2825309
2825314
2825315
2825316
2825317
2825318
2825319
2825320
2825321
2825322
2825323
2825324
2825325
2825326
2825327
2825328
2825329
2825330
2825331
2825332
2825333
2825334
2825335
2825336
2825337
2825338
2825339
2825340
2825341
2825342
2825343
2825344
2825345
2825346
2825347
2825349
2825350
2825351
2825352
2825353
2825355
2825356
2825357
2825358
2825359
2825360
2825362
2825363
2825364
2825365
2825366
2825367
2825368
2825369
2825371
2825372
2825373
2825374
2825375
2825376
2825377
2825378
2825379
2825380
2825381
2825382
2825383
2825384
2825385
2825386
2825387
2825388
2825389
2825390
2825391
2825392
2825393
2825394
2825395
2825396
2825397
2825398
2825399
2825400
2825401
2825402
2825403
2825404
2825405
2825406
2825408
2825409
2825410
2825411
2825412
2825413
2825415
2825416
2825417
2825418
2825419
2825421
2825422
2825423
2825425
2825426
2825427
2825428
2825430
2825431
2825432
2825435
2825436
2825437
2825439
2825440
2825441
2825442
2825443
2825446
2825447
2825449
2825451
2825452
2825453
2825454
2825455
2825456
2825458
2825459
2825460
2825461
2825462
2825464
2825465
2825466
2825467
2825468
2825469
2825471
2825472
2825473
2825474
2825475
2825476
2825477
2825480
2825481
2825483
2825485
2825487
2825488
2825490
2825491
2825492
2825494
2825495
2825496
2825497
2825498
2825499
2825501
2825502
2825503
2825504
2825505
2825506
2825507
2825508
2825509
2825510
2825512
2825513
2825514
2825515
2825516
2825517
2825519
2825520
2825521
2825522
2825523
2825524
2825525
2825527
2825528
2825529
2825530
2825531
2825532
2825534
2825535
2825536
2825537
2825538
2825539
2825540
2825541
2825542
2825543
2825544
2825545
2825546
2825547
2825548
2825549
2825550
2825551
2825553
2825554
2825555
2825556
2825557
2825559
2825560
2825561
2825563
2825564
2825565
2825567
2825568
2825569
2825570
2825571
2825572
2825573
2825574
2825575
2825576
2825577
2825578
2825580
2825581
2825582
2825583
2825584
2825585
2825586
2825587
2825588
2825590
2825591
2825592
2825593
2825595
2825596
2825597
2825599
2825600
2825601
2825602
2825603
2825604
2825605
2825606
2825608
2825609
2825610
2825611
2825612
2825613
2825614
2825615
2825616
2825617
2825618
2825619
2825620
2825621
2825622
2825623
2825624
2825625
2825627
2825628
2825629
2825630
2825631
2825632
2825633
2825634
2825635
2825636
2825637
2825638
2825639
2825640
2825641
2825642
2825643
2825644
2825645
2825646
2825647
2825648
2825649
2825650
2825651
2825652
2825653
2825654
2825655
2825656
2825657
2825658
2825659
2825660
2825661
2825662
2825664
2825665
2825666
2825667
2825668
2825669
2825670
2825671
2825673
2825674
2825675
2825676
2825677
2825678
2825679
2825680
2825681
2825682
2825683
2825684
2825685
2825686
2825687
2825688
2825689
2825690
2825691
2825693
2825695
2825696
2825697
2825698
2825699
2825700
2825701
2825702
2825703
2825704
2825705
2825706
2825707
2825708
2825709
2825710
2825712
2825713
2825714
2825715
2825716
2825717
2825718
2825719
2825720
2825721
2825722
2825723
2825724
2825725
2825726
2825727
2825728
2825729
2825732
2825733
2825734
2825735
2825736
2825737
2825738
2825740
2825741
2825742
2825743
2825744
2825745
2825746
2825747
2825748
2825750
2825751
2825752
2825753
2825754
2825755
2825756
2825757
2825758
2825759
2825760
2825761
2825762
2825764
2825766
2825768
2825769
2825770
2825771
2825772
2825773
2825774
2825775
2825776
2825777
2825778
2825779
2825780
2825781
2825782
2825784
2825785
2825786
2825787
2825789
2825790
2825791
2825792
2825794
2825795
2825796
2825797
2825798
2825799
2825801
2825802
2825803
2825804
2825805
2825806
2825807
2825809
2825810
2825811
2825812
2825813
2825814
2825815
2825816
2825817
2825818
2825819
2825820
2825821
2825822
2825823
2825824
2825825
2825826
2825827
2825828
2825829
2825830
2825831
2825832
2825833
2825834
2825835
2825836
2825837
2825838
2825839
2825840
2825847
2826083
2826084
2826085
2826166
2826167
2826169
2826170
2826171
2826172
2826173
2826175
2826176
2826178
2826179
2826180
2826181
2826182
2826183
2826185
2826186
2826187
2826188
2826189
2826190
2826191
2826192
2826194
2826195
2826196
2826197
2826198
2826199
2826200
2826201
2826202
2826203
2826204
2826206
2826207
2826208
2826209
2826210
2826211
2826213
2826214
2826215
2826217
2826218
2826219
2826220
2826221
2826222
2826223
2826224
2826225
2826226
2826229
2826230
2826231
2826233
2826234
2826235
2826236
2826237
2826238
2826239
2826240
2826241
2826242
2826243
2826244
2826246
2826247
2826248
2826249
2826250
2826251
2826252
2826253
2826254
2826255
2826256
2826257
2826258
2826259
2826260
2826261
2826262
2826263
2826264
2826265
2826267
2826268
2826269
2826270
2826271
2826272
2826273
2826274
2826275
2826276
2826277
2826278
2826279
2826280
2826281
2826282
2826283
2826284
2826285
2826286
2826287
2826288
2826289
2826290
2826291
2826293
2826294
2826295
2826296
2826298
2826299
2826300
2826301
2826302
2826303
2826305
2826306
2826307
2826308
2826309
2826310
2826311
2826312
2826313
2826314
2826315
2826316
2826317
2826318
2826319
2826320
2826321
2826322
2826323
2826325
2826326
2826328
2826329
2826330
2826331
2826332
2826333
2826334
2826335
2826336
2826337
2826338
2826339
2826340
2826341
2826342
2826343
2826344
2826345
2826346
2826349
2826351
2826352
2826353
2826354
2826355
2826356
2826358
2826359
2826360
2826361
2826362
2826363
2826364
2826365
2826366
2826367
2826368
2826370
2826371
2826372
2826373
2826374
2826375
2826376
2826377
2826378
2826379
2826380
2826381
2826382
2826384
2826385
2826386
2826387
2826388
2826389
2826390
2826391
2826392
2826394
2826395
2826397
2826398
2826399
2826401
2826402
2826403
2826404
2826405
2826406
2826407
2826408
2826409
2826411
2826412
2826413
2826414
2826415
2826416
2826417
2826418
2826419
2826420
2826421
2826422
2826423
2826424
2826425
2826426
2826427
2826428
2826429
2826430
2826431
2826432
2826434
2826435
2826436
2826437
2826438
2826440
2826443
2826445
2826446
2826448
2826449
2826450
2826451
2826452
2826453
2826454
2826455
2826456
2826457
2826458
2826459
2826460
2826461
2826462
2826463
2826464
2826465
2826466
2826467
2826468
2826469
2826470
2826471
2826472
2826473
2826474
2826475
2826476
2826477
2826478
2826479
2826480
2826481
2826484
2826485
2826486
2826487
2826489
2826490
2826491
2826492
2826493
2826494
2826495
2826496
2826497
2826498
2826499
2826500
2826502
2826503
2826505
2826506
2826507
2826508
2826509
2826510
2826511
2826512
2826513
2826514
2826515
2826516
2826517
2826518
2826519
2826520
2826521
2826522
2826523
2826524
2826525
2826526
2826527
2826528
2826529
2826530
2826531
2826532
2826533
2826534
2826535
2826536
2826537
2826538
2826539
2826540
2826541
2826542
2826543
2826544
2826545
2826546
2826547
2826548
2826549
2826550
2826551
2826552
2826553
2826554
2826555
2826556
2826557
2826558
2826559
2826560
2826561
2826562
2826563
2826564
2826565
2826566
2826567
2826568
2826570
2826571
2826572
2826573
2826574
2826575
2826577
2826578
2826579
2826580
2826581
2826582
2826583
2826584
2826585
2826586
2826587
2826588
2826589
2826590
2826591
2826592
2826593
2826594
2826595
2826596
2826597
2826598
2826600
2826601
2826602
2826603
2826604
2826606
2826607
2826608
2826609
2826610
2826611
2826612
2826613
2826614
2826615
2826616
2826617
2826618
2826619
2826620
2826621
2826622
2826623
2826624
2826625
2826626
2826627
2826628
2826629
2826630
2826631
2826632
2826633
2826634
2826635
2826636
2826637
2826638
2826639
2826641
2826642
2826643
2826644
2826645
2826646
2826647
2826648
2826649
2826650
2826651
2826652
2826654
2826655
2826656
2826657
2826658
2826660
2826661
2826662
2826663
2826664
2826666
2826667
2826668
2826669
2826670
2826671
2826672
2826673
2826674
2826675
2826676
2826678
2826679
2826680
2826681
2826682
2826683
2826684
2826685
2826686
2826687
2826688
2826689
2826690
2826691
2826692
2826693
2826694
2826695
2826696
2826698
2826699
2826700
2826701
2826702
2826703
2826704
2826705
2826706
2826707
2826708
2826709
2826710
2826711
2826712
2826713
2826714
2826715
2826716
2826718
2826719
2826721
2826722
2826723
2826724
2826725
2826726
2826727
2826728
2826729
2826730
2826731
2826732
2826733
2826734
2826735
2826736
2826737
2826738
2826739
2826740
2826741
2826742
2826743
2826744
2826745
2826746
2826747
2826748
2826749
2826750
2826751
2826752
2826753
2826754
2826755
2826756
2826758
2826759
2826760
2826761
2826764
2826765
2826766
2826767
2826768
2826769
2826770
2826771
2826772
2826773
2826774
2826775
2826776
2826777
2826778
2826779
2826780
2826781
2826782
2826783
2826785
2826786
2826787
2826788
2826789
2826790
2826791
2826792
2826793
2826794
2826795
2826796
2826797
2826798
2826799
2826800
2826801
2826802
2826803
2826804
2826805
2826806
2826807
2826808
2826809
2826811
2826813
2826814
2826815
2826816
2826818
2826819
2826820
2826821
2826822
2826823
2826824
2826825
2826826
2826827
2826828
2826945
2826956
2826957
2827271
2827272
2827273
2827274
2827275
2827276
2827277
2827278
2827279
2827280
2827281
2827282
2827283
2827284
2827285
2827286
2827287
2827288
2827289
2827290
2827291
2827292
2827293
2827294
2827295
2827296
2827297
2827298
2827299
2827300
2827437
2827438
2827439
2827441
2827443
2827444
2827445
2827557
2827558
2827559
2827560
2827561
2827562
2827563
2827564
2827565
2827566
2827567
2827568
2827569
2827570
2827571
2827572
2827573
2827574
2827575
2827576
2827577
2827578
2827579
2827580
2827581
2827582
2827583
2827584
2827585
2827586
2827587
2827588
2827589
2827590
2827591
2827592
2827593
2827594
2827595
2827596
2827597
2827598
2827599
2827600
2827601
2827602
2827603
2827604
2827605
2827606
2827607
2827608
2827609
2827610
2827611
2827612
2827613
2827614
2827615
2827616
2827617
2827618
2827619
2827620
2827621
2827622
2827623
2827624
2827625
2827626
2827627
2827628
2827629
2827630
2827631
2827632
2827633
2827634
2827635
2827636
2827637
2827638
2827639
2827640
2827641
2827642
2827643
2827644
2827645
2827646
2827647
2827648
2827649
2827650
2827651
2827652
2827653
2827654
2827655
2827656
2827657
2827658
2827659
2827660
2827661
2827662
2827664
2827665
2827666
2827667
2827668
2827669
2827671
2827672
2827673
2827674
2827675
2827676
2827677
2827678
2827679
2827680
2827681
2827682
2827683
2827684
2827685
2827686
2827687
2827688
2827689
2827690
2827691
2827692
2827693
2827694
2827695
2827696
2827697
2827698
2827699
2827700
2827701
2827702
2827703
2827704
2827705
2827706
2827707
2827708
2827709
2827710
2827711
2827712
2827713
2827714
2827715
2827716
2827717
2827718
2827719
2827720
2827721
2827722
2827723
2827724
2827725
2827726
2827727
2827728
2827729
2827730
2827731
2827732
2827733
2827735
2827736
2827737
2827738
2827739
2827740
2827741
2827742
2827743
2827744
2827745
2827746
2827747
2827748
2827749
2827750
2827751
2827752
2827753
2827754
2827755
2827756
2827757
2827758
2827759
2827760
2827761
2827762
2827763
2827764
2827765
2827766
2827767
2827768
2827769
2827770
2827771
2827772
2827773
2827774
2827775
2827776
2827777
2827778
2827779
2827780
2827781
2827782
2827783
2827784
2827785
2827786
2827787
2827788
2827789
2827790
2827791
2827792
2827793
2827794
2827795
2827796
2827797
2827798
2827799
2827800
2827801
2827802
2827803
2827804
2827805
2827806
2827807
2827808
2827810
2827811
2827812
2827813
2827814
2827815
2827816
2827817
2827818
2827819
2827820
2827821
2827822
2827823
2827824
2827825
2827826
2827827
2827828
2827829
2827830
2827831
2827832
2827833
2827834
2827835
2827836
2827837
2827838
2827839
2827840
2827841
2827842
2827843
2827844
2827845
2827846
2827847
2827848
2827849
2827850
2827851
2827852
2827853
2827854
2827855
2827856
2827857
2827858
2827859
2827861
2827862
2827863
2827864
2827865
2827866
2827867
2827868
2827869
2827870
2827871
2827872
2827873
2827874
2827875
2827876
2827877
2827878
2827879
2827880
2827881
2827882
2827883
2827884
2827885
2827886
2827887
2827888
2827889
2827890
2827891
2827892
2827893
2827894
2827895
2827896
2827897
2827898
2827899
2827900
2827901
2827902
2827903
2827904
2827905
2827906
2827907
2827908
2827909
2827910
2827911
2827912
2827913
2827914
2827915
2827916
2827917
2827918
2827919
2827920
2827921
2827922
2827923
2827924
2827925
2827926
2827927
2827928
2827929
2827930
2827931
2827932
2827933
2827934
2827935
2827936
2827937
2827938
2827939
2827940
2827941
2827942
2827943
2827944
2827945
2827946
2827947
2827948
2827949
2827950
2827951
2827952
2827953
2827954
2827955
2827956
2827957
2827958
2827959
2827960
2827961
2827962
2827963
2827964
2827965
2827966
2827967
2827968
2827969
2827970
2827971
2827972
2827973
2827974
2827975
2827976
2827977
2827978
2827979
2827980
2827981
2827982
2827983
2827984
2827985
2827986
2827987
2827988
2827989
2827990
2827991
2827992
2827993
2827994
2827995
2827996
2827997
2827998
2827999
2828001
2828002
2828003
2828004
2828005
2828006
2828007
2828008
2828009
2828010
2828011
2828012
2828013
2828014
2828015
2828016
2828017
2828018
2828019
2828020
2828021
2828022
2828023
2828072
2828073
2828074
2828075
2828076
2828077
2828078
2828079
2828081
2828082
2828083
2828084
2828085
2828086
2828087
2828088
2828089
2828090
2828091
2828092
2828093
2828094
2828095
2828096
2828097
2828098
2828099
2828100
2828101
2828102
2828103
2828104
2828105
2828106
2828107
2828108
2828109
2828110
2828111
2828112
2828113
2828114
2828115
2828116
2828117
2828118
2828119
2828120
2828121
2828122
2828124
2828125
2828126
2828127
2828128
2828129
2828130
2828131
2828132
2828133
2828134
2828135
2828136
2828137
2828138
2828139
2828140
2828141
2828142
2828143
2828144
2828145
2828146
2828147
2828148
2828149
2828150
2828151
2828152
2828153
2828154
2828155
2828156
2828157
2828158
2828159
2828160
2828161
2828162
2828163
2828164
2828165
2828166
2828167
2828168
2828169
2828170
2828171
2828172
2828173
2828174
2828176
2828177
2828178
2828179
2828180
2828181
2828182
2828183
2828184
2828185
2828186
2828187
2828188
2828189
2828190
2828191
2828192
2828193
2828194
2828195
2828196
2828197
2828198
2828199
2828200
2828201
2828202
2828203
2828204
2828205
2828206
2828207
2828208
2828209
2828210
2828211
2828212
2828213
2828214
2828215
2828216
2828217
2828218
2828219
2828220
2828221
2828222
2828223
2828224
2828225
2828226
2828227
2828228
2828229
2828230
2828231
2828232
2828233
2828234
2828235
2828236
2828237
2828238
2828239
2828240
2828241
2828242
2828243
2828244
2828246
2828248
2828249
2828250
2828251
2828252
2828253
2828254
2828255
2828343
2828344
2828521
2829081
2829087
2829089
2829090
2829091
2829092
2829093
2829094
2829095
2829100
2829101
2829102
2829137
2829140
2829141
2829142
2829145
2829146
2829171
2829172
2829174
2829175
2829223
2829280
2829281
2829282
2829283
2829284
2829285
2829286
2829366
2829367
2829386
2829387
2829389
2829390
2829391
2829392
2829393
2829395
2829397
2829398
2829408
2829560
2829800
2829845
2829846
2829847
2829853
2830216
2830220
2830222
2830470
2830620
2830621
2830702
2830709
2830715
2830719
2830720
2830723
2830724
2830862
2830863
2830907
2830920
2830922
2831042
2831043
2831169
2831170
2831171
2831174
2831176
2831177
2831178
2831179
2831181
2831182
2831243
2831433
2831434
2831441
2831606
2831612
2831613
2831614
2831640
2831644
2831671
2831678
2831679
2831680
2831681
2832073
2832074
2832075
2832076
2832077
2832078
2832079
2832080
2832081
2832082
2832083
2832084
2832086
2832087
2832088
2832089
2832090
2832091
2832092
2832093
2832143
2832144
2832148
2832149
2832151
2832152
2832153
2832154
2832155
2832156
2832157
2832158
2832159
2832160
2832161
2832162
2832163
2832164
2832165
2832166
2832167
2832168
2832169
2832170
2832172
2832173
2832174
2832176
2832177
2832178
2832179
2832180
2832181
2832182
2832183
2832184
2832185
2832186
2832187
2832188
2832189
2832190
2832191
2832192
2832193
2832194
2832195
2832196
2832197
2832198
2832199
2832200
2832201
2832202
2832203
2832204
2832205
2832206
2832207
2832208
2832209
2832210
2832211
2832212
2832214
2832215
2832216
2832217
2832218
2832219
2832220
2832221
2832224
2832225
2832226
2832227
2832228
2832229
2832230
2832232
2832233
2832234
2832235
2832236
2832237
2832238
2832239
2832240
2832241
2832242
2832243
2832244
2832245
2832246
2832247
2832251
2832252
2832253
2832254
2832255
2832256
2832257
2832259
2832260
2832261
2832262
2832263
2832264
2832265
2832266
2832267
2832268
2832269
2832270
2832271
2832272
2832273
2832274
2832275
2832315
2832316
2832317
2832318
2832319
2832320
2832321
2832322
2832323
2832339
2832341
2832474
2832510
2832556
2832567
2832643
2832664
2832675
2832696
2832697
2832712
2832729
2832923
2832944
2832974
2832985
2833002
2833053
2833066
2833078
2833151
2833184
2833306
2833309
2833427
2833429
2833430
2833431
2833432
2833438
2833439
2833440
2833441
2833444
2833876
2834153
2834154
2834246
2834247
2834248
2834249
2834250
2834252
2834253
2834254
2834256
2834259
2834265
2834266
2834267
2834268
2834269
2834275
2834287
2834422
2834876
2834877
2834970
2834971
2834980
2835265
2835276
2835278
2835563
2835564
2835638
2835654
2835730
2835890
2835891
2835892
2835893
2835894
2835896
2835897
2835926
2835927
2835934
2835935
2835936
2835939
2835940
2835941
2835942
2835943
2835944
2835951
2835952
2835953
2835954
2835956
2835957
2835959
2835960
2835961
2835962
2835965
2835966
2835967
2835968
2835969
2835970
2835971
2835972
2835973
2835974
2835975
2835976
2835977
2835978
2835979
2835980
2835981
2835982
2835983
2835984
2835985
2835986
2835991
2835995
2835998
2836002
2836003
2836004
2836005
2836006
2836007
2836008
2836010
2836011
2836012
2836013
2836014
2836015
2836016
2836018
2836019
2836020
2836022
2836023
2836024
2836025
2836026
2836041
2836042
2836043
2836044
2836045
2836046
2836047
2836048
2836049
2836050
2836051
2836052
2836053
2836074
2836075
2836076
2836077
2836078
2836079
2836080
2836081
2836082
2836083
2836084
2836085
2836086
2836087
2836088
2836090
2836091
2836092
2836093
2836094
2836095
2836096
2836097
2836098
2836099
2836100
2836104
2836105
2836106
2836107
2836108
2836109
2836110
2836111
2836112
2836113
2836115
2836116
2836117
2836118
2836121
2836122
2836123
2836124
2836126
2836127
2836128
2836130
2836132
2836134
2836135
2836136
2836137
2836139
2836140
2836141
2836142
2836143
2836148
2836149
2836254
2836296
2836297
2836298
2836336
2836379
2836440
2836441
2836442
2836783
2836817
2836846
2836890
2838076
2838077
2838078
2838079
2838133
2838134
2838135
2838136
2838150
2838151
2838153
2838154
2838264
2838316
2838317
2838328
2838329
2838330
2838363
2838368
2838373
2838374
2838375
2838376
2838378
2838379
2838380
2838381
2838382
2838383
2838384
2838385
2838386
2838389
2838390
2838393
2838395
2838912
2839003
2839026
2839027
2839028
2839030
2839036
2839037
2839038
2839046
2839047
2839052
2839083
2839849
2839893
2839956
2840000
2840001
2840002
2840003
2840004
2840005
2840006
2840008
2840009
2840010
2840011
2840012
2840013
2840014
2840015
2840016
2840017
2840018
2840019
2840020
2840021
2840022
2840023
2840024
2840056
2840070
2840071
2840072
2840073
2840074
2840075
2840076
2840077
2840078
2840184
2841024
2841276
2841277
2841278
2841279
2841280
2841281
2841282
2841283
2841299
2841300
2841302
2841303
2841637
2841641
2841740
2841874
2842055
2842056
2842057
2842199
2842242
2842243
2842244
2842247
2842248
2842249
2842313
2842314
2842315
2842317
2842318
2842319
2842320
2842321
2842322
2842324
2842325
2842326
2842327
2842328
2842329
2842330
2842331
2842332
2842333
2842358
2842360
2842361
2842362
2842363
2842364
2842365
2842366
2842367
2842368
2842369
2842370
2842371
2842373
2842374
2842377
2842379
2842381
2842384
2842386
2842388
2842389
2842390
2842391
2842392
2842393
2842395
2842397
2842398
2842399
2842400
2842401
2842402
2842403
2842405
2842406
2842407
2842408
2842409
2842410
2842411
2842412
2842413
2842414
2842415
2842416
2842417
2842418
2842419
2842420
2842421
2842422
2842423
2842424
2842425
2842517
2842518
2842519
2842520
2842521
2842522
2842523
2842524
2842525
2842526
2842527
2842528
2842529
2842530
2842539
2842540
2842541
2842542
2842543
2842544
2842545
2842546
2842547
2842548
2842549
2842550
2842551
2842552
2842553
2842554
2842555
2842556
2842557
2842558
2842559
2842560
2842561
2842562
2842563
2842564
2842565
2842566
2842567
2842568
2842570
2842571
2842572
2842573
2842574
2842577
2842578
2842582
2842583
2842585
2842586
2842587
2842588
2842589
2842591
2842592
2842593
2842594
2842595
2842596
2842597
2842598
2842600
2842601
2842602
2842604
2842605
2842606
2842607
2842608
2842609
2842615
2842616
2842618
2842619
2842620
2842621
2842622
2842623
2842625
2842631
2842632
2842633
2842635
2842636
2842637
2842638
2842639
2842640
2842641
2842642
2842644
2842645
2842647
2842648
2842649
2842650
2842651
2842652
2842653
2842654
2842656
2842657
2842658
2842660
2842661
2842662
2842663
2842664
2842665
2842667
2842668
2842669
2842670
2842674
2842675
2842676
2842677
2842678
2842679
2842680
2842682
2842683
2842684
2842685
2842686
2842687
2842688
2842689
2842690
2842691
2842692
2842693
2842694
2842695
2842696
2842697
2842698
2842699
2842701
2842702
2842704
2842706
2842707
2842708
2842710
2842711
2842712
2842713
2842714
2842715
2842716
2842717
2842718
2842719
2842721
2842722
2842724
2842725
2842726
2842727
2842728
2842729
2842730
2842731
2842732
2842733
2842736
2842737
2842738
2842739
2842741
2842742
2842743
2842746
2842749
2842751
2842752
2842753
2842754
2842755
2842756
2842757
2842758
2842759
2842760
2842761
2842762
2842763
2842764
2842765
2842766
2842767
2842769
2842770
2842771
2842772
2842773
2842774
2842775
2842776
2842777
2842778
2842779
2842780
2842781
2842782
2842783
2842784
2842785
2842786
2842787
2842788
2842789
2842790
2842792
2842793
2842794
2842795
2842796
2842797
2842798
2842799
2842800
2842801
2842802
2842803
2842804
2842805
2842807
2842808
2842809
2842810
2842811
2842812
2842813
2842814
2842815
2842816
2842817
2842818
2842819
2842820
2842823
2842824
2842825
2842826
2842827
2842828
2842831
2842833
2842834
2842835
2842836
2842838
2842840
2842841
2842842
2842843
2842844
2842846
2842847
2842848
2842850
2842851
2842852
2842855
2842856
2842857
2842858
2842860
2842861
2842862
2842863
2842864
2842865
2842867
2842869
2842870
2842871
2842872
2842874
2842878
2842879
2842880
2842881
2842882
2842883
2842884
2842885
2842886
2842887
2842888
2842889
2842890
2842891
2842892
2842893
2842894
2842895
2842897
2842898
2842900
2842901
2842902
2842903
2842904
2842905
2842906
2842907
2842908
2842910
2842911
2842912
2842914
2842915
2842916
2842917
2842918
2842919
2842920
2842921
2842922
2842923
2842925
2842926
2842927
2842928
2842929
2842931
2842933
2842934
2842936
2842938
2842941
2842942
2842943
2842944
2842945
2842946
2842947
2842948
2842949
2842950
2842951
2842953
2842954
2842957
2842958
2842960
2842961
2842963
2842964
2842965
2842966
2842967
2842968
2842971
2842972
2842973
2842974
2842975
2842976
2842977
2842979
2842981
2842984
2842986
2842988
2842989
2842991
2842993
2842994
2842995
2842996
2842998
2842999
2843000
2843004
2843007
2843008
2843009
2843011
2843012
2843013
2843014
2843015
2843016
2843017
2843018
2843019
2843020
2843022
2843024
2843027
2843028
2843029
2843030
2843031
2843033
2843034
2843035
2843036
2843037
2843038
2843039
2843040
2843041
2843042
2843044
2843046
2843047
2843048
2843049
2843051
2843052
2843054
2843055
2843056
2843058
2843059
2843060
2843062
2843064
2843065
2843066
2843067
2843068
2843069
2843070
2843071
2843072
2843073
2843077
2843078
2843079
2843080
2843081
2843082
2843086
2843087
2843088
2843091
2843092
2843093
2843094
2843095
2843096
2843097
2843098
2843099
2843101
2843102
2843103
2843104
2843105
2843106
2843108
2843109
2843110
2843111
2843112
2843113
2843115
2843118
2843119
2843120
2843121
2843122
2843123
2843124
2843125
2843126
2843127
2843128
2843129
2843130
2843131
2843132
2843133
2843135
2843136
2843137
2843138
2843139
2843140
2843141
2843142
2843143
2843144
2843145
2843146
2843147
2843150
2843152
2843153
2843154
2843155
2843156
2843157
2843159
2843160
2843161
2843162
2843331
2843332
2843342
2843343
2843344
2843345
2843346
2843347
2843348
2843349
2843350
2843351
2843352
2843353
2843354
2843355
2843356
2843357
2843358
2843359
2843360
2843361
2843362
2843363
2843364
2843365
2843366
2843367
2843368
2843369
2843370
2843371
2843372
2843373
2843374
2843375
2843376
2843377
2843378
2843379
2843380
2843381
2843382
2843383
2843384
2843385
2843386
2843387
2843388
2843389
2843390
2843391
2843392
2843393
2843394
2843395
2843396
2843397
2843398
2843399
2843400
2843401
2843402
2843403
2843404
2843405
2843406
2843407
2843408
2843409
2843410
2843411
2843412
2843413
2843414
2843415
2843416
2843417
2843418
2843419
2843420
2843421
2843422
2843423
2843424
2843425
2843426
2843427
2843428
2843430
2843431
2843432
2843433
2843434
2843435
2843436
2843437
2843438
2843439
2843440
2843441
2843442
2843443
2843444
2843445
2843446
2843447
2843448
2843449
2843450
2843452
2843453
2843454
2843455
2843456
2843457
2843458
2843459
2843460
2843461
2843462
2843463
2843464
2843465
2843466
2843467
2843468
2843469
2843470
2843471
2843472
2843473
2843474
2843475
2843476
2843477
2843478
2843479
2843481
2843482
2843616
2843617
2843618
2843620
2843621
2843622
2843623
2843624
2843625
2843626
2843627
2843628
2843629
2843630
2843631
2843632
2843633
2843634
2843635
2843636
2843637
2843638
2843639
2843640
2843641
2843642
2843643
2843644
2843645
2843646
2843647
2843648
2843649
2843650
2843651
2843652
2843653
2843654
2843655
2843656
2843657
2843658
2843663
2843664
2843665
2843666
2843672
2843673
2843674
2843675
2843676
2843677
2843678
2843679
2843680
2843681
2843682
2843684
2843685
2843687
2843692
2843695
2843696
2843697
2843702
2843703
2843704
2843707
2843718
2843721
2843722
2843723
2843724
2843725
2843726
2843727
2843728
2843729
2843731
2843732
2843733
2843734
2843736
2843737
2843738
2843739
2843740
2843741
2843742
2843743
2843745
2843746
2843747
2843748
2843749
2843750
2843751
2843752
2843753
2843754
2843755
2843756
2843757
2843758
2843759
2843760
2843761
2843762
2843763
2843764
2843765
2843766
2843767
2843768
2843769
2843770
2843771
2843772
2843773
2843774
2843775
2843777
2843778
2843779
2843780
2843781
2843782
2843783
2843784
2843785
2843786
2843788
2843790
2843791
2843792
2843793
2843794
2843795
2843796
2843803
2843810
2843811
2843812
2843829
2843834
2843835
2843836
2843837
2843838
2843839
2843841
2843842
2843843
2843844
2843845
2843846
2843847
2843848
2843849
2843850
2843851
2843854
2843857
2843858
2843859
2843860
2843861
2843862
2843863
2843864
2843865
2843866
2843868
2843869
2843870
2843871
2843872
2843873
2843874
2843875
2843876
2843877
2843878
2843879
2843881
2843882
2843885
2843886
2843887
2843888
2843889
2843890
2843895
2843896
2843897
2843900
2843901
2843907
2843908
2843909
2843910
2843917
2843919
2843920
2843921
2843923
2843924
2843926
2843927
2843931
2843932
2843933
2843935
2843937
2843938
2843939
2843940
2843943
2843944
2843945
2843947
2843948
2843949
2843951
2843952
2843953
2843954
2843955
2843956
2843957
2843958
2843959
2843960
2843961
2843962
2843966
2843967
2843968
2843969
2843970
2843971
2843972
2843973
2843978
2843979
2843980
2843981
2843982
2843983
2843984
2843985
2843986
2843987
2843988
2843989
2843990
2843991
2843992
2843993
2844012
2844013
2844016
2844017
2844018
2844019
2844020
2844030
2844031
2844032
2844034
2844035
2844036
2844037
2844038
2844039
2844040
2844047
2844049
2844050
2844051
2844053
2844058
2844059
2844063
2844064
2844066
2844067
2844069
2844070
2844071
2844074
2844075
2844076
2844080
2844081
2844083
2844086
2844087
2844090
2844091
2844092
2844093
2844094
2844095
2844097
2844098
2844108
2844109
2844113
2844116
2844119
2844120
2844121
2844122
2844123
2844124
2844126
2844127
2844128
2844129
2844131
2844132
2844133
2844134
2844135
2844136
2844137
2844138
2844139
2844140
2844141
2844142
2844143
2844144
2844145
2844146
2844147
2844148
2844149
2844150
2844151
2844152
2844154
2844155
2844156
2844158
2844163
2844164
2844165
2844166
2844167
2844168
2844169
2844171
2844173
2844175
2844176
2844177
2844178
2844179
2844181
2844183
2844184
2844185
2844186
2844187
2844188
2844189
2844190
2844191
2844192
2844193
2844194
2844195
2844196
2844197
2844198
2844199
2844200
2844201
2844202
2844203
2844204
2844205
2844206
2844207
2844208
2844209
2844210
2844211
2844212
2844213
2844214
2844215
2844216
2844218
2844219
2844220
2844222
2844223
2844224
2844225
2844226
2844227
2844228
2844229
2844231
2844232
2844233
2844235
2844236
2844237
2844238
2844239
2844240
2844241
2844242
2844243
2844244
2844245
2844246
2844247
2844248
2844249
2844250
2844252
2844253
2844254
2844255
2844256
2844257
2844258
2844259
2844260
2844261
2844262
2844263
2844264
2844265
2844266
2844267
2844268
2844270
2844271
2844273
2844274
2844276
2844277
2844278
2844279
2844280
2844281
2844284
2844285
2844286
2844287
2844289
2844290
2844291
2844292
2844293
2844294
2844295
2844296
2844297
2844298
2844299
2844300
2844301
2844302
2844303
2844304
2844305
2844306
2844307
2844308
2844309
2844310
2844311
2844312
2844393
2844394
2844395
2844396
2844397
2844398
2844399
2844401
2844404
2844405
2844406
2844407
2844409
2844411
2844412
2844414
2844415
2844416
2844417
2844418
2844419
2844421
2844422
2844423
2844424
2844425
2844426
2844427
2844428
2844429
2844430
2844431
2844432
2844433
2844434
2844435
2844436
2844437
2844438
2844439
2844440
2844441
2844442
2844443
2844444
2844445
2844446
2844447
2844456
2844457
2844460
2844461
2844462
2844463
2844464
2844465
2844466
2844467
2844468
2844469
2844470
2844471
2844474
2844475
2844476
2844477
2844483
2844484
2844485
2844498
2844499
2844500
2844501
2844502
2844504
2844505
2844506
2844507
2844508
2844509
2844510
2844511
2844512
2844513
2844515
2844516
2844518
2844519
2844521
2844522
2844523
2844524
2844525
2844527
2844528
2844529
2844530
2844531
2844532
2844535
2844536
2844537
2844538
2844539
2844540
2844541
2844542
2844543
2844544
2844548
2844549
2844550
2844551
2844552
2844553
2844554
2844555
2844558
2844559
2844560
2844561
2844562
2844563
2844564
2844565
2844566
2844567
2844568
2844569
2844570
2844571
2844572
2844575
2844576
2844577
2844578
2844579
2844580
2844581
2844582
2844583
2844584
2844585
2844586
2844587
2844588
2844590
2844595
2844596
2844597
2844599
2844600
2844603
2844604
2844609
2844610
2844611
2844612
2844613
2844614
2844616
2844617
2844618
2844619
2844620
2844621
2844622
2844625
2844626
2844628
2844629
2844630
2844632
2844636
2844638
2844639
2844640
2844641
2844642
2844643
2844644
2844645
2844646
2844650
2844652
2844653
2844656
2844657
2844658
2844659
2844660
2844661
2844662
2844663
2844664
2844665
2844666
2844667
2844668
2844669
2844670
2844671
2844672
2844673
2844674
2844675
2844676
2844677
2844678
2844679
2844681
2844701
2844760
2844785
2844787
2844795
2844796
2844797
2844798
2844799
2844800
2844801
2844802
2844803
2844804
2844805
2844806
2844808
2844809
2844810
2844816
2844817
2844818
2844819
2844822
2844825
2844826
2844827
2844828
2844830
2844831
2844832
2844833
2844835
2844839
2844843
2844856
2844857
2844859
2844861
2844961
2844962
2844963
2844965
2844966
2844979
2844980
2844981
2844982
2844986
2844987
2845000
2845001
2845003
2845004
2845005
2845006
2845007
2845008
2845009
2845010
2845012
2845013
2845018
2845019
2845020
2845023
2845024
2845025
2845027
2845028
2845030
2845031
2845032
2845033
2845034
2845035
2845036
2845037
2845038
2845039
2845040
2845041
2845042
2845044
2845045
2845046
2845056
2845057
2845058
2845059
2845060
2845062
2845064
2845065
2845066
2845069
2845070
2845071
2845073
2845074
2845075
2845076
2845077
2845078
2845079
2845080
2845081
2845082
2845083
2845084
2845085
2845086
2845087
2845088
2845089
2845090
2845091
2845092
2845093
2845094
2845095
2845098
2845103
2845104
2845105
2845106
2845107
2845108
2845109
2845110
2845111
2845112
2845113
2845114
2845115
2845116
2845117
2845118
2845119
2845120
2845122
2845123
2845124
2845125
2845126
2845127
2845128
2845129
2845130
2845131
2845132
2845133
2845134
2845135
2845136
2845137
2845138
2845139
2845140
2845142
2845143
2845144
2845145
2845146
2845147
2845148
2845149
2845150
2845151
2845152
2845153
2845154
2845155
2845156
2845157
2845158
2845159
2845160
2845161
2845162
2845163
2845164
2845165
2845166
2845167
2845168
2845169
2845170
2845171
2845172
2845173
2845174
2845175
2845176
2845177
2845178
2845179
2845180
2845181
2845182
2845183
2845184
2845185
2845186
2845187
2845188
2845189
2845190
2845191
2845206
2845386
2845387
2845388
2845389
2845390
2845391
2845392
2845393
2845394
2845395
2845396
2845397
2845398
2845399
2845400
2845401
2845402
2845403
2845404
2845405
2845406
2845407
2845408
2845409
2845410
2845411
2845412
2845413
2845414
2845415
2845416
2845417
2845418
2845419
2845420
2845421
2845422
2845423
2845424
2845425
2845426
2845427
2845428
2845429
2845430
2845431
2845432
2845433
2845434
2845435
2845436
2845437
2845438
2845439
2845440
2845441
2845442
2845443
2845444
2845445
2845446
2845447
2845448
2845449
2845450
2845451
2845452
2845453
2845454
2845455
2845456
2845457
2845458
2845459
2845460
2845461
2845462
2845463
2845464
2845465
2845466
2845467
2845468
2845469
2845470
2845471
2845472
2845473
2845474
2845475
2845476
2845477
2845478
2845479
2845480
2845481
2845482
2845483
2845491
2845492
2845493
2845494
2845497
2845498
2845499
2845501
2845502
2845503
2845504
2845506
2845507
2845508
2845509
2845510
2845511
2845512
2845513
2845515
2845516
2845517
2845519
2845520
2845521
2845522
2845524
2845530
2845531
2845533
2845534
2845537
2845538
2845539
2845544
2845553
2845556
2845557
2845558
2845559
2845561
2845562
2845564
2845565
2845570
2845575
2845577
2845579
2845580
2845583
2845584
2845585
2845587
2845588
2845589
2845590
2845591
2845592
2845593
2845594
2845595
2845596
2845597
2845598
2845601
2845602
2845603
2845608
2845610
2845611
2845612
2845613
2845614
2845616
2845617
2845618
2845619
2845620
2845621
2845622
2845623
2845625
2845626
2845630
2845636
2845637
2845638
2845639
2845640
2845647
2845648
2845649
2845650
2845651
2845652
2845653
2845654
2845655
2845656
2845657
2845658
2845659
2845660
2845661
2845662
2845663
2845664
2845665
2845669
2845670
2845672
2845673
2845675
2845676
2845678
2845679
2845681
2845682
2845683
2845684
2845685
2845686
2845688
2845689
2845690
2845693
2845696
2845697
2845698
2845700
2845702
2845703
2845704
2845705
2845711
2845713
2845714
2845715
2845716
2845717
2845720
2845729
2845730
2845732
2845733
2845734
2845736
2845737
2845738
2845739
2845741
2845743
2845744
2845746
2845748
2845749
2845750
2845752
2845754
2845755
2845756
2845757
2845758
2845759
2845760
2845765
2845766
2845767
2845770
2845772
2845773
2845774
2845775
2845776
2845777
2845778
2845779
2845780
2845781
2845782
2845783
2845784
2845785
2845786
2845788
2845789
2845790
2845791
2845792
2845793
2845794
2845795
2845796
2845798
2845799
2845802
2845804
2845805
2845806
2845807
2845814
2845816
2845817
2845818
2845830
2845831
2845834
2845835
2845836
2845837
2845841
2845842
2845843
2845847
2845848
2845849
2845850
2845851
2845852
2845857
2845858
2845860
2845861
2845865
2845870
2845872
2845873
2845874
2845875
2845877
2845878
2845885
2845886
2845887
2845888
2845889
2845890
2845894
2845895
2845896
2845897
2845899
2845900
2845902
2845904
2845905
2845906
2845907
2845908
2845909
2845910
2845924
2845925
2845929
2845932
2845933
2845934
2845935
2845936
2845938
2845939
2845940
2845941
2845942
2845949
2845950
2845951
2845952
2845954
2845955
2845956
2845957
2845958
2845959
2845960
2845961
2845962
2845963
2845964
2845965
2845966
2845967
2845968
2845969
2845970
2845971
2845973
2845976
2845977
2845979
2845980
2845981
2845982
2845983
2845987
2845988
2845990
2845991
2845992
2846014
2846015
2846016
2846017
2846018
2846019
2846020
2846021
2846022
2846029
2846030
2846031
2846032
2846037
2846038
2846039
2846040
2846041
2846042
2846043
2846044
2846045
2846046
2846047
2846048
2846049
2846050
2846051
2846052
2846056
2846058
2846059
2846060
2846061
2846062
2846063
2846064
2846066
2846069
2846071
2846073
2846074
2846075
2846076
2846077
2846079
2846081
2846082
2846083
2846084
2846085
2846087
2846088
2846089
2846090
2846091
2846092
2846093
2846094
2846095
2846096
2846097
2846098
2846099
2846100
2846101
2846102
2846103
2846104
2846105
2846106
2846107
2846108
2846109
2846111
2846112
2846113
2846114
2846115
2846116
2846117
2846118
2846119
2846120
2846121
2846122
2846123
2846124
2846125
2846126
2846127
2846128
2846129
2846130
2846131
2846132
2846133
2846134
2846135
2846136
2846137
2846138
2846139
2846140
2846141
2846142
2846144
2846147
2846148
2846149
2846151
2846153
2846154
2846156
2846157
2846158
2846159
2846160
2846161
2846163
2846164
2846165
2846168
2846170
2846174
2846176
2846177
2846179
2846180
2846181
2846182
2846183
2846184
2846185
2846186
2846188
2846191
2846193
2846194
2846195
2846196
2846197
2846198
2846199
2846200
2846201
2846203
2846204
2846205
2846208
2846209
2846210
2846211
2846212
2846213
2846214
2846215
2846216
2846217
2846218
2846219
2846231
2846232
2846233
2846235
2846237
2846239
2846241
2846248
2846252
2846253
2846255
2846258
2846259
2846262
2846263
2846264
2846265
2846266
2846267
2846268
2846269
2846270
2846271
2846272
2846273
2846275
2846278
2846282
2846283
2846284
2846285
2846286
2846287
2846288
2846291
2846293
2846297
2846300
2846301
2846373
2846374
2846375
2846376
2846377
2846378
2846379
2846380
2846382
2846383
2846387
2846388
2846389
2846390
2846391
2846392
2846393
2846394
2846395
2846396
2846397
2846398
2846399
2846400
2846401
2846402
2846403
2846404
2846405
2846406
2846407
2846408
2846411
2846413
2846414
2846415
2846418
2846420
2846423
2846424
2846425
2846426
2846433
2846434
2846435
2846436
2846437
2846441
2846442
2846443
2846446
2846447
2846449
2846450
2846451
2846454
2846455
2846468
2846493
2846513
2846514
2846519
2846545
2846570
2846571
2846572
2846573
2846576
2846578
2846580
2846581
2846583
2846584
2846585
2846587
2846588
2846589
2846590
2846591
2846592
2846593
2846594
2846595
2846596
2846599
2846600
2846601
2846602
2846603
2846604
2846605
2846606
2846607
2846608
2846609
2846612
2846613
2846614
2846615
2846620
2846621
2846622
2846623
2846624
2846637
2846638
2846639
2846640
2846641
2846642
2846657
2846660
2846661
2846662
2846663
2846664
2846665
2846666
2846667
2846668
2846669
2846670
2846671
2846672
2846673
2846675
2846678
2846679
2846680
2846681
2846682
2846685
2846686
2846687
2846688
2846689
2846691
2846692
2846693
2846694
2846696
2846697
2846739
2846948
2846955
2847040
2847044
2847048
2847052
2847056
2847058
2847060
2847061
2847062
2847072
2847073
2847074
2847077
2847078
2847081
2847087
2847088
2847089
2847091
2847092
2847105
2847106
2847107
2847108
2847109
2847137
2847138
2847139
2847141
2847143
2847144
2847145
2847173
2847174
2847266
2847267
2847270
2847277
2847284
2847285
2847286
2847287
2847766
2847767
2847793
2847794
2847795
2847796
2847799
2847801
2847805
2847810
2847812
2847813
2847814
2847815
2847816
2847818
2847822
2847823
2847832
2847841
2847848
2847850
2847851
2847995
2847998
2847999
2848001
2848004
2848011
2848019
2848021
2848022
2848023
2848031
2848036
2848038
2848039
2848040
2848043
2848048
2848054
2848071
2848074
2848075
2848077
2848078
2848079
2848081
2848082
2848094
2848096
2848127
2848128
2848134
2848315
2848316
2848317
2848321
2848323
2848325
2848326
2848328
2848334
2848418
2848419
2848421
2848423
2848881
2848882
2848884
2848885
2848886
2848887
2848909
2848910
2848911
2848912
2848913
2848914
2848915
2848971
2848982
2849006
2849007
2849008
2849016
2849018
2849019
2849058
2849063
2849064
2849065
2849068
2849079
2849080
2849081
2849092
2849096
2849097
2849099
2849100
2849102
2849103
2849104
2849105
2849125
2849243
2849244
2849245
2849246
2849475
2849479
2849587
2849595
2849598
2849599
2849600
2849623
2849624
2849625
2849626
2849628
2849675
2849697
2849698
2849699
2849700
2849703
2849704
2849708
2849709
2849715
2849717
2849721
2849726
2849733
2849739
2849741
2849745
2849769
2849774
2849971
2849972
2850049
2850656
2850667
2851026
2851028
2851029
2851030
2851032
2851033
2851034
2851035
2851068
2851069
2851070
2851072
2851075
2851076
2851077
2851080
2851081
2851082
2851083
2851084
2851085
2851086
2851093
2851094
2851095
2851097
2851098
2851099
2851100
2851101
2851103
2851104
2851105
2851106
2851108
2851109
2851110
2851111
2851112
2851113
2851114
2851115
2851116
2851128
2851129
2851130
2851131
2851132
2851133
2851134
2851141
2851142
2851143
2851145
2851147
2851148
2851149
2851151
2851153
2851154
2851155
2851156
2851158
2851160
2851161
2851162
2851163
2851164
2851165
2851166
2851168
2851169
2851170
2851171
2851172
2851173
2851174
2851175
2851178
2851179
2851180
2851181
2851182
2851183
2851184
2851185
2851186
2851188
2851189
2851191
2851192
2851193
2851195
2851196
2851197
2851198
2851199
2851200
2851201
2851202
2851203
2851204
2851205
2851401
2851402
2851430
2851443
2851458
2851465
2851475
2851486
2851491
2851639
2851653
2851655
2851919
2851934
2851954
2851955
2851956
2851957
2851958
2851960
2851961
2851962
2851963
2851964
2851965
2851966
2851967
2851968
2851969
2851970
2851971
2851972
2851973
2851974
2851975
2851976
2851977
2851978
2851979
2851980
2851981
2851982
2851983
2851984
2851985
2851986
2851987
2851988
2851989
2851990
2851991
2851992
2851993
2851994
2852003
2852004
2852005
2852006
2852007
2852008
2852009
2852010
2852011
2852012
2852013
2852014
2852015
2852016
2852017
2852018
2852019
2852020
2852021
2852022
2852023
2852024
2852025
2852026
2852027
2852028
2852029
2852030
2852031
2852032
2852033
2852034
2852035
2852036
2852037
2852038
2852039
2852040
2852103
2852111
2852114
2852115
2852116
2852125
2852127
2852130
2852133
2852150
2852151
2852153
2852164
2852165
2852167
2852168
2852170
2852174
2852178
2852180
2852183
2852194
2852200
2852220
2852223
2852224
2852233
2852239
2852241
2852246
2852259
2852261
2852263
2852264
2852265
2852274
2852277
2852317
2852324
2852332
2852351
2852352
2852355
2852358
2852359
2852362
2852370
2852375
2852377
2852378
2852380
2852388
2852390
2852393
2852398
2852399
2852405
2852407
2852408
2852409
2852418
2852421
2852433
2852434
2852440
2852450
2852458
2852460
2852465
2852466
2852473
2852475
2852476
2852486
2852495
2852502
2852509
2852514
2852516
2852519
2852520
2852523
2852525
2852529
2852530
2852533
2852536
2852560
2852561
2852572
2852573
2852580
2852582
2852587
2852594
2852600
2852601
2852605
2852608
2852611
2852625
2852632
2852637
2852644
2852652
2852657
2852662
2852667
2852671
2852675
2852676
2852684
2852690
2852691
2852692
2852693
2852695
2852696
2852703
2852707
2852709
2852710
2852712
2852726
2852728
2852729
2852733
2852737
2852746
2852750
2852760
2852761
2852771
2852775
2852783
2852787
2852796
2852797
2852801
2852810
2852814
2852817
2852819
2852823
2852826
2852840
2852842
2852857
2852867
2852871
2852873
2852874
2852875
2852880
2852881
2852888
2852892
2852897
2852912
2852913
2852926
2852929
2852932
2852938
2852961
2852963
2852964
2852966
2852967
2852968
2852969
2852970
2852972
2852975
2852976
2852977
2852978
2852980
2852983
2852985
2852986
2852987
2852991
2852996
2852998
2852999
2853007
2853010
2853011
2853013
2853016
2853017
2853019
2853022
2853023
2853025
2853026
2853045
2853050
2853076
2853078
2853091
2853092
2853094
2853095
2853105
2853106
2853118
2853119
2853120
2853169
2853199
2853265
2853266
2853267
2853282
2853283
2853284
2853285
2853286
2853431
2853730
2853789
2853790
2853791
2853792
2853796
2853797
2853798
2853799
2853800
2853801
2853802
2853976
2854218
2854219
2854225
2854390
2854842
2854843
2855313
2855314
2855326
2855484
2855485
2855487
2855614
2856175
2856177
2856178
2856180
2856553
2856554
2856559
2856824
2856830
2856860
2856874
2856875
2856879
2856880
2856881
2856888
2856892
2856907
2856926
2856996
2856997
2857500
2857501
2858412
2858880
2858881
2858884
2859059
2859060
2859072
2859073
2859245
2859247
2859281
2859282
2859283
2859284
2859285
2859289
2859290
2859291
2859292
2859293
2859294
2859295
2859299
2859302
2859303
2859304
2859305
2859306
2859308
2859309
2859310
2859311
2859312
2859314
2859315
2859316
2859319
2859320
2859321
2859322
2859323
2859325
2859329
2859331
2859334
2859335
2859336
2859339
2859340
2859341
2859342
2859343
2859345
2859347
2859348
2859349
2859350
2859351
2859352
2859353
2859354
2859355
2859356
2859357
2859358
2859359
2859360
2859361
2859362
2859363
2859364
2859450
2859451
2859473
2859474
2859475
2859476
2859477
2859478
2859479
2859480
2859481
2859487
2859488
2859489
2859492
2859493
2859494
2859495
2859496
2859509
2859510
2859511
2859512
2859513
2859517
2859518
2859519
2859524
2859525
2859526
2859527
2859528
2859562
2859563
2859564
2859565
2859595
2859632
2859633
2859634
2859635
2859636
2859638
2859649
2859650
2859651
2859652
2859653
2859654
2859655
2859656
2859657
2859658
2859659
2859660
2859661
2859662
2859663
2859664
2859709
2859881
2859883
2859885
2859887
2859891
2859896
2859899
2859903
2859906
2860251
2860269
2860312
2860313
2860314
2860315
2860316
2860317
2860370
2860371
2860372
2860373
2860374
2860375
2860376
2860377
2860474
2860478
2860949
2860950
2860969
2860996
2860997
2861000
2861001
2861002
2861003
2861004
2861005
2861007
2861008
2861009
2861054
2861055
2861056
2861058
2861250
2861289
2861712
2861865
2861974
2861975
2862112
2862113
2862114
2862336
2862371
2862503
2862717
2862735
2862736
2862737
2862739
2862740
2862773
2862774
2862775
2862824
2862825
2862951
2862952
2862993
2862994
2862995
2862996
2862998
2863001
2863002
2863003
2863004
2863149
2863150
2863152
2863189
2863193
2863194
2863195
2863196
2863232
2863234
2863235
2863236
2863237
2863240
2863241
2863243
2863244
2863246
2863248
2863249
2863250
2863251
2863252
2863259
2863264
2863265
2863266
2863267
2863268
2863269
2863270
2863271
2863272
2863273
2863274
2863275
2863276
2863277
2863278
2863279
2863583
2863679
2863680
2863681
2863682
2863830
2863831
2863832
2863833
2863838
2863839
2863840
2863841
2863842
2863843
2863844
2863846
2863847
2863848
2863849
2863850
2863851
2863852
2863853
2863854
2863855
2863856
2863864
2863865
2863866
2863867
2863868
2863950
2863951
2863952
2863953
2863954
2863956
2863957
2863959
2863961
2863962
2863963
2863964
2863965
2863966
2863967
2863968
2863969
2863970
2863971
2863972
2863973
2863975
2863976
2863977
2863978
2863979
2863980
2863981
2863982
2863983
2863986
2863987
2863988
2863989
2863990
2863991
2863992
2863993
2863994
2863995
2863996
2863997
2863998
2863999
2864000
2864001
2864002
2864004
2864005
2864006
2864007
2864008
2864009
2864010
2864011
2864013
2864014
2864015
2864017
2864020
2864021
2864022
2864046
2864063
2864064
2864078
2864079
2864080
2864082
2864084
2864094
2864095
2864096
2864097
2864098
2864099
2864100
2864360
2864361
2864362
2864363
2864364
2864365
2864366
2864369
2864383
2864384
2864385
2865371
2865373
2865374
2865759
2865760
2865761
2865785
2865786
2865787
2865788
2865789
2865790
2865791
2865793
2865794
2865795
2865798
2865799
2865801
2865802
2865803
2865805
2865806
2865807
2865809
2865810
2865816
2865817
2865818
2865820
2865823
2865825
2865826
2865827
2865828
2865830
2866011
2866012
2866013
2866014
2866020
2866022
2866023
2866024
2866038
2866039
2866040
2866041
2866042
2866044
2866045
2866046
2866656
2866659
2866660
2866661
2866662
2866663
2866665
2866684
2866685
2866686
2866687
2866688
2866689
2866690
2866691
2866692
2866693
2866694
2866695
2866696
2866697
2866698
2866699
2866700
2866701
2866702
2866703
2866803
2866804
2866836
2866945
2867064
2867065
2867096
2867097
2867098
2867099
2867265
2867278
2867296
2867297
2867298
2867299
2867337
2867338
2867436
2867437
2867438
2867469
2867470
2867471
2867472
2867473
2867474
2867475
2867476
2867477
2867478
2867480
2867481
2867482
2867550
2869542
2869543
2869544
2869545
2869546
2869547
2869548
2869549
2869550
2869551
2869552
2869553
2869555
2869556
2869558
2869559
2869560
2869561
2869562
2869564
2869565
2869567
2869568
2869569
2869570
2869571
2869572
2869573
2870348
2870349
2870350
2870351
2870354
2870355
2870356
2870358
2870359
2870363
2870364
2870366
2870369
2870371
2870373
2870375
2870377
2870378
2870379
2870381
2870382
2870383
2870384
2870386
2870388
2870393
2870394
2870395
2870475
2870529
2870555
2870579
2870580
2870581
2870582
2870583
2870584
2870585
2870586
2870617
2870618
2870619
2870620
2870633
2870751
2870787
2870874
2871093
2871150
2871160
2871166
2871179
2871196
2871510
2871511
2871513
2871514
2871516
2871517
2871518
2871519
2871520
2871521
2871522
2871523
2871524
2871526
2871528
2871529
2871530
2871532
2871533
2871534
2871537
2871538
2871539
2871540
2871541
2871542
2871543
2871544
2871545
2871546
2871548
2871549
2871640
2871641
2871642
2871643
2871654
2871655
2871715
2871716
2871717
2871718
2871719
2871720
2871721
2871722
2871729
2872011
2872297
2872337
2872338
2872408
2872409
2872410
2872411
2872412
2872413
2872414
2872415
2872416
2872417
2872418
2872419
2872420
2872566
2872567
2872631
2872632
2872674
2872675
2872676
2872732
2872738
2872749
2872805
2872807
2872809
2872810
2872811
2873234
2873235
2873241
2873242
2873243
2873244
2873245
2873246
2873344
2873345
2873346
2873347
2873348
2873349
2873352
2873353
2873371
2873372
2873373
2873374
2873375
2873376
2873380
2873387
2873388
2873389
2873401
2873402
2873403
2873404
2873405
2873406
2873407
2873408
2873409
2873410
2873411
2873412
2873413
2873443
2873444
2873445
2873446
2873447
2873448
2873449
2873450
2873451
2873453
2873457
2873458
2873459
2873462
2873522
2873523
2873524
2873525
2873527
2873528
2873529
2873530
2873531
2873533
2873534
2873535
2873538
2873539
2873540
2873541
2873542
2873543
2873544
2873545
2873546
2873548
2873549
2873550
2873551
2873552
2873553
2873554
2873555
2873556
2873558
2873559
2873560
2873561
2873562
2873563
2873897
2873946
2873951
2873952
2873962
2874023
2874024
2874025
2874026
2874028
2874029
2874030
2874031
2874139
2874141
2874295
2874383
2874388
2874392
2874393
2874394
2874395
2874396
2874397
2874398
2874399
2874400
2874401
2874402
2874403
2874404
2874405
2874406
2874407
2874408
2874409
2874410
2874411
2874412
2874413
2874414
2874416
2874417
2874419
2874420
2874421
2874423
2874424
2874425
2874426
2874427
2874428
2874429
2874430
2874431
2874432
2874433
2874434
2874435
2874436
2874437
2874438
2874439
2874440
2874442
2874444
2874445
2874446
2874447
2874448
2874449
2874450
2874451
2874452
2874453
2874454
2874455
2874456
2874457
2874458
2874459
2874460
2874852
2874853
2874854
2874855
2874856
2874857
2874858
2874859
2874860
2874861
2874862
2874863
2874864
2874865
2874866
2874867
2874868
2874869
2874870
2874871
2874872
2874873
2874874
2874875
2874876
2874877
2874878
2874879
2874880
2874881
2874882
2874883
2874884
2874885
2874886
2874887
2874888
2874889
2874890
2874891
2874892
2874893
2875326
2875327
2875328
2875358
2875492
2875493
2875494
2875495
2875496
2875658
2875659
2875660
2875661
2875662
2875664
2875666
2875667
2875668
2875669
2875670
2875671
2875672
2875673
2875674
2875675
2875676
2875677
2875678
2875679
2875680
2875681
2875682
2875683
2875684
2875690
2875705
2875712
2875713
2875718
2875722
2875723
2875796
2875798
2875809
2875812
2875814
2875815
2875817
2875818
2875819
2875820
2875821
2875838
2875839
2875840
2875841
2875843
2875845
2875869
2875881
2875968
2875969
2875970
2876033
2876046
2876083
2876085
2876086
2876111
2876201
2876205
2876207
2876208
2876210
2876568
2876569
2876570
2876571
2876595
2876596
2876597
2876608
2876716
2876724
2876728
2876729
2876730
2876731
2876732
2876782
2876783
2876784
2876785
2876786
2876790
2876922
2877428
2877436
2877469
2877470
2877471
2877472
2877473
2877474
2877475
2877476
2877477
2877478
2877479
2877480
2877481
2877482
2877483
2877484
2877485
2877486
2877487
2877488
2877489
2877490
2877491
2877492
2877493
2877494
2877495
2877496
2877497
2877498
2877499
2877500
2877501
2877502
2877503
2877504
2877505
2877506
2877507
2877508
2877509
2877510
2877511
2877512
2877522
2877852
2877864
2877865
2877931
2877935
2877937
2877942
2877945
2877946
2877980
2877985
2877986
2877987
2877989
2877990
2877991
2877992
2877993
2877994
2877995
2877996
2877997
2878000
2878002
2878003
2878005
2878006
2878007
2878008
2878009
2878010
2878011
2878012
2878085
2878088
2878089
2878090
2878091
2878260
2878264
2878267
2878269
2878338
2878557
2878718
2878719
2878720
2879120
2879123
2879207
2879287
2879288
2879392
2879580
2879879
2879880
2879881
2879882
2879883
2879884
2879885
2879886
2879887
2879888
2879889
2879890
2879891
2879892
2879893
2879894
2879895
2879897
2879898
2879899
2879900
2879901
2879902
2879903
2879904
2879905
2879906
2879907
2879908
2879909
2879910
2879941
2879967
2880252
2880253
2880254
2880255
2880256
2880267
2880268
2880269
2880270
2880271
2880272
2880273
2880274
2880275
2880276
2880277
2880278
2880361
2880362
2880538
2880539
2880540
2880541
2880542
2880837
2880838
2880839
2880881
2880884
2880885
2880886
2880887
2880888
2880889
2880890
2880891
2880892
2880893
2880894
2880895
2880896
2880897
2880936
2880939
2880950
2880953
2880955
2880956
2880957
2880959
2880993
2880994
2881011
2881033
2881174
2881176
2881177
2881178
2881179
2881181
2881182
2881183
2881191
2881193
2881194
2881221
2881391
2881397
2881398
2881399
2881400
2881402
2883041
2883092
2883137
2883140
2883572
2883584
2883585
2883586
2883587
2883588
2883589
2883590
2883715
2883716
2883717
2883718
2883719
2883720
2883721
2883722
2883723
2883724
2883725
2883727
2883728
2883936
2883940
2883941
2883942
2883943
2883944
2883945
2883946
2883949
2884083
2884179
2884278
2884319
2884320
2884321
2884322
2884323
2884324
2884325
2884343
2884344
2884345
2884346
2884419
2884420
2884421
2884422
2884423
2884424
2884426
2884427
2884430
2884451
2884452
2884453
2884705
2884706
2884900
2885085
2885086
2885087
2885089
2885090
2885152
2885153
2885250
2885353
2885684
2885685
2885686
2885687
2885715
2885846
2885909
2885911
2885915
2885922
2885927
2885928
2885929
2885972
2885973
2885974
2885975
2885976
2885979
2885980
2885981
2885982
2885983
2885984
2885988
2885989
2886014
2886015
2886031
2886032
2886033
2886034
2886035
2886036
2886042
2886105
2886106
2886109
2886209
2886210
2886211
2886213
2886217
2886218
2886219
2886220
2886221
2886222
2886223
2886224
2886225
2886226
2886228
2886230
2886231
2886232
2886233
2886235
2886236
2886237
2886238
2886239
2886363
2886364
2886396
2886398
2886402
2886408
2886409
2886410
2886411
2886412
2886413
2886414
2886415
2886416
2886417
2886420
2886421
2886423
2886425
2886426
2886427
2886428
2886430
2886432
2886433
2886436
2886439
2886440
2886441
2886442
2886443
2886444
2886445
2886446
2886447
2886448
2886449
2886450
2886451
2886453
2886454
2886455
2886456
2886457
2886458
2886459
2886460
2886461
2886462
2886463
2886464
2886465
2886466
2886467
2886468
2886469
2886470
2886471
2886472
2886473
2886474
2886475
2886476
2886478
2886479
2886480
2886481
2886482
2886483
2886484
2886485
2886486
2886487
2886488
2886489
2886490
2886491
2886492
2886493
2886494
2886495
2886496
2886497
2886498
2886499
2886500
2886501
2886502
2886503
2886504
2886894
2886897
2886898
2886899
2886900
2886901
2886902
2886918
2886919
2886922
2886925
2886926
2886930
2887182
2888281
2888284
2888520
2888736
2890879
2890914
2890915
2890957
2890960
2890963
2891194
2891195
2891196
2891197
2891198
2891199
2891200
2891232
2891525
2891955
2891956
2891957
2891958
2891959
2891968
2892032
2892033
2892034
2892339
2892340
2892341
2892342
2892343
2892344
2892345
2892346
2892347
2892349
2892351
2892532
2892537
2892542
2892543
2892544
2892547
2892548
2892549
2892550
2892551
2892553
2892554
2892555
2892858
2893232
2893233
2893764
2893787
2893788
2893790
2893791
2893792
2893794
2893953
2893954
2893979
2893980
2893983
2893984
2893985
2893988
2894000
2894001
2894002
2894003
2894004
2894005
2894006
2894007
2894286
2894287
2894288
2894289
2894290
2894291
2894292
2894293
2894297
2894298
2894299
2894300
2894301
2894302
2894303
2894304
2894305
2894335
2894336
2894344
2894347
2894348
2894352
2894355
2894356
2894359
2894361
2894362
2894364
2894367
2894393
2894394
2894395
2894396
2894397
2894399
2894400
2894426
2894560
2894580
2894581
2894584
2894585
2894587
2894588
2894591
2894592
2894593
2894594
2894718
2894719
2894720
2894722
2894723
2894724
2894725
2894732
2894733
2894734
2894735
2894736
2894737
2894739
2894740
2894741
2894742
2894743
2894744
2894745
2894746
2894747
2894749
2894750
2894751
2894752
2894753
2894773
2894774
2894775
2894777
2894778
2894779
2894780
2894781
2894783
2894784
2894786
2894787
2894788
2894789
2894790
2894791
2894793
2894794
2894795
2894796
2894797
2894798
2894799
2894800
2894801
2894802
2894803
2894804
2894805
2894806
2894807
2894808
2894809
2894928
2894929
2895571
2895572
2895576
2895592
2895597
2895600
2895606
2895608
2895610
2895615
2895618
2895619
2896642
2896807
2897164
2897165
2897410
2897424
2897426
2898444
2898445
2898447
2898448
2898449
2898450
2898451
2898457
2898538
2898539
2898540
2898541
2898543
2898833
2898834
2898836
2898837
2898838
2898856
2899247
2899248
2899249
2899250
2899278
2899279
2899741
2899887
2900126
2900127
2900128
2900133
2900137
2900147
2900148
2900267
2900268
2900269
2900270
2900271
2900272
2900273
2900296
2900297
2900301
2900302
2900303
2900304
2900307
2900313
2900314
2900318
2900330
2900331
2900338
2900339
2900353
2900368
2900370
2900371
2900376
2900379
2900380
2900381
2900382
2900384
2900386
2900389
2900391
2900392
2900393
2900394
2900445
2900446
2900447
2900448
2900449
2900451
2900453
2900455
2900456
2900457
2900458
2900459
2900460
2900461
2900463
2900464
2900465
2900466
2900467
2900468
2900469
2900474
2900476
2900477
2900478
2900479
2900510
2900512
2900513
2900515
2900516
2900517
2900518
2900520
2900521
2900522
2901176
2901257
2901259
2901260
2901266
2901267
2901268
2901269
2901270
2901273
2901274
2901325
2901837
2901879
2902179
2902615
2902616
2902617
2902618
2902619
2902638
2902639
2902640
2902641
2902642
2902660
2902661
2902662
2902663
2902664
2902666
2902667
2902668
2902670
2902672
2902673
2902674
2902677
2902678
2902680
2902681
2902682
2902683
2902685
2902688
2902689
2902690
2902691
2902692
2902744
2902745
2902746
2902747
2902768
2902769
2902788
2902792
2902794
2902800
2902832
2902837
2902838
2902839
2902840
2902841
2902842
2902881
2902882
2902889
2902890
2902891
2902892
2902893
2902900
2902904
2902905
2902907
2902918
2902922
2902923
2902924
2902925
2902926
2902927
2902928
2902929
2902932
2902935
2902938
2902939
2902940
2902941
2902943
2902944
2902946
2902947
2902950
2902952
2902965
2902966
2902967
2902968
2902969
2902970
2902971
2902972
2902973
2902974
2902975
2902976
2902977
2902978
2902979
2902980
2902981
2902982
2902983
2902984
2902985
2902986
2902987
2902988
2902989
2902990
2902991
2902992
2902993
2902994
2902995
2902996
2902997
2902998
2902999
2903000
2903001
2903002
2903003
2903004
2903005
2903006
2903007
2903008
2903009
2903010
2903011
2903012
2903013
2903014
2903015
2903016
2903017
2903018
2903019
2903020
2903021
2903022
2903023
2903024
2903025
2903027
2903028
2903029
2903031
2903034
2903037
2903038
2903039
2903041
2903048
2903049
2903050
2903051
2903052
2903053
2903070
2903072
2903074
2903075
2903076
2903077
2903078
2903080
2903081
2903087
2903091
2903092
2903093
2903094
2903095
2903096
2903097
2903266
2903992
2904307
2904308
2904309
2904328
2904329
2904389
2904390
2904484
2904485
2904596
2904709
2904711
2904734
2904735
2904736
2904737
2904738
2904739
2904740
2904742
2904743
2904744
2904745
2904746
2904747
2904748
2904749
2904750
2904751
2904753
2904754
2904755
2904756
2904757
2904758
2904759
2904783
2904794
2904795
2904964
2904967
2904968
2904969
2904970
2904971
2904972
2904973
2905229
2905236
2905237
2905239
2905240
2905242
2905244
2905245
2905246
2905247
2905248
2905249
2905250
2905251
2905252
2905253
2905254
2905255
2905256
2905258
2905259
2905260
2905264
2905266
2905267
2905268
2905269
2905270
2905271
2905273
2905280
2905281
2905282
2905283
2905285
2905286
2905287
2905288
2905289
2905290
2905291
2905292
2905293
2905294
2905295
2905296
2905297
2905298
2905299
2905300
2905301
2905302
2905303
2905304
2905305
2905306
2905307
2905308
2905309
2905310
2905311
2905312
2905313
2905314
2905315
2905316
2905317
2905318
2905319
2905320
2905321
2905322
2905323
2905324
2905326
2905328
2905330
2905333
2905334
2905392
2905393
2905396
2905397
2905398
2905399
2905400
2905401
2905402
2905403
2905404
2905405
2905406
2905407
2905408
2905409
2905410
2905411
2905412
2905414
2905415
2905416
2905421
2905429
2905432
2905433
2905434
2905436
2905439
2905440
2905441
2905442
2905443
2905444
2905445
2905446
2905447
2905448
2905449
2905450
2905451
2905452
2905453
2905454
2905455
2905456
2905457
2905458
2905459
2905460
2905461
2905462
2905463
2905464
2905465
2905466
2905467
2905468
2905469
2905470
2905471
2905472
2905473
2905474
2905475
2905476
2905477
2905478
2905479
2905480
2905481
2905482
2905483
2905484
2905485
2905486
2905487
2905488
2905489
2905490
2905491
2905492
2905493
2905494
2905495
2905497
2905498
2905499
2905500
2905501
2905502
2905503
2905504
2905505
2905506
2905507
2905508
2905509
2905510
2905511
2905512
2905513
2905514
2905515
2905516
2905517
2905518
2905519
2905520
2905521
2905522
2905523
2905524
2905525
2905526
2905527
2905528
2905529
2905530
2905531
2905532
2905535
2905536
2905537
2905538
2905539
2905541
2905542
2905543
2905544
2905545
2905546
2905547
2905549
2905550
2905551
2905552
2905555
2905558
2905560
2905561
2905562
2905563
2905564
2905565
2905566
2905567
2905568
2905569
2905570
2905571
2905572
2905573
2905574
2905575
2905576
2905577
2905593
2905595
2905596
2905597
2905598
2905599
2905601
2905603
2905604
2905605
2905606
2905607
2905610
2905611
2905613
2905614
2905616
2905617
2905619
2905620
2905621
2905673
2905674
2905675
2905681
2905685
2905688
2905721
2905727
2905728
2905753
2905867
2905917
2905920
2905923
2905945
2905946
2905947
2905959
2905964
2906028
2906029
2906169
2906466
2906467
2906468
2906560
2906561
2906742
2906743
2906745
2906746
2906747
2906748
2906749
2906751
2906754
2906756
2907222
2907260
2907261
2907262
2907263
2907264
2907265
2907266
2907267
2907268
2907269
2907270
2907271
2907272
2907274
2907275
2907276
2907277
2907278
2907279
2907280
2907281
2907282
2907283
2907284
2907285
2907286
2907287
2907288
2907796
2907829
2907830
2907831
2907832
2907833
2907834
2907835
2907836
2907837
2907838
2907839
2907955
2907956
2907957
2907958
2907964
2907992
2908011
2908018
2908095
2908096
2908097
2908098
2908099
2908102
2908105
2908111
2908113
2908115
2908151
2908152
2908166
2908167
2908168
2908169
2908172
2908173
2908224
2908236
2908237
2908238
2908239
2908240
2908256
2908259
2908260
2908261
2908262
2908263
2908264
2908616
2908628
2908629
2908630
2908631
2908634
2908635
2908636
2908714
2908744
2908745
2908746
2909139
2909140
2909202
2909205
2909206
2909207
2909208
2909209
2909210
2909211
2909267
2909297
2909581
2909582
2909584
2909703
2909736
2909738
2909739
2909742
2909743
2909744
2909745
2909746
2909747
2909748
2910155
2910156
2910190
2910191
2910194
2910195
2910303
2910304
2910308
2910309
2910310
2910311
2910314
2910316
2910317
2910318
2910319
2910320
2910321
2910322
2910323
2910324
2910325
2910326
2910327
2910328
2910329
2910330
2910331
2910333
2910334
2910335
2910336
2910338
2910339
2910340
2910341
2910342
2910343
2910344
2910346
2910347
2910348
2910349
2910350
2910351
2910353
2910354
2910356
2910357
2910359
2910360
2910361
2910362
2910363
2910364
2910365
2910366
2910367
2910368
2910369
2910370
2910371
2910372
2910373
2910376
2910378
2910379
2910381
2910382
2910383
2910386
2910388
2910390
2910392
2910394
2910397
2910402
2910406
2910407
2910408
2910752
2910753
2910754
2910755
2910756
2910757
2910758
2910759
2910760
2910761
2910762
2910763
2910764
2910767
2910768
2910775
2910776
2910779
2910780
2910781
2910783
2910784
2910785
2910786
2910925
2910926
2910927
2910932
2910934
2910935
2910936
2910937
2910938
2910939
2910940
2910948
2910949
2910950
2910951
2910954
2910955
2910956
2910957
2910958
2910959
2910960
2911153
2911154
2911155
2911156
2911157
2911158
2911159
2911160
2911161
2911162
2911163
2911164
2911430
2911431
2911432
2911433
2911435
2911440
2911441
2911442
2911450
2911452
2911453
2911454
2911456
2911457
2911458
2911459
2911460
2911461
2911462
2911463
2911464
2911465
2911466
2911487
2911488
2911511
2911515
2911581
2911644
2911656
2911659
2911660
2911661
2911663
2911664
2911665
2911669
2911670
2911671
2911672
2911950
2911951
2911952
2911953
2911954
2911955
2911957
2911958
2911959
2911960
2911961
2911962
2911963
2911964
2911989
2911990
2911991
2911992
2911993
2911994
2911995
2911996
2911997
2911998
2911999
2912000
2912001
2912002
2912003
2912239
2912240
2912287
2912288
2912289
2912290
2912291
2912292
2912293
2912294
2912295
2912296
2912297
2912298
2912299
2912300
2912301
2912303
2912448
2912451
2912455
2912554
2912556
2912558
2912559
2912560
2912595
2912606
2912627
2912645
2912646
2912647
2912648
2912649
2912650
2912651
2912653
2912654
2912656
2912657
2912676
2912677
2912685
2912686
2912687
2912690
2912691
2912692
2912694
2912695
2912696
2912697
2912699
2912700
2912701
2912704
2912708
2912709
2912710
2912713
2912714
2912715
2912716
2912717
2912737
2912739
2912861
2912877
2912878
2912894
2912895
2912896
2912970
2912971
2912972
2912973
2912974
2912975
2912976
2912977
2913092
2913128
2913129
2913140
2913280
2913378
2913379
2913380
2913381
2913382
2913383
2913384
2913385
2913386
2913387
2913388
2913392
2913442
2913443
2913444
2913445
2913478
2913520
2913600
2913605
2913643
2913644
2913659
2913660
2913702
2913883
2913884
2913972
2913974
2913975
2913976
2913977
2913978
2913979
2913981
2913982
2914003
2914004
2914005
2914006
2914007
2914009
2914010
2914011
2914012
2914013
2914014
2914015
2914016
2914017
2914018
2914019
2914020
2914021
2914022
2914023
2914024
2914025
2914026
2914027
2914028
2914029
2914035
2914037
2914160
2914166
2914167
2914168
2914169
2914171
2914174
2914178
2914179
2914180
2914220
2914438
2914441
2914442
2914443
2914444
2914445
2914446
2914449
2914450
2914452
2914454
2914455
2914456
2914457
2914458
2914459
2914460
2914462
2914463
2914464
2914466
2914467
2914468
2914469
2914470
2914471
2914472
2914473
2914474
2914475
2914476
2914477
2914480
2914481
2914482
2914483
2914485
2914486
2914488
2914489
2914490
2914491
2914492
2914493
2914494
2914495
2914496
2914497
2914500
2914501
2914502
2914503
2914504
2914505
2914506
2914840
2914842
2914843
2914844
2914845
2914848
2914850
2914851
2914852
2914853
2914854
2914855
2914856
2914857
2914859
2914860
2914861
2914862
2914863
2914864
2914865
2915134
2915135
2915136
2915137
2915329
2915331
2915342
2915343
2915344
2915345
2915629
2916411
2916630
2916822
2916840
2916841
2916844
2916848
2916849
2916853
2916854
2916856
2916857
2916962
2916963
2916975
2916976
2916977
2916986
2917113
2917160
2917161
2917162
2917164
2917165
2917166
2917167
2917169
2917171
2917172
2917173
2917174
2917175
2917176
2917177
2917178
2917179
2917180
2917181
2917182
2917183
2917184
2917185
2917187
2917188
2917190
2917191
2917255
2917256
2917257
2917258
2917285
2917287
2917289
2917291
2917292
2917295
2917312
2917313
2917314
2917315
2917317
2917318
2917319
2917320
2917333
2917347
2917348
2917416
2917704
2917961
2917962
2917963
2917964
2917966
2917967
2917968
2917969
2917999
2918173
2918174
2918175
2918176
2918177
2918178
2918179
2918180
2918264
2918517
2918648
2918649
2918650
2918789
2918832
2918862
2918863
2918864
2918865
2918866
2918867
2918868
2918869
2918870
2918871
2918872
2918873
2918874
2918875
2918876
2918878
2918879
2918880
2918896
2918897
2918919
2918920
2918921
2918925
2918926
2918927
2919011
2919012
2919016
2919017
2919019
2919020
2919373
2919396
2919398
2919399
2919405
2919543
2919544
2919545
2919546
2919547
2919548
2919549
2919550
2919551
2919552
2919553
2919554
2919571
2919572
2919573
2919574
2919575
2919602
2919880
2919882
2919931
2919932
2920245
2920374
2920377
2920400
2920406
2920407
2920408
2920409
2920410
2920411
2920412
2920413
2920414
2920415
2920424
2920425
2920426
2920427
2920429
2920431
2920432
2920433
2920434
2920435
2920436
2920437
2920438
2920439
2920440
2920441
2920442
2920443
2920449
2920452
2920453
2920456
2920457
2920460
2920463
2920464
2920465
2920466
2920467
2920469
2920473
2920478
2920483
2920486
2920487
2920488
2920489
2920491
2920493
2920882
2920883
2920884
2920885
2920886
2920887
2920889
2920891
2920892
2920894
2920920
2920921
2920922
2920923
2920924
2920927
2920928
2920929
2920930
2920931
2920932
2920962
2920963
2920964
2920967
2921186
2921202
2921203
2921204
2921205
2921206
2921207
2921208
2921209
2921210
2921211
2921212
2921213
2921214
2921215
2921225
2921226
2921227
2921228
2921229
2921230
2921231
2921232
2921233
2921234
2921312
2922203
2922204
2922205
2922210
2922211
2922212
2922213
2922214
2922215
2922216
2922217
2922218
2922219
2922220
2922221
2922222
2922223
2922271
2922274
2922318
2922319
2922320
2922321
2922322
2922323
2922324
2922325
2922326
2922327
2922328
2922329
2922330
2922331
2922332
2922333
2922334
2922419
2922427
2922802
2922803
2922909
2922982
2922985
2922987
2922988
2922989
2922990
2922991
2922992
2922993
2922994
2922996
2922997
2922998
2922999
2923000
2923001
2923003
2923004
2923005
2923006
2923007
2923008
2923009
2923096
2923097
2923098
2923176
2923178
2923181
2923183
2923186
2923251
2923252
2923253
2923254
2923255
2923285
2923324
2923329
2923330
2923331
2923332
2923333
2923373
2923374
2924072
2924073
2924712
2924713
2924714
2924715
2924716
2924860
2924863
2924878
2924879
2924880
2924881
2924882
2924883
2924884
2924885
2924887
2924888
2924889
2924890
2924891
2924892
2924893
2924894
2924895
2924896
2924897
2924899
2924900
2924901
2924902
2924903
2924904
2924905
2924906
2924907
2924914
2924930
2924973
2925283
2925320
2925392
2925819
2925879
2925883
2926078
2926079
2926080
2926081
2926082
2926084
2926085
2926086
2926087
2926090
2926091
2926092
2926093
2926094
2926095
2926096
2926097
2926098
2926099
2926100
2926101
2926102
2926103
2926104
2926105
2926106
2926107
2926108
2926297
2926349
2926475
2926568
2926570
2926571
2926572
2926573
2926578
2926591
2926659
2926920
2927008
2927237
2927238
2927239
2927240
2927241
2927242
2927243
2927244
2927245
2927246
2927247
2927248
2927249
2927250
2927251
2927252
2927253
2927255
2927257
2927258
2927259
2927260
2927261
2927262
2927263
2927264
2927265
2927266
2927268
2927269
2927271
2927275
2927276
2927278
2927279
2927280
2927281
2927282
2927283
2927284
2927285
2927286
2927287
2927288
2927289
2927290
2927291
2927292
2927293
2927294
2927295
2927296
2927297
2927298
2927299
2927622
2927635
2927896
2927897
2927981
2927982
2927983
2927984
2927985
2927986
2927987
2927988
2927989
2927990
2927991
2927992
2928187
2928189
2928256
2928257
2928431
2928437
2928438
2928444
2928574
2928575
2928576
2928577
2928579
2928580
2928581
2928582
2928583
2928584
2928585
2928586
2928587
2928588
2928589
2928590
2928591
2928592
2928593
2928594
2928595
2928596
2928597
2928600
2928601
2928602
2928603
2928604
2928605
2928611
2928613
2928614
2928615
2928616
2928617
2928618
2928619
2928620
2928621
2928622
2928623
2928624
2928625
2928626
2928627
2928628
2928629
2928680
2928681
2928683
2928684
2928686
2928692
2928718
2928722
2928723
2928724
2928725
2928726
2928727
2928746
2928750
2928751
2928752
2928754
2928757
2928829
2928830
2928831
2928832
2928836
2928837
2928840
2928844
2928845
2928846
2928847
2928849
2928850
2928859
2928860
2928861
2928862
2928863
2928864
2928865
2928866
2928867
2928868
2928869
2928871
2928872
2928873
2928874
2928878
2928879
2928880
2928881
2928882
2928883
2928884
2928885
2928886
2928887
2928888
2928889
2928890
2928898
2928899
2928900
2928901
2928902
2928903
2928904
2928905
2928906
2928907
2928908
2928909
2928910
2928911
2928912
2928913
2928914
2928915
2928916
2928917
2928918
2928919
2928923
2928924
2928925
2928926
2928927
2928928
2928929
2928956
2928958
2928960
2928961
2928971
2928972
2928973
2928974
2928975
2928976
2928977
2928978
2928979
2928980
2928981
2928982
2928983
2928984
2928985
2928986
2928987
2928988
2928989
2928990
2929000
2929001
2929002
2929003
2929004
2929005
2929006
2929007
2929008
2929009
2929010
2929011
2929177
2929218
2929219
2929223
2929224
2929225
2929226
2929228
2929230
2929232
2929234
2929235
2929236
2929237
2929238
2929239
2929240
2929242
2929243
2929244
2929245
2929246
2929248
2929249
2929251
2929252
2929253
2929254
2929255
2929262
2929263
2929264
2929265
2929266
2929267
2929268
2929270
2929272
2929273
2929274
2929275
2929278
2929279
2929280
2929281
2929282
2929283
2929284
2929285
2929287
2929288
2929289
2929290
2929291
2929292
2929294
2929297
2929298
2929299
2929300
2929301
2929302
2929303
2929304
2929305
2929306
2929307
2929308
2929309
2929310
2929311
2929312
2929313
2929314
2929315
2929316
2929317
2929318
2929320
2929321
2929323
2929325
2929328
2929329
2929330
2929331
2929332
2929333
2929335
2929336
2929337
2929338
2929339
2929340
2929341
2929342
2929343
2929344
2929346
2929347
2929348
2929350
2929351
2929352
2929353
2929354
2929355
2929356
2929359
2929361
2929363
2929364
2929365
2929366
2929367
2929368
2929369
2929370
2929371
2929373
2929374
2929375
2929376
2929377
2929379
2929380
2929381
2929382
2929383
2929384
2929385
2929386
2929387
2929388
2929389
2929390
2929392
2929396
2929398
2929399
2929400
2929401
2929402
2929404
2929405
2929406
2929407
2929408
2929409
2929410
2929411
2929412
2929413
2929414
2929415
2929416
2929417
2929418
2929420
2929421
2929423
2929424
2929425
2929426
2929427
2929428
2929429
2929430
2929431
2929432
2929433
2929434
2929435
2929436
2929437
2929438
2929439
2929440
2929441
2929442
2929443
2929444
2929445
2929446
2929447
2929448
2929449
2929450
2929452
2929453
2929454
2929628
2929636
2929637
2929638
2929639
2929640
2929641
2929642
2929643
2929644
2929645
2929646
2929647
2929648
2929649
2929650
2929651
2929652
2929653
2929913
2930168
2930201
2930315
2930316
2930318
2930328
2930329
2930331
2930332
2930333
2930334
2930338
2930339
2930340
2930341
2930342
2930343
2930344
2930390
2930391
2930392
2930393
2930394
2930395
2930396
2930397
2930398
2930399
2930533
2930534
2930535
2930536
2931417
2931826
2931827
2931828
2931829
2931830
2932495
2932496
2932672
2932673
2932678
2932679
2932851
2932852
2932853
2932854
2932855
2932856
2932857
2932859
2932860
2932861
2932862
2932863
2932865
2932867
2932870
2932871
2932872
2932873
2932874
2932875
2932876
2932877
2932878
2932879
2932880
2932881
2932882
2932888
2933069
2933070
2933071
2933072
2933073
2933074
2933079
2933080
2933081
2933082
2933088
2933089
2933090
2933091
2933092
2933093
2933094
2933095
2933097
2933098
2933099
2933100
2933103
2933105
2933106
2933108
2933109
2933110
2933111
2933112
2933115
2933116
2933119
2933123
2933124
2933125
2933130
2933131
2933132
2933134
2933136
2933137
2933138
2933143
2933144
2933146
2933147
2933148
2933149
2933167
2933169
2933170
2933171
2933173
2933177
2933179
2933180
2933183
2933186
2933188
2933189
2933190
2933191
2933218
2933219
2933220
2933221
2933222
2933223
2933224
2933225
2933226
2933227
2933228
2933229
2933230
2933231
2933232
2933233
2933234
2933235
2933244
2933245
2933247
2933248
2933249
2933250
2933251
2933252
2933253
2933254
2933255
2933256
2933257
2933258
2933259
2933275
2933280
2933357
2933358
2933359
2933361
2933363
2933364
2933365
2933366
2933367
2933368
2933369
2933370
2933371
2933372
2933656
2933657
2933658
2933660
2933661
2933662
2933663
2933664
2933665
2933666
2933667
2933669
2933670
2933671
2933672
2933673
2933674
2933675
2933676
2933677
2933678
2933681
2933682
2933683
2933684
2933685
2933686
2933687
2933688
2933689
2933690
2933691
2933692
2933693
2933694
2933695
2933696
2933698
2933700
2933703
2933704
2933706
2933708
2933709
2933710
2933711
2933712
2933713
2933714
2933715
2933716
2933717
2933718
2933719
2933720
2933722
2933723
2933724
2933725
2933726
2933727
2933728
2933729
2933730
2933732
2933734
2933736
2933737
2933738
2933739
2933740
2933741
2933742
2933744
2933792
2933796
2933955
2933956
2933957
2933958
2933966
2933969
2934243
2934244
2934317
2934921
2935022
2935023
2935024
2935060
2935061
2935062
2935083
2935085
2935507
2935508
2935510
2935511
2935708
2935709
2935722
2935723
2935725
2935726
2935728
2935729
2935730
2935732
2935733
2935734
2935736
2935866
2936457
2936515
2936516
2936517
2936518
2936519
2936520
2936521
2936529
2936531
2936533
2936536
2936537
2936539
2936540
2936541
2936542
2936543
2936547
2936548
2936549
2936550
2936551
2936552
2936553
2936554
2936555
2936561
2936572
2936613
2936645
2936646
2936648
2936685
2936686
2936687
2936688
2936689
2936690
2936691
2936692
2936693
2936695
2936696
2936697
2936812
2936813
2936814
2936815
2936816
2936817
2936818
2936822
2936831
2936871
2936889
2936906
2936907
2936908
2936909
2936911
2936912
2936913
2936914
2936915
2936916
2936917
2936918
2936919
2936922
2936924
2936925
2936927
2936928
2936938
2936940
2936941
2936943
2936944
2936945
2936946
2936947
2936949
2936950
2936951
2936952
2936953
2936954
2936955
2936956
2936957
2936958
2936959
2936960
2936961
2936962
2936963
2936964
2936965
2936966
2936967
2936968
2936969
2936970
2936971
2936972
2936973
2936974
2936975
2936976
2936977
2936978
2936979
2936980
2936981
2936994
2936995
2936996
2936997
2936998
2937000
2937001
2937003
2937004
2937005
2937006
2937007
2937008
2937016
2937017
2937019
2937020
2937022
2937024
2937025
2937026
2937027
2937028
2937029
2937041
2937042
2937043
2937044
2937045
2937046
2937047
2937049
2937050
2937051
2937053
2937054
2937055
2937057
2937058
2937059
2937060
2937061
2937062
2937066
2937067
2937068
2937069
2937070
2937071
2937072
2937073
2937077
2937078
2937079
2937080
2937081
2937082
2937083
2937087
2937089
2937090
2937091
2937093
2937094
2937095
2937096
2937097
2937098
2937099
2937100
2937101
2937102
2937103
2937104
2937105
2937106
2937107
2937108
2937109
2937110
2937111
2937112
2937113
2937114
2937115
2937117
2937118
2937119
2937120
2937121
2937122
2937123
2937125
2937126
2937127
2937128
2937129
2937131
2937132
2937133
2937134
2937135
2937136
2937137
2937138
2937139
2937140
2937141
2937144
2937145
2937146
2937147
2937148
2937149
2937150
2937151
2937152
2937153
2937154
2937155
2937157
2937158
2937159
2937161
2937162
2937164
2937167
2937170
2937171
2937172
2937173
2937176
2937177
2937178
2937180
2937181
2937182
2937183
2937184
2937185
2937186
2937187
2937188
2937189
2937190
2937191
2937192
2937193
2937194
2937195
2937196
2937197
2937198
2937199
2937200
2937201
2937202
2937203
2937204
2937205
2937206
2937208
2937210
2937211
2937213
2937214
2937216
2937218
2937219
2937220
2937221
2937222
2937223
2937225
2937226
2937227
2937228
2937229
2937230
2937231
2937232
2937233
2937234
2937235
2937236
2937237
2937240
2937241
2937243
2937244
2937247
2937248
2937249
2937251
2937252
2937253
2937254
2937256
2937257
2937259
2937261
2937262
2937263
2937264
2937265
2937266
2937267
2937268
2937269
2937270
2937271
2937272
2937273
2937274
2937275
2937314
2937408
2937409
2937674
2937726
2937731
2937733
2937734
2937922
2937980
2938193
2938340
2938341
2938342
2938343
2938344
2938345
2938905
2938942
2938943
2938950
2938951
2939038
2939039
2939122
2939124
2939127
2939128
2939129
2939130
2939131
2939132
2939133
2939134
2939135
2939261
2939264
2939266
2939267
2939386
2939654
2939733
2939734
2939735
2939766
2940117
2940118
2940173
2940202
2940203
2940672
2940673
2940675
2940676
2940677
2940679
2940683
2940684
2940685
2940688
2940689
2940691
2940694
2940698
2940699
2940700
2940701
2940703
2940704
2940705
2940706
2940708
2940709
2940714
2940717
2940721
2940722
2940724
2940725
2940726
2940728
2940729
2940731
2940797
2940799
2940801
2940804
2940807
2940808
2940809
2940810
2940811
2940812
2940813
2940814
2940815
2940816
2940817
2940818
2940819
2940820
2940821
2940822
2940823
2940824
2940825
2940827
2940828
2940829
2940830
2940831
2940833
2940834
2940835
2940836
2940837
2940838
2940839
2940840
2940841
2940842
2940843
2940845
2940846
2940847
2940848
2940849
2940850
2940852
2940853
2940855
2940856
2940857
2940859
2940860
2940863
2940865
2940870
2940871
2940872
2940873
2940876
2940877
2940878
2940879
2940881
2940882
2940883
2940886
2940887
2940888
2940889
2940890
2940891
2940892
2940893
2940894
2940896
2940897
2940898
2940899
2940900
2940901
2940902
2940903
2940904
2940905
2940906
2940907
2940908
2940909
2940910
2940911
2940912
2940913
2940914
2940915
2940916
2940918
2940919
2940920
2940922
2940923
2940924
2940925
2940929
2940937
2940938
2940939
2940940
2940941
2940942
2940944
2940947
2940948
2940949
2940950
2940951
2940952
2940953
2940954
2940956
2940957
2940958
2940959
2940960
2940961
2940963
2940964
2940965
2940985
2940986
2940987
2940988
2940989
2940990
2940991
2940992
2940993
2940994
2940995
2940996
2940997
2941072
2941073
2941078
2941079
2941080
2941081
2941083
2941084
2941085
2941086
2941087
2941088
2941089
2941090
2941091
2941092
2941095
2941096
2941097
2941098
2941099
2941100
2941101
2941102
2941103
2941104
2941105
2941107
2941110
2941112
2941116
2941118
2941119
2941120
2941121
2941122
2941126
2941127
2941128
2941129
2941130
2941131
2941132
2941134
2941136
2941137
2941139
2941140
2941141
2941142
2941143
2941145
2941146
2941147
2941148
2941149
2941150
2941151
2941152
2941154
2941161
2941162
2941165
2941167
2941168
2941170
2941171
2941172
2941173
2941174
2941176
2941177
2941179
2941180
2941183
2941184
2941185
2941186
2941187
2941188
2941189
2941190
2941191
2941192
2941193
2941194
2941195
2941196
2941197
2941198
2941199
2941200
2941201
2941202
2941203
2941204
2941205
2941344
2941346
2941347
2941356
2941357
2941358
2941359
2941362
2941363
2941364
2941365
2941366
2941367
2941368
2941370
2941371
2941372
2941373
2941379
2941380
2941383
2941384
2941389
2941390
2941391
2941395
2941396
2941397
2941398
2941399
2941400
2941401
2941402
2941403
2941404
2941405
2941407
2941409
2941415
2941416
2941420
2941421
2941422
2941425
2941426
2941427
2941428
2941429
2941430
2941431
2941432
2941433
2941434
2941435
2941437
2941438
2941441
2941443
2941444
2941446
2941447
2941448
2941450
2941452
2941454
2941455
2941456
2941458
2941460
2941462
2941463
2941464
2941466
2941467
2941469
2941470
2941471
2941472
2941473
2941474
2941475
2941476
2941477
2941478
2941479
2941480
2941481
2941483
2941484
2941485
2941486
2941487
2941488
2941489
2942126
2942216
2942219
2942220
2942676
2942677
2942678
2942679
2942680
2942681
2942888
2942894
2942963
2942964
2942965
2942966
2942967
2942968
2942969
2942970
2942971
2942972
2942973
2942974
2942975
2942976
2942977
2942978
2942979
2942980
2942981
2942982
2942989
2942990
2942991
2942992
2942993
2942994
2942995
2943001
2943002
2943003
2943004
2943005
2943006
2943007
2943008
2943009
2943010
2943011
2943012
2943013
2943014
2943015
2943016
2943017
2943018
2943019
2943020
2943190
2943831
2943832
2943833
2943834
2943835
2943836
2943837
2943838
2943839
2943840
2943841
2943843
2943844
2943855
2944249
2944258
2944541
2944542
2944543
2944544
2944624
2944625
2944626
2944654
2944657
2944666
2944669
2944714
2944756
2944849
2944850
2944951
2944952
2944954
2944956
2945128
2945129
2945130
2945131
2945715
2945892
2945893
2945895
2945902
2945904
2945915
2945916
2945923
2945929
2945937
2945938
2945941
2945945
2945954
2945955
2945957
2945958
2945959
2945961
2945962
2945963
2945964
2945965
2945967
2945968
2945969
2945971
2945972
2945975
2945976
2945977
2945978
2945981
2945982
2945983
2945985
2945986
2945987
2946013
2946014
2946031
2946032
2946034
2946036
2946037
2946038
2946039
2946040
2946041
2946042
2946043
2946044
2946045
2946046
2946047
2946048
2946049
2946050
2946051
2946052
2946053
2946054
2946055
2946056
2946057
2946058
2946059
2946060
2946061
2946062
2946063
2946064
2946065
2946066
2946067
2946068
2946069
2946070
2946071
2946072
2946073
2946074
2946077
2946084
2946087
2946097
2946099
2946141
2946155
2946156
2946157
2946158
2946159
2946160
2946161
2946162
2946163
2946164
2946165
2946166
2946167
2946168
2946169
2946170
2946171
2946172
2946173
2946174
2946175
2946176
2946177
2946178
2946180
2946181
2946182
2946183
2946184
2946185
2946186
2946187
2946188
2946189
2946190
2946191
2946193
2946194
2946195
2946196
2946197
2946586
2946623
2946624
2946625
2946626
2946627
2946628
2946629
2946630
2946631
2946632
2946633
2946634
2946635
2946636
2946637
2946638
2946639
2946640
2946641
2946642
2946643
2946644
2946645
2946646
2946647
2946648
2946721
2946722
2946723
2946734
2946735
2946736
2946739
2946742
2946743
2946744
2946748
2946770
2946771
2946772
2946773
2946774
2946775
2946779
2946780
2946781
2946787
2946789
2946790
2946791
2946792
2946793
2946794
2946795
2946796
2946797
2946798
2946799
2946800
2946802
2946803
2946804
2946805
2946806
2946808
2946810
2946811
2946812
2946813
2946814
2946815
2946816
2946817
2946818
2946819
2946820
2946821
2946822
2946823
2946824
2946826
2946827
2946828
2946829
2946830
2946831
2946832
2946833
2946834
2946835
2946836
2948587
2948589
2948591
2948592
2948593
2948594
2948595
2948596
2948597
2948598
2948599
2948600
2948601
2948602
2948603
2948604
2948605
2948606
2948607
2948608
2948609
2948610
2948611
2948615
2948616
2948639
2948640
2948641
2948642
2948643
2948644
2948645
2948646
2948647
2948648
2948649
2948650
2948651
2948652
2948653
2948654
2948655
2948656
2948657
2948658
2948659
2948660
2948661
2948662
2948663
2948664
2948665
2948666
2948667
2948668
2948670
2948671
2948673
2948674
2948675
2948676
2948677
2948678
2948679
2948680
2948681
2948682
2948683
2948684
2948685
2948686
2948687
2948688
2948689
2948690
2948691
2948692
2948693
2948694
2948695
2948696
2948697
2948698
2948699
2948700
2948701
2948702
2948703
2948704
2948705
2948706
2948708
2948709
2948710
2948711
2948712
2948713
2948714
2948715
2948716
2948717
2948718
2948719
2948720
2948721
2948722
2948724
2948725
2948726
2948727
2948728
2948729
2948730
2948731
2948732
2948733
2948734
2948735
2948736
2948737
2948738
2948752
2948753
2948754
2948755
2948756
2948757
2948758
2948759
2948760
2948761
2948762
2948763
2948764
2948765
2948766
2948767
2948768
2948769
2948770
2948771
2948772
2948773
2948774
2948775
2948776
2948777
2948778
2948780
2948781
2948782
2948783
2948784
2948785
2948786
2948787
2948788
2948789
2948790
2948791
2948793
2948794
2948796
2948797
2948798
2948800
2948801
2948802
2948803
2948804
2948805
2948806
2948807
2948808
2948809
2948810
2948811
2948812
2948813
2948814
2948815
2948816
2948817
2948819
2948821
2948822
2948823
2948824
2948825
2948826
2948827
2948828
2948829
2948830
2948831
2948832
2948833
2948834
2948835
2948836
2948837
2948838
2948839
2948840
2948841
2948842
2948844
2948845
2948846
2948847
2948849
2948850
2948851
2948852
2948853
2948855
2948856
2948857
2948859
2948860
2948861
2948863
2948864
2948865
2948866
2948867
2948869
2948870
2948871
2948872
2948873
2948874
2948875
2948876
2948877
2948878
2948879
2948880
2948881
2948882
2948883
2948884
2948885
2948886
2948887
2948888
2948889
2948890
2948891
2948893
2948894
2948895
2948896
2948897
2948898
2948899
2948900
2948901
2948904
2948905
2948906
2948907
2948908
2948909
2948910
2948911
2948912
2948913
2948914
2948915
2948916
2948917
2948918
2948920
2948922
2948923
2948924
2948925
2948926
2948927
2948928
2948929
2948930
2948931
2948932
2948933
2948934
2948935
2948936
2948937
2948939
2948940
2948941
2948942
2948943
2948945
2948946
2948947
2948948
2948949
2948950
2948951
2948952
2948953
2948954
2948955
2948956
2948958
2948959
2948960
2948962
2948963
2949298
2949527
2949529
2949530
2949531
2949532
2949533
2949534
2949535
2949539
2949540
2949541
2949716
2949717
2949718
2949719
2949720
2949721
2949722
2949723
2949724
2949725
2949726
2949727
2950152
2950297
2950298
2950300
2950301
2950302
2950303
2950309
2950327
2950328
2950329
2950330
2950331
2950333
2950334
2950447
2950448
2950449
2950453
2950457
2950458
2950459
2950463
2950466
2950472
2950498
2950717
2950719
2950720
2950722
2950724
2950725
2950726
2950727
2950728
2950729
2950731
2950732
2950733
2950737
2950741
2950793
2950794
2950795
2950797
2950798
2950799
2950800
2950801
2950802
2950803
2950804
2950805
2950806
2950809
2950810
2950811
2950819
2950820
2950821
2950822
2950823
2950824
2950825
2950826
2950827
2950828
2950829
2950831
2950832
2950833
2950834
2950835
2950836
2950837
2950838
2950839
2950840
2950841
2950842
2950843
2950844
2950845
2950846
2950847
2950848
2950849
2950851
2950853
2950854
2950855
2950856
2950857
2950858
2950859
2950860
2950861
2950862
2950863
2950864
2950866
2950867
2950868
2950875
2950876
2950877
2950878
2950879
2950880
2950881
2950882
2950883
2950884
2950886
2950887
2950888
2950889
2950890
2950891
2951068
2951069
2951151
2951171
2951172
2951173
2951174
2951181
2951182
2951183
2951185
2951191
2951194
2951196
2951198
2951199
2951200
2951201
2951202
2951205
2951208
2951227
2951233
2951234
2951235
2951236
2951239
2951240
2951241
2951242
2951243
2951244
2951247
2951248
2951249
2951250
2951251
2951252
2951253
2951256
2951259
2951260
2951261
2951262
2951263
2951264
2951265
2951266
2951267
2951268
2951269
2951270
2951271
2951272
2951274
2951275
2951336
2951338
2951341
2951389
2951390
2951391
2951392
2951393
2951394
2951397
2951398
2951399
2951400
2951401
2951402
2951403
2951404
2951410
2951464
2951465
2951466
2951467
2951468
2951469
2951470
2951471
2951472
2951473
2951474
2951475
2951478
2951479
2951481
2951483
2951484
2951486
2951487
2951488
2951489
2951490
2951491
2951492
2951493
2951494
2951495
2951496
2951497
2951498
2951499
2951500
2951501
2951502
2951503
2951504
2951505
2951506
2951507
2951508
2951510
2951511
2951512
2951515
2951516
2951517
2951518
2951522
2951523
2951524
2951525
2951526
2951528
2951529
2951530
2951531
2951532
2951533
2951534
2951535
2951536
2951615
2951616
2951617
2951618
2951619
2951632
2951633
2951733
2951735
2951794
2951874
2951876
2951877
2951878
2951879
2951880
2951881
2951958
2951960
2951965
2951967
2951968
2951969
2951970
2951971
2951972
2951974
2951975
2951976
2951977
2951978
2952007
2952008
2952010
2952011
2952012
2952013
2952014
2952015
2952016
2952017
2952018
2952019
2952020
2952021
2952022
2952023
2952024
2952025
2952026
2952027
2952028
2952036
2952037
2952038
2952039
2952040
2952041
2952042
2952044
2952045
2952046
2952047
2952048
2952049
2952050
2952053
2952054
2952055
2952057
2952059
2952060
2952061
2952062
2952063
2952064
2952066
2952067
2952068
2952069
2952070
2952071
2952072
2952073
2952074
2952075
2952076
2952077
2952078
2952079
2952080
2952081
2952083
2952084
2952085
2952086
2952087
2952088
2952089
2952090
2952091
2952093
2952094
2952095
2952096
2952097
2952098
2952099
2952100
2952101
2952103
2952104
2952105
2952106
2952107
2952111
2952112
2952113
2952114
2952130
2952184
2952185
2952186
2952187
2952188
2952190
2952191
2952193
2952367
2952374
2952550
2952566
2952612
2952659
2952745
2952746
2953083
2953508
2953619
2953667
2953674
2954110
2954191
2954307
2954308
2954309
2954310
2954312
2954839
2954840
2954841
2954842
2954843
2954847
2954848
2954868
2955014
2955190
2955228
2955229
2955230
2955232
2955233
2955234
2955235
2955236
2955237
2955239
2955240
2955241
2955242
2955243
2955245
2955246
2955247
2955248
2955249
2955250
2955253
2955254
2955258
2955259
2955260
2955261
2955262
2955263
2955264
2955265
2955266
2955267
2955268
2955269
2955270
2955271
2955272
2955273
2955274
2955275
2955277
2955278
2955279
2955280
2955281
2955282
2955283
2955284
2955285
2955286
2955287
2955288
2955289
2955290
2955291
2955292
2955294
2955295
2955296
2955297
2955298
2955299
2955300
2955301
2955302
2955303
2955304
2955305
2955306
2955307
2955308
2955309
2955317
2955318
2955319
2955320
2955321
2955322
2955324
2955325
2955326
2955327
2955328
2955329
2955330
2955331
2955332
2955333
2955335
2955336
2955337
2955338
2955339
2955340
2955341
2955342
2955343
2955344
2955345
2955346
2955347
2955349
2955351
2955352
2955353
2955354
2955356
2955357
2955358
2955361
2955362
2955363
2955364
2955365
2955366
2955367
2955368
2955369
2955371
2955372
2955373
2955374
2955375
2955377
2955378
2955380
2955382
2955383
2955384
2955385
2955386
2955387
2955388
2955390
2955391
2955392
2955393
2955394
2955395
2955396
2955397
2955399
2955400
2955401
2955402
2955403
2955404
2955405
2955406
2955407
2955410
2955411
2955412
2955413
2955414
2955415
2955416
2955417
2955419
2955420
2955421
2955422
2955423
2955424
2955425
2955426
2955427
2955428
2955429
2955431
2955432
2955433
2955434
2955435
2955436
2955437
2955438
2955439
2955440
2955441
2955442
2955443
2955445
2955446
2955447
2955448
2955449
2955450
2955451
2955452
2955454
2955455
2955456
2955457
2955458
2955460
2955462
2955463
2955464
2955465
2955466
2955467
2955468
2955469
2955470
2955471
2955472
2955473
2955474
2955475
2955477
2955478
2955479
2955480
2955481
2955482
2955483
2955484
2955485
2955486
2955487
2955488
2955489
2955490
2955491
2955492
2955493
2955494
2955495
2955496
2955497
2955498
2955499
2955500
2955501
2955502
2955503
2955504
2955505
2955506
2955507
2955508
2955509
2955510
2955511
2955512
2955513
2955514
2955515
2955516
2955517
2955518
2955519
2955520
2955521
2955522
2955523
2955524
2955525
2955526
2955527
2955528
2955529
2955530
2955531
2955532
2955533
2955534
2955535
2955536
2955537
2955538
2955539
2955540
2955541
2955542
2955543
2955544
2955545
2955546
2955547
2955548
2955549
2955550
2955551
2955552
2955553
2955554
2955555
2955556
2955557
2955558
2955559
2955560
2955561
2955562
2955563
2955564
2955565
2955566
2955567
2955568
2955570
2955571
2955572
2955573
2955574
2955575
2955576
2955577
2955578
2955579
2955580
2955581
2955582
2955583
2955584
2955585
2955586
2955587
2955588
2955589
2955590
2955591
2955592
2955593
2955594
2955595
2955596
2955597
2955598
2955599
2955600
2955602
2955603
2955604
2955605
2955606
2955609
2955610
2955611
2955612
2955614
2955615
2955616
2955617
2955618
2955619
2955620
2955621
2955622
2955623
2955624
2955625
2955626
2955627
2955628
2955629
2955630
2955631
2955632
2955633
2955634
2955635
2955636
2955637
2955638
2955639
2955640
2955641
2955642
2955643
2955644
2955645
2955646
2955648
2955650
2955651
2955652
2955653
2955654
2955655
2955656
2955657
2955658
2955659
2955660
2955661
2955662
2955663
2955664
2955665
2955666
2955667
2955668
2955669
2955670
2955671
2955672
2955673
2955675
2955678
2955679
2955680
2955681
2955682
2955683
2955685
2955686
2955687
2955689
2955690
2955691
2955693
2955694
2955697
2955698
2955699
2955700
2955701
2955702
2955703
2955704
2955705
2955706
2955707
2955708
2955709
2955710
2955711
2955712
2955713
2955714
2955718
2955719
2955723
2955724
2955725
2955726
2955727
2955728
2955729
2955730
2955732
2955734
2955735
2955737
2955738
2955739
2955740
2955741
2955742
2955743
2955744
2955745
2955746
2955747
2955748
2955749
2955750
2955751
2955752
2955753
2955754
2955755
2955756
2955757
2955758
2955759
2955760
2955761
2955762
2955763
2955764
2955765
2955767
2955768
2955769
2955770
2955771
2955772
2955773
2955774
2955775
2955778
2955779
2955780
2955781
2955782
2955783
2955784
2955785
2955786
2955787
2955788
2955791
2955792
2955793
2955794
2955795
2955796
2955797
2955798
2955799
2955800
2955801
2955802
2955803
2955804
2955805
2955806
2955832
2955833
2955834
2955835
2955836
2955837
2955838
2955839
2955840
2955842
2955843
2955844
2955845
2955846
2955847
2955848
2955849
2955850
2955851
2955852
2955853
2955855
2955856
2955857
2955859
2955860
2955861
2955862
2955863
2955864
2955865
2955868
2955869
2955870
2955871
2955872
2955873
2955874
2955875
2955877
2955878
2955879
2955880
2955882
2955883
2955884
2955885
2955887
2955888
2955890
2955891
2955892
2955893
2955894
2955895
2955896
2955897
2955898
2955899
2955900
2955904
2955905
2955906
2955907
2955908
2955909
2955910
2955911
2955912
2955913
2955915
2955916
2955917
2955918
2955919
2955920
2955921
2955922
2955924
2955925
2955926
2955928
2955929
2955932
2955933
2955935
2955938
2955939
2955940
2955941
2955942
2955943
2955945
2955946
2955947
2955948
2955949
2955950
2955951
2955952
2955956
2955957
2955958
2955959
2955960
2955961
2955962
2955963
2955964
2955965
2955966
2955967
2955968
2955969
2955970
2955971
2955972
2955973
2955974
2955975
2955976
2955978
2955979
2955980
2955981
2955982
2955983
2955984
2955985
2955986
2955987
2955988
2955989
2955990
2955993
2955994
2955995
2955996
2955997
2955998
2955999
2956000
2956001
2956002
2956003
2956006
2956008
2956009
2956010
2956011
2956012
2956013
2956014
2956015
2956025
2956026
2956029
2956030
2956031
2956032
2956033
2956034
2956035
2956036
2956037
2956038
2956039
2956040
2956041
2956042
2956043
2956044
2956045
2956046
2956047
2956048
2956050
2956051
2956052
2956053
2956054
2956055
2956056
2956057
2956058
2956059
2956060
2956061
2956062
2956063
2956064
2956065
2956067
2956068
2956070
2956071
2956073
2956074
2956076
2956077
2956078
2956079
2956080
2956081
2956082
2956084
2956085
2956086
2956087
2956088
2956089
2956090
2956091
2956092
2956093
2956094
2956095
2956096
2956097
2956099
2956100
2956102
2956103
2956104
2956105
2956106
2956107
2956108
2956109
2956110
2956112
2956113
2956114
2956115
2956119
2956120
2956121
2956122
2956123
2956125
2956126
2956127
2956131
2956132
2956133
2956134
2956135
2956138
2956139
2956141
2956142
2956143
2956144
2956145
2956146
2956148
2956149
2956150
2956151
2956152
2956153
2956154
2956155
2956156
2956157
2956158
2956159
2956160
2956161
2956162
2956163
2956164
2956165
2956166
2956167
2956168
2956169
2956170
2956171
2956172
2956173
2956174
2956175
2956176
2956177
2956178
2956179
2956180
2956181
2956182
2956183
2956184
2956185
2956186
2956187
2956190
2956191
2956192
2956193
2956194
2956195
2956196
2956197
2956198
2956200
2956201
2956203
2956204
2956205
2956206
2956207
2956209
2956210
2956211
2956212
2956213
2956214
2956221
2956222
2956223
2956224
2956227
2956229
2956230
2956231
2956235
2956236
2956237
2956238
2956240
2956241
2956242
2956243
2956244
2956245
2956246
2956247
2956248
2956249
2956250
2956251
2956252
2956253
2956257
2956258
2956259
2956260
2956261
2956262
2956263
2956266
2956268
2956269
2956270
2956271
2956272
2956274
2956275
2956276
2956277
2956278
2956279
2956280
2956281
2956283
2956284
2956285
2956286
2956287
2956288
2956289
2956290
2956291
2956292
2956293
2956294
2956295
2956296
2956297
2956299
2956300
2956301
2956302
2956303
2956304
2956305
2956306
2956307
2956308
2956309
2956310
2956311
2956313
2956314
2956315
2956316
2956317
2956318
2956319
2956320
2956321
2956326
2956327
2956329
2956330
2956331
2956332
2956333
2956334
2956335
2956336
2956337
2956338
2956339
2956340
2956341
2956342
2956343
2956344
2956345
2956346
2956347
2956348
2956349
2956350
2956351
2956352
2956353
2956354
2956355
2956356
2956357
2956358
2956359
2956360
2956361
2956362
2956363
2956364
2956365
2956366
2956367
2956371
2956374
2956376
2956377
2956378
2956379
2956380
2956381
2956382
2956385
2956386
2956387
2956388
2956389
2956390
2956391
2956392
2956393
2956394
2956395
2956396
2956398
2956399
2956400
2956401
2956402
2956403
2956404
2956405
2956406
2956407
2956408
2956409
2956410
2956411
2956412
2956413
2956414
2956415
2956416
2956417
2956418
2956419
2956420
2956421
2956422
2956423
2956425
2956426
2956429
2956430
2956431
2956432
2956433
2956437
2956439
2956440
2956441
2956442
2956443
2956444
2956445
2956446
2956447
2956448
2956449
2956450
2956451
2956452
2956453
2956454
2956455
2956456
2956457
2956458
2956459
2956461
2956462
2956463
2956464
2956465
2956466
2956467
2956468
2956469
2956470
2956473
2956474
2956475
2956476
2956479
2956480
2956481
2956483
2956484
2956485
2956486
2956488
2956489
2956491
2956492
2956494
2956495
2956496
2956497
2956498
2956499
2956500
2956501
2956502
2956503
2956504
2956505
2956506
2956507
2956509
2956512
2956513
2956514
2956515
2956518
2956519
2956520
2956521
2956522
2956523
2956524
2956525
2956526
2956527
2956528
2956529
2956530
2956531
2956532
2956533
2956534
2956535
2956536
2956537
2956538
2956539
2956540
2956541
2956542
2956546
2956547
2956549
2956551
2956553
2956554
2956556
2956557
2956558
2956559
2956560
2956561
2956562
2956563
2956564
2956565
2956566
2956567
2956568
2956569
2956570
2956571
2956572
2956573
2956574
2956575
2956577
2956578
2956579
2956580
2956581
2956582
2956583
2956584
2956585
2956586
2956587
2956588
2956589
2956590
2956591
2956592
2956593
2956594
2956595
2956596
2956597
2956598
2956599
2956600
2956601
2956602
2956603
2956604
2956605
2956606
2956607
2956608
2956609
2956612
2956615
2956616
2956617
2956619
2956620
2956621
2956622
2956623
2956624
2956625
2956626
2956627
2956628
2956629
2956630
2956631
2956634
2956635
2956636
2956637
2956638
2956639
2956644
2956645
2956647
2956649
2956650
2956652
2956653
2956654
2956655
2956656
2956657
2956658
2956659
2956660
2956661
2956662
2956663
2956664
2956665
2956666
2956667
2956668
2956669
2956670
2956672
2956679
2956680
2956681
2956682
2956684
2956686
2956687
2956688
2956689
2956690
2956691
2956692
2956693
2956695
2956696
2956697
2956698
2956699
2956700
2956701
2956702
2956706
2956707
2956710
2956712
2956713
2956796
2957145
2957146
2957147
2957198
2957729
2957730
2957731
2957732
2957750
2959429
2959430
2959431
2959432
2959664
2959756
2959760
2959761
2959766
2959768
2959776
2959784
2959801
2959830
2959849
2959876
2959878
2959898
2959899
2959908
2959910
2959923
2959926
2959939
2959943
2959945
2959947
2959951
2959955
2959976
2959983
2959986
2959992
2959993
2959999
2960002
2960003
2960019
2960039
2960040
2960048
2960058
2960088
2960092
2960140
2960146
2960156
2960175
2960181
2960182
2960195
2960198
2960207
2960211
2960215
2960228
2960251
2960257
2960265
2960280
2960284
2960287
2960302
2960303
2960337
2960350
2960353
2960360
2960362
2960372
2960378
2960379
2960393
2960402
2960421
2960463
2960475
2960486
2960490
2960492
2960496
2960508
2960510
2960516
2960518
2960532
2960538
2960544
2960554
2960575
2960584
2960591
2960593
2960609
2960632
2960636
2960650
2960660
2960679
2960683
2960690
2960744
2960757
2960762
2960776
2960784
2960802
2960815
2960824
2960825
2960834
2960845
2960861
2960865
2960883
2960885
2960891
2960899
2960900
2960903
2960905
2960906
2960907
2960932
2960950
2960960
2960980
2960983
2961001
2961005
2961017
2961044
2961046
2961058
2961064
2961073
2961075
2961097
2961098
2961108
2961128
2961130
2961161
2961163
2961167
2961173
2961189
2961191
2961204
2961221
2961227
2961234
2961243
2961244
2961251
2961254
2961256
2961257
2961258
2961265
2961277
2961304
2961317
2961329
2961344
2961356
2961360
2961365
2961374
2961376
2961396
2961400
2961407
2961408
2961409
2961416
2961437
2961448
2961456
2961474
2961482
2961502
2961505
2961508
2961509
2961510
2961680
2961681
2961683
2961685
2961686
2961687
2961688
2961698
2961702
2961703
2961705
2961707
2961708
2961709
2961710
2961711
2961713
2961714
2961718
2961719
2961775
2961778
2961779
2961838
2961839
2961840
2961841
2961842
2961843
2961845
2961853
2961854
2961855
2961856
2961857
2961858
2961859
2961860
2961861
2961862
2961863
2961918
2961974
2961975
2961976
2961977
2961978
2961979
2961980
2961981
2961984
2961985
2961987
2961988
2961989
2961991
2962598
2962599
2962600
2962601
2962602
2962603
2962604
2962704
2962747
2962748
2962749
2962750
2962773
2963163
2963164
2963168
2963169
2963170
2963171
2963172
2963173
2963174
2963175
2963176
2963177
2963178
2963180
2963181
2963182
2963183
2963184
2963185
2963186
2963187
2963188
2963189
2963191
2963196
2963197
2963198
2963199
2963200
2963201
2963202
2963203
2963204
2963205
2963206
2963207
2963208
2963209
2963210
2963305
2963334
2963335
2963338
2963339
2963341
2963366
2963535
2963717
2963833
2963834
2963853
2963861
2963862
2963895
2963947
2964312
2964489
2964622
2964623
2964624
2964625
2964627
2964628
2964629
2964630
2964631
2964632
2964633
2964634
2964635
2964637
2964638
2964639
2964640
2964641
2964642
2964643
2964644
2964645
2964646
2964647
2964648
2964649
2964650
2964651
2964652
2964653
2964732
2964733
2964734
2964737
2964774
2964776
2965179
2965181
2965182
2965183
2965184
2965185
2965186
2965188
2965189
2965191
2965192
2965193
2965194
2965195
2965196
2965197
2965198
2965199
2965200
2965201
2965203
2965204
2965205
2965206
2965207
2965209
2965211
2965212
2965213
2965214
2965215
2965216
2965217
2965218
2965219
2965220
2965222
2965223
2965224
2965225
2965226
2965524
2965525
2966216
2966238
2966239
2966369
2966440
2966443
2966444
2966556
2966558
2966559
2966560
2966561
2966626
2966627
2966628
2966637
2967988
2967992
2968245
2968246
2968248
2968270
2968370
2968371
2968382
2968431
2968433
2968434
2968436
2968489
2968527
2968528
2968529
2968530
2968531
2968532
2968534
2968535
2968536
2968537
2968538
2968539
2968540
2968541
2968542
2968543
2968544
2968545
2968546
2968547
2968548
2968549
2968550
2968553
2968554
2968555
2968556
2968557
2968558
2968559
2968560
2968561
2968562
2968563
2968564
2968565
2968566
2968567
2968568
2968569
2968570
2968571
2968572
2968573
2968574
2968575
2968576
2968577
2968578
2968579
2968580
2968581
2968582
2968583
2968584
2968585
2968586
2968587
2968589
2968590
2968592
2968593
2968594
2968595
2968596
2968597
2968598
2968599
2968600
2968601
2968602
2968603
2968606
2968607
2968608
2968609
2968610
2968612
2968613
2968614
2968615
2968616
2968618
2968620
2968621
2968622
2968624
2968625
2968627
2968629
2968630
2968631
2968632
2968633
2968634
2968635
2968636
2968637
2968638
2968639
2968640
2968644
2968645
2968647
2968648
2968649
2968651
2968653
2968654
2968655
2968656
2968657
2968658
2968659
2968662
2968663
2968664
2968669
2968670
2968671
2968672
2968673
2968674
2968675
2968676
2968677
2968678
2968682
2968683
2968684
2968685
2968686
2968687
2968688
2968689
2968690
2968691
2968692
2968693
2968695
2968700
2968701
2968702
2968703
2968704
2968705
2968711
2968715
2968716
2968717
2968718
2968719
2968720
2968721
2968722
2968723
2968724
2968725
2968726
2968727
2968728
2968729
2968732
2968735
2968786
2968787
2968921
2968922
2968923
2968925
2968926
2969231
2969232
2969233
2969234
2969236
2969237
2969238
2969239
2969241
2969242
2969296
2969428
2969429
2969440
2969441
2969442
2969586
2969587
2969589
2969590
2969593
2969594
2969595
2969597
2969602
2969605
2969608
2969609
2969610
2969611
2969612
2969613
2969614
2969615
2969616
2969617
2969618
2969619
2969639
2969640
2969642
2969643
2969659
2969700
2969702
2969703
2969847
2969983
2969990
2969991
2969992
2969993
2969994
2969995
2969996
2969997
2969998
2969999
2970000
2970001
2970002
2970003
2970004
2970005
2970006
2970007
2970008
2970009
2970010
2970011
2970012
2970013
2970014
2970015
2970016
2970017
2970018
2970019
2970020
2970021
2970022
2970023
2970024
2970025
2970026
2970027
2970028
2970029
2970030
2970031
2970032
2970033
2970034
2970035
2970036
2970037
2970038
2970039
2970040
2970041
2970042
2970043
2970044
2970045
2970046
2970047
2970048
2970049
2970050
2970051
2970052
2970053
2970054
2970055
2970056
2970057
2970058
2970059
2970060
2970061
2970062
2970063
2970064
2970065
2970066
2970067
2970068
2970069
2970070
2970071
2970072
2970073
2970074
2970144
2970145
2970146
2970147
2970148
2970149
2970150
2970151
2970152
2970153
2970154
2970155
2970156
2970157
2970158
2970159
2970160
2970161
2970162
2970163
2970164
2970165
2970166
2970167
2970168
2970169
2970170
2970171
2970172
2970173
2970174
2970175
2970176
2970177
2970178
2970179
2970180
2970181
2970182
2970183
2970184
2970185
2970186
2970187
2970188
2970189
2970190
2970191
2970192
2970193
2970194
2970195
2970196
2970197
2970198
2970199
2970200
2970201
2970202
2970203
2970204
2970205
2970206
2970207
2970208
2970210
2970212
2970213
2970214
2970215
2970216
2970217
2970221
2970222
2970223
2970225
2970226
2970227
2970228
2970230
2970231
2970232
2970233
2970234
2970235
2970236
2970237
2970240
2970241
2970242
2970243
2970244
2970245
2970246
2970247
2970293
2970294
2970295
2970296
2970297
2970298
2970299
2970300
2970310
2970311
2970312
2970313
2970314
2970315
2970316
2970317
2970319
2970320
2970321
2970322
2970323
2970324
2970325
2970326
2970333
2970334
2970335
2970336
2970337
2970348
2970349
2970351
2970352
2970353
2970354
2970355
2970356
2970363
2970483
2970484
2970485
2970486
2970487
2970488
2970489
2970490
2970491
2970497
2970507
2970508
2970509
2970510
2970511
2970512
2970513
2970514
2970515
2970516
2970517
2970518
2970519
2970520
2970521
2970522
2970523
2970524
2970525
2970526
2970527
2970528
2970529
2970530
2970531
2970532
2970533
2970550
2970551
2970552
2970553
2970555
2970556
2970557
2970558
2970559
2970560
2970561
2970562
2970566
2970567
2970569
2970570
2970575
2970577
2970578
2970580
2970581
2970582
2970585
2970586
2970587
2970589
2970591
2970592
2970595
2970596
2970598
2970600
2970601
2970602
2970604
2970605
2970606
2970607
2970608
2970611
2970614
2970617
2970618
2970619
2970620
2970621
2970624
2970625
2970626
2970627
2970629
2970630
2970631
2970632
2970633
2970634
2970635
2970636
2970637
2970640
2970641
2970642
2970647
2970649
2970650
2970651
2970694
2970695
2970696
2970700
2970703
2970704
2970705
2970706
2970707
2970709
2970710
2970711
2970712
2970713
2970715
2970717
2970719
2970720
2970721
2970723
2970731
2970732
2970743
2970745
2970907
2970908
2970909
2970965
2971006
2971099
2971100
2971101
2971105
2971106
2971108
2971109
2971260
2971261
2971263
2971300
2971301
2971302
2971326
2971327
2971328
2971329
2971330
2971331
2971625
2971626
2971765
2971767
2971768
2971769
2971770
2971771
2971780
2971781
2971782
2971783
2971784
2971785
2971786
2971787
2971788
2971789
2971790
2971791
2971792
2971793
2971794
2971795
2971901
2971902
2971904
2971951
2971952
2971954
2971955
2971956
2971957
2971958
2971959
2971960
2971961
2971962
2971963
2971964
2971965
2971966
2971967
2971969
2971970
2971973
2971974
2971976
2971977
2971978
2971979
2971980
2971981
2971982
2971983
2971984
2971987
2971988
2971989
2971991
2971992
2971993
2971994
2971995
2971996
2971997
2972000
2972008
2972009
2972010
2972011
2972012
2972013
2972014
2972015
2972016
2972017
2972018
2972019
2972020
2972021
2972022
2972041
2972042
2972043
2972044
2972045
2972046
2972047
2972048
2972049
2972050
2972051
2972052
2972053
2972054
2972055
2972056
2972057
2972058
2972059
2972060
2972061
2972062
2972063
2972064
2972065
2972066
2972067
2972068
2972069
2972070
2972071
2972072
2972073
2972074
2972075
2972076
2972077
2972078
2972079
2972080
2972081
2972082
2972083
2972084
2972085
2972086
2972087
2972088
2972089
2972090
2972091
2972092
2972093
2972094
2972095
2972096
2972097
2972098
2972099
2972100
2972101
2972102
2972103
2972104
2972140
2972141
2972142
2972143
2972144
2972145
2972146
2972182
2972183
2972184
2972185
2972186
2972187
2972188
2972189
2972190
2972192
2972193
2972210
2972211
2972212
2972213
2972214
2972215
2972216
2972217
2972218
2972219
2972220
2972221
2972222
2972223
2972226
2972227
2972228
2972230
2972231
2972232
2972233
2972234
2972235
2972236
2972237
2972238
2972239
2972240
2972241
2972242
2972243
2972244
2972245
2972246
2972247
2972248
2972249
2972250
2972251
2972252
2972253
2972254
2972255
2972256
2972257
2972258
2972259
2972260
2972261
2972262
2972263
2972264
2972265
2972267
2972268
2972269
2972270
2972271
2972272
2972274
2972276
2972278
2972279
2972280
2972281
2972282
2972283
2972284
2972285
2972286
2972287
2972288
2972289
2972290
2972291
2972292
2972293
2972294
2972295
2972296
2972297
2972298
2972299
2972300
2972301
2972302
2972303
2972304
2972305
2972306
2972307
2972308
2972309
2972310
2972311
2972312
2972313
2972314
2972315
2972316
2972317
2972318
2972319
2972320
2972321
2972322
2972323
2972324
2972325
2972326
2972327
2972328
2972329
2972330
2972331
2972332
2972333
2972334
2972335
2972336
2972337
2972338
2972339
2972340
2972341
2972342
2972343
2972344
2972345
2972346
2972347
2972348
2972349
2972350
2972351
2972352
2972353
2972354
2972355
2972356
2972357
2972358
2972359
2972360
2972361
2972362
2972363
2972364
2972365
2972366
2972367
2972385
2972386
2972387
2972435
2972436
2972437
2972438
2972439
2972440
2972441
2972462
2972463
2972467
2972468
2972471
2972476
2972490
2972491
2972492
2972493
2972496
2972500
2972501
2972502
2972503
2972504
2972506
2972507
2972508
2972509
2972510
2972511
2972512
2972514
2972515
2972516
2972517
2972532
2972533
2972691
2972693
2972698
2972701
2972702
2972703
2972706
2972709
2972710
2972711
2972712
2972713
2972720
2972724
2972725
2972728
2972729
2972730
2972740
2972743
2972744
2972745
2972746
2972748
2972749
2972787
2972790
2972791
2972793
2972794
2972796
2972797
2972798
2972799
2972800
2972801
2972802
2972803
2972805
2972807
2972808
2972811
2972812
2972813
2972816
2972817
2972820
2972821
2972822
2972823
2972827
2972828
2972829
2972830
2972831
2972832
2972833
2972837
2972840
2972846
2972847
2972848
2972867
2972869
2972870
2972872
2972873
2972874
2972875
2972876
2972877
2972878
2972879
2972880
2972881
2972882
2972883
2972884
2972885
2972886
2972887
2972888
2972889
2972890
2972892
2972893
2972894
2972895
2972896
2972897
2972898
2972899
2972900
2972901
2972902
2972903
2972904
2972905
2972906
2972908
2972909
2972910
2972911
2972912
2972913
2972973
2973077
2973078
2973079
2973080
2973081
2973091
2973092
2973094
2973095
2973096
2973208
2973209
2973210
2973211
2973212
2973213
2973214
2973215
2973216
2973486
2973487
2973488
2973489
2973496
2973497
2973498
2973499
2973500
2973502
2973503
2973506
2973522
2973540
2973541
2973543
2973654
2973655
2973658
2973659
2973660
2973661
2973662
2973671
2973717
2973718
2973720
2973721
2973722
2973725
2973726
2973795
2973796
2973797
2973798
2973836
2973838
2973924
2973956
2973975
2973981
2974046
2974047
2974049
2974050
2974051
2974052
2974072
2974073
2974451
2974594
2974600
2974655
2974656
2974657
2974658
2974659
2974660
2974661
2974662
2974663
2974664
2974665
2974675
2974676
2974717
2974718
2974723
2974724
2974726
2974895
2974900
2974943
2975222
2975224
2975233
2975235
2975236
2975237
2975238
2975239
2975240
2975241
2975242
2975243
2975244
2975245
2975246
2975247
2975248
2975506
2975511
2975512
2975529
2975530
2975531
2975532
2975533
2975534
2975535
2975536
2975545
2975548
2976114
2976121
2976128
2976198
2976199
2976276
2976277
2976284
2976285
2976287
2976291
2976296
2976299
2976300
2976301
2976304
2976314
2976353
2976362
2976364
2976373
2976374
2976376
2976377
2976380
2976385
2976424
2976427
2976460
2976545
2976572
2976679
2976691
2976692
2976693
2976900
2976901
2976936
2976943
2976944
2976956
2976977
2977130
2977131
2977132
2977133
2977134
2977135
2977136
2977137
2977138
2977441
2977448
2977450
2977451
2977463
2977467
2977468
2977475
2977482
2977486
2977491
2977496
2977498
2977532
2977592
2977598
2977600
2977601
2977602
2977935
2977951
2977952
2977953
2977954
2977955
2977957
2977958
2977959
2977960
2977961
2977962
2977963
2977964
2977967
2977969
2977970
2977971
2977972
2977973
2977974
2977975
2977976
2977977
2977978
2977979
2977980
2977981
2977982
2977983
2977984
2977985
2977986
2977987
2977988
2977989
2977990
2977991
2977992
2977993
2977994
2977995
2977996
2977997
2977998
2977999
2978071
2978124
2978128
2978130
2978131
2978132
2978146
2978335
2978336
2978453
2978480
2978481
2978483
2978484
2978485
2978486
2978487
2978488
2978489
2978490
2978492
2978493
2978494
2978495
2978496
2978497
2978498
2978499
2978500
2978501
2978502
2978503
2978516
2978733
2978919
2978975
2978976
2978977
2978978
2978979
2978980
2978981
2978982
2978983
2978984
2979118
2979119
2979120
2979225
2979226
2979340
2979342
2979345
2979346
2979347
2979350
2979351
2979352
2979353
2979357
2979358
2979359
2979360
2979361
2979362
2979363
2979596
2979597
2979638
2979639
2979640
2979641
2979707
2979708
2979709
2979710
2979741
2979750
2979751
2979752
2979754
2979755
2979760
2979762
2979763
2979765
2979766
2979867
2979958
2979963
2979964
2979965
2979970
2979971
2979972
2979976
2979978
2979979
2979981
2979982
2979983
2979984
2979985
2979986
2980032
2980033
2980037
2980038
2980039
2980040
2980041
2980042
2980043
2980044
2980047
2980051
2980053
2980055
2980059
2980060
2980061
2980062
2980065
2980067
2980070
2980071
2980074
2980076
2980078
2980079
2980080
2980082
2980083
2980085
2980086
2980087
2980088
2980089
2980093
2980094
2980097
2980098
2980204
2980362
2980363
2980364
2980365
2980366
2980367
2980368
2980369
2980370
2980371
2980372
2980373
2980374
2980375
2980376
2980377
2980378
2980379
2980380
2980381
2980382
2980383
2980384
2980385
2980386
2980387
2980388
2980389
2980390
2980391
2980392
2980393
2980394
2980395
2980396
2980397
2980398
2980500
2980501
2980503
2980552
2980571
2980573
2980574
2980575
2980576
2980577
2980578
2980579
2980581
2980582
2980583
2980585
2980587
2980588
2980589
2980590
2980596
2980597
2980598
2980601
2980605
2980606
2980607
2980609
2980610
2980611
2980612
2980613
2980616
2980617
2980619
2980620
2980622
2980623
2980625
2980626
2980627
2980954
2980980
2980981
2980982
2981540
2981541
2981543
2981545
2981546
2981548
2981549
2981550
2981551
2981552
2981553
2981554
2981564
2981565
2981566
2981567
2981568
2981574
2981577
2981578
2981580
2981581
2981584
2981585
2981586
2981587
2981588
2981589
2981625
2981708
2981709
2981719
2982030
2982031
2982034
2982035
2982036
2982037
2982038
2982039
2982041
2982042
2982044
2982045
2982046
2982049
2982050
2982052
2982056
2982057
2982061
2982062
2982063
2982064
2982065
2982066
2982067
2982068
2982070
2982071
2982072
2982171
2982223
2982224
2982525
2982527
2982591
2982686
2982688
2982696
2982742
2982806
2982807
2982809
2982810
2982811
2982812
2982871
2982872
2982875
2982876
2982878
2982892
2982893
2982895
2982896
2982897
2982898
2982899
2982901
2982902
2982904
2982905
2982913
2982914
2982915
2982917
2982918
2982919
2982920
2982921
2982923
2983317
2983318
2983321
2983323
2983349
2983350
2983351
2983352
2983353
2983354
2983355
2983356
2983357
2983358
2983359
2983360
2983543
2983643
2983644
2983679
2983915
2983918
2983927
2983929
2983934
2983935
2983936
2983937
2983938
2983940
2983941
2983943
2983946
2983947
2983948
2983949
2983950
2983951
2983952
2983953
2983954
2983956
2983957
2983958
2983959
2983961
2983962
2983963
2983965
2983966
2983971
2983972
2983973
2983974
2983975
2983976
2983977
2983978
2984167
2984270
2984271
2984272
2984273
2984274
2984275
2984276
2984277
2984278
2984279
2984280
2984281
2984282
2984283
2984284
2984285
2984286
2984291
2984294
2984833
2984884
2984971
2984972
2984976
2984977
2984978
2984979
2984980
2984981
2985242
2985243
2985286
2985287
2985293
2985294
2985295
2985308
2985309
2985310
2985311
2985312
2985313
2985314
2985315
2985316
2985318
2985319
2985321
2985322
2985323
2985324
2985325
2985326
2985327
2985329
2985331
2985437
2985443
2985444
2985549
2985551
2985552
2985553
2985557
2985560
2985561
2985562
2985563
2985564
2985565
2985566
2985567
2985568
2985569
2985594
2985595
2985604
2985607
2985608
2985610
2985612
2985619
2985629
2985630
2985647
2985648
2985649
2985650
2985653
2985655
2985656
2985658
2985659
2985660
2985661
2985662
2985663
2985664
2985665
2985666
2985667
2985669
2985670
2985671
2985672
2985673
2985674
2985675
2985676
2985677
2985678
2985679
2985680
2985681
2985682
2985683
2985684
2985687
2985689
2985690
2985691
2985692
2985693
2985694
2985695
2985696
2985697
2985698
2985699
2985702
2985703
2985704
2985705
2985706
2985707
2985709
2985710
2985711
2985712
2985735
2985736
2985737
2985738
2985739
2985740
2985741
2985742
2985743
2985744
2985745
2985746
2985747
2985748
2985749
2985750
2985751
2985752
2985753
2985754
2985755
2985757
2985758
2985759
2985760
2985761
2985762
2985763
2985764
2985765
2985766
2985768
2985769
2985770
2985771
2985772
2985968
2985969
2985970
2985971
2985972
2985973
2985974
2985975
2985976
2985977
2985978
2985979
2985980
2985981
2985982
2985983
2985984
2985986
2985991
2985992
2985993
2985994
2985995
2985996
2985997
2985998
2986001
2986002
2986003
2986004
2986005
2986007
2986008
2986009
2986010
2986011
2986012
2986013
2986014
2986015
2986016
2986017
2986019
2986020
2986021
2986022
2986023
2986024
2986026
2986027
2986028
2986029
2986032
2986033
2986034
2986035
2986036
2986045
2986086
2986095
2986120
2986136
2986141
2986142
2986143
2986144
2986145
2986276
2986386
2986392
2986394
2986395
2986396
2986397
2986398
2986399
2986400
2986401
2986402
2986403
2986404
2986405
2986406
2986407
2986408
2986409
2986410
2986411
2986412
2986413
2986414
2986415
2986416
2986417
2986418
2986419
2986420
2986443
2986505
2986506
2986508
2986509
2986511
2986514
2986619
2986620
2986775
2986952
2986953
2987078
2987487
2987682
2987725
2987730
2987731
2987746
2989482
2989486
2989508
2989509
2989514
2989723
2989724
2989751
2989752
2989753
2989754
2989760
2989852
2989853
2989854
2990447
2990448
2990517
2990546
2990647
2990648
2990651
2990652
2991261
2991262
2991282
2991283
2991697
2991854
2991860
2991861
2991862
2991863
2991864
2991865
2991866
2991867
2991875
2991941
2991989
2992029
2992030
2992031
2992032
2992033
2992034
2992036
2992037
2992158
2992172
2992173
2992174
2992175
2992261
2992275
2992276
2992277
2992309
2992576
2992577
2992578
2992639
2992641
2992645
2992777
2992778
2992780
2992783
2992784
2992785
2992786
2992787
2992789
2992842
2992846
2992847
2992848
2992849
2992850
2992851
2992852
2992854
2992855
2992856
2992866
2992867
2992924
2992925
2992927
2992928
2992929
2993323
2993406
2993407
2993408
2993409
2993411
2993412
2993413
2993451
2993454
2993504
2993505
2993515
2993516
2993517
2993519
2993520
2993521
2993522
2993523
2993524
2993526
2993527
2993529
2993718
2993856
2993858
2993860
2993912
2993952
2993953
2994001
2994038
2994040
2994041
2994042
2994044
2994045
2994047
2994055
2994057
2994165
2994166
2994332
2994333
2994410
2994463
2994894
2994895
2994963
2994964
2994965
2994966
2994980
2994981
2994983
2994984
2994985
2994987
2994988
2994989
2994990
2994992
2994993
2994994
2994995
2994999
2995133
2995278
2995279
2995280
2995353
2995354
2995438
2995439
2995440
2995599
2995600
2995601
2995628
2995629
2995630
2995631
2995632
2995633
2995634
2995639
2995640
2995655
2995678
2995679
2996048
2996049
2996053
2996057
2996058
2996059
2996060
2996064
2996065
2996071
2996073
2996074
2996075
2996088
2996089
2996091
2996092
2996093
2996096
2996101
2996108
2996109
2996110
2996116
2996118
2996120
2996123
2996149
2996150
2996151
2996154
2996155
2996156
2996161
2996162
2996175
2996176
2996180
2996182
2996214
2996215
2996217
2996219
2996220
2996221
2996223
2996225
2996433
2996457
2996476
2996477
2996479
2996761
2996810
2997400
2997401
2997402
2997403
2997411
2998221
2998222
2998227
2998239
2998242
2998243
2998244
2998245
2998246
2998497
2998498
2998499
2998501
2998861
2998886
2998887
2998888
2998890
2998891
2998892
2998893
2998894
2998979
2998980
2998981
2998982
2998984
2998985
2998986
2998987
2998988
2998990
2998991
2998992
2998994
2998995
2998996
2998998
2999012
2999013
2999014
2999015
2999016
2999017
2999018
2999047
2999079
2999080
2999081
2999082
2999083
2999104
2999244
2999246
2999247
2999280
2999281
3000307
3000309
3002498
3002547
3002548
3002549
3002632
3002890
3002894
3002895
3003230
3003231
3003233
3003234
3003235
3003236
3003237
3003240
3003342
3003362
3003363
3003364
3003365
3003366
3003367
3003368
3003369
3003370
3003372
3003373
3003559
3003584
3003586
3003587
3003604
3003605
3003606
3003610
3003611
3003612
3003613
3003614
3003615
3003628
3003632
3003634
3003635
3003693
3003694
3003695
3003696
3003697
3003698
3003699
3003700
3003704
3003705
3003706
3003715
3003716
3003717
3003719
3003720
3003725
3003726
3003727
3003728
3003729
3003730
3003731
3003732
3003733
3003734
3003735
3003736
3003737
3003743
3003744
3003787
3003789
3003790
3003794
3003795
3003796
3003797
3003800
3003801
3003808
3003809
3003810
3003811
3003819
3003820
3003825
3003826
3003827
3003834
3003835
3003836
3003837
3003838
3003839
3003840
3003841
3003842
3003844
3003845
3003850
3003851
3003852
3003853
3003855
3003857
3003858
3003859
3003860
3003873
3003874
3003879
3003886
3003892
3003894
3003896
3003900
3003904
3003905
3003906
3003910
3003911
3003915
3003941
3003942
3003943
3003945
3003946
3003947
3003948
3003949
3003950
3003951
3003952
3003954
3003955
3003956
3003957
3003959
3003960
3003961
3003963
3003964
3003965
3003966
3003967
3003968
3003969
3003973
3003975
3003976
3003978
3003979
3003987
3003989
3003993
3003996
3003997
3003998
3003999
3004000
3004001
3004003
3004004
3004005
3004009
3004010
3004011
3004014
3004015
3004016
3004017
3004018
3004019
3004020
3004021
3004022
3004023
3004025
3004026
3004029
3004030
3004031
3004033
3004038
3004039
3004040
3004041
3004042
3004159
3004160
3004165
3004166
3004167
3004170
3004171
3004173
3004176
3004179
3004181
3004182
3004183
3004184
3004219
3004221
3012326
3012327
3012331
3013107
3014124
3014452
3014454
3014456
3014457
3014462
3014660
3014792
3014793
3014794
3014795
3014808
3014809
3014864
3014876
3014888
3015214
3015287
3015288
3015289
3015290
3015924
3015925
3016015
3016016
3016017
3016036
3016077
3016078
3016079
3016143
3016272
3016287
3016288
3016289
3016290
3016291
3016292
3016293
3016294
3016295
3016296
3016297
3016298
3016299
3016300
3016301
3016302
3016303
3016304
3016305
3016306
3016307
3016308
3016309
3016310
3016311
3016312
3016313
3016314
3016315
3016316
3016317
3016318
3016319
3016320
3016321
3016322
3016323
3016324
3016325
3016326
3016327
3016328
3016329
3016330
3016331
3016338
3016425
3016451
3016452
3016453
3016454
3016455
3016905
3016906
3016939
3016940
3016942
3016943
3017068
3017166
3017167
3017168
3017169
3017283
3017287
3017288
3017289
3017290
3017291
3017292
3017297
3017298
3017299
3017300
3017301
3017303
3017304
3017305
3017307
3017308
3017309
3017311
3017312
3017315
3017316
3017350
3017776
3017777
3017778
3017780
3017785
3017786
3017787
3017788
3017790
3017791
3017792
3017793
3017796
3017797
3017798
3017799
3017801
3017802
3017830
3017831
3017832
3017833
3017834
3017835
3017836
3017837
3017838
3018028
3018029
3018030
3018283
3018284
3018522
3018523
3018524
3018525
3018526
3018527
3018528
3018529
3018530
3018531
3018560
3018631
3018810
3018811
3018825
3018827
3018828
3018829
3018830
3018831
3018832
3018833
3018834
3018835
3018836
3018837
3018839
3018840
3018842
3018844
3018845
3018846
3018849
3018850
3018851
3018852
3018853
3018854
3018855
3018856
3018857
3018858
3018859
3018860
3018861
3018862
3018863
3018864
3018866
3018867
3018868
3018869
3018870
3018872
3018873
3018874
3018875
3018877
3018878
3018879
3018880
3018881
3018884
3018885
3018886
3018887
3018888
3018889
3018890
3018891
3018892
3018893
3018894
3018896
3018898
3018899
3018901
3018902
3018903
3018904
3018905
3018906
3018907
3018908
3018909
3018911
3018912
3018913
3018914
3018915
3018916
3018918
3018919
3018921
3018922
3018924
3018925
3018926
3018985
3018986
3018993
3018995
3018996
3019006
3019033
3019178
3019185
3019276
3019281
3019282
3019283
3019441
3019450
3019451
3019552
3019650
3019659
3019660
3019840
3019910
3019935
3020045
3020197
3020198
3020199
3020200
3020201
3020202
3020203
3020205
3020206
3020207
3020208
3020209
3020210
3020211
3020212
3020230
3020231
3020232
3020233
3020234
3020235
3020237
3020238
3020239
3020240
3020241
3020254
3020256
3020257
3020258
3020262
3020263
3020264
3020384
3020389
3020390
3020392
3020393
3020395
3020397
3020398
3020399
3020400
3020410
3020411
3020412
3020413
3020414
3020415
3020416
3020419
3020453
3020468
3020472
3020474
3020475
3020476
3020477
3020611
3020854
3020910
3021227
3021412
3021586
3021588
3021636
3021736
3021796
3021812
3022013
3022014
3022055
3022056
3022057
3022080
3022081
3022082
3022083
3022084
3022085
3022086
3022087
3022088
3022089
3022090
3022091
3022092
3022093
3022095
3022096
3022097
3022098
3022099
3022100
3022101
3022102
3022103
3022104
3022105
3022106
3022107
3022108
3022109
3022110
3022111
3022112
3022131
3022132
3022218
3022428
3022429
3022451
3022453
3022456
3022457
3022458
3022459
3022460
3022461
3022462
3022758
3022770
3022811
3022812
3022813
3022814
3022815
3022817
3022818
3022851
3022883
3022905
3023082
3023095
3023099
3023100
3023101
3023103
3023105
3023108
3023116
3023455
3023607
3023608
3023698
3024147
3024148
3024159
3024174
3024175
3024176
3024177
3024178
3024179
3024182
3024421
3024423
3024426
3024541
3024828
3025059
3025134
3025135
3025136
3025137
3025219
3025308
3025372
3025375
3025402
3025403
3025404
3025408
3025409
3025410
3025411
3025412
3025413
3025418
3025420
3025422
3025445
3025446
3025447
3025448
3025449
3025490
3025491
3025494
3025622
3025624
3025750
3025885
3025886
3025943
3026122
3026123
3026124
3026125
3026126
3026127
3026164
3026165
3026166
3026176
3026463
3026513
3026977
3026978
3026979
3026980
3026981
3026982
3026983
3026984
3026985
3027006
3027007
3027034
3027035
3027036
3027037
3027038
3027323
3027324
3027333
3027335
3027336
3027339
3027340
3027341
3027342
3027343
3027347
3027348
3027349
3027350
3027353
3027354
3027357
3027514
3027515
3027516
3027574
3027584
3027585
3027586
3027587
3027588
3027589
3027590
3027591
3027592
3027593
3027594
3027595
3027596
3027597
3027598
3027603
3027604
3027606
3027607
3027608
3027609
3027610
3027619
3027624
3027625
3027626
3027631
3027633
3027640
3027643
3027646
3027657
3027681
3027682
3027683
3027684
3027685
3027688
3027689
3027695
3027698
3027699
3027702
3027703
3027706
3027708
3027771
3027772
3027979
3027980
3027981
3027982
3027985
3027987
3027988
3027989
3027990
3027991
3027992
3028120
3028121
3028122
3028123
3028139
3028140
3028143
3028144
3028151
3028153
3028154
3028162
3028171
3028172
3028190
3028191
3028214
3028222
3028229
3028231
3028470
3028471
3028472
3028473
3028474
3028476
3028482
3028483
3028484
3028485
3028486
3028487
3028488
3028489
3028490
3028491
3028492
3028493
3028494
3028495
3028496
3028497
3028502
3028503
3028504
3028505
3028508
3028511
3028512
3028513
3028514
3028515
3028896
3028897
3028898
3028900
3028901
3028902
3028903
3028904
3028905
3028908
3028909
3028910
3028911
3028980
3028982
3028983
3028984
3028985
3028986
3028987
3028988
3028989
3028990
3028991
3028993
3028994
3028995
3028996
3028997
3028998
3028999
3029000
3029001
3029002
3029003
3029004
3029005
3029006
3029007
3029008
3029009
3029011
3029012
3029013
3029014
3029015
3029016
3029017
3029018
3029019
3029020
3029069
3029070
3029073
3029074
3029264
3029265
3029443
3029445
3029446
3029570
3029571
3029710
3029711
3029831
3029834
3029998
3029999
3030001
3030002
3030003
3030004
3030537
3030538
3030539
3030541
3030542
3030635
3030773
3030863
3030865
3030933
3030940
3031198
3031238
3031246
3031342
3031448
3031797
3031798
3031800
3031847
3031848
3031849
3031850
3031851
3031940
3031943
3032027
3032028
3032210
3032213
3032216
3032217
3032222
3032225
3032226
3032227
3032228
3032230
3032231
3032232
3032234
3032235
3032236
3032237
3032256
3032257
3032258
3032259
3032261
3032262
3032263
3032273
3032359
3032369
3032371
3032373
3032374
3032375
3032376
3032377
3032378
3032379
3032380
3032411
3032412
3032413
3032414
3032415
3032416
3032418
3032419
3032421
3032422
3032423
3032433
3032449
3032452
3032453
3032454
3032456
3032457
3032460
3032461
3032462
3032463
3032464
3032465
3032467
3032469
3032472
3032473
3032474
3032475
3032476
3032477
3032482
3032483
3032484
3032485
3032486
3032588
3032918
3033758
3033760
3033938
3034127
3034281
3034282
3034283
3034284
3034677
3034680
3034769
3034773
3034861
3034862
3034915
3034916
3034917
3035005
3035006
3035007
3035008
3035009
3035010
3035012
3035015
3035017
3035018
3035019
3035020
3035021
3035022
3035023
3035025
3035230
3035318
3035367
3035368
3035369
3035370
3035371
3035372
3035373
3035374
3035377
3035379
3035380
3035381
3035382
3035383
3035384
3035385
3035386
3035387
3035388
3035389
3035391
3035392
3035393
3035533
3035534
3035535
3035536
3035537
3035573
3035782
3035801
3035802
3035803
3035804
3035894
3035899
3035906
3035907
3035930
3035931
3035932
3035933
3035936
3035937
3035938
3035939
3035940
3035942
3035943
3035944
3035945
3035946
3035947
3035948
3035949
3035950
3035954
3036229
3036235
3036236
3036361
3036362
3036363
3036364
3036365
3036366
3036367
3036369
3036444
3036445
3036599
3036681
3037152
3037153
3037154
3037298
3037394
3037395
3037396
3037397
3037398
3037399
3037400
3037427
3037657
3037664
3037665
3037703
3037808
3037809
3038065
3038081
3038082
3038084
3038085
3038088
3038089
3038090
3038091
3038101
3038102
3038107
3038111
3038114
3038179
3038180
3038194
3038205
3038206
3038207
3038208
3038209
3038210
3038211
3038212
3038218
3038219
3038220
3038221
3038222
3038228
3038230
3038231
3038232
3038233
3038234
3038235
3038236
3038237
3038238
3038239
3038240
3038244
3038265
3038266
3038267
3038268
3038269
3038270
3038271
3038273
3038274
3038275
3038276
3038277
3038278
3038279
3038281
3038282
3038283
3038301
3038302
3038303
3038305
3038307
3038308
3038309
3038310
3038311
3038312
3038313
3038314
3038315
3038316
3038317
3038318
3038319
3038321
3038322
3038334
3038335
3038336
3038337
3038338
3038339
3038340
3038341
3038342
3038343
3038344
3038345
3038360
3038361
3038362
3038363
3038364
3038365
3038366
3038367
3038368
3038369
3038370
3038371
3038372
3038373
3038374
3038375
3038376
3038377
3038378
3038379
3038380
3038381
3038382
3038384
3038385
3038386
3038387
3038395
3038396
3038397
3038398
3038400
3038402
3038403
3038404
3038409
3038414
3038572
3038581
3038584
3038585
3038586
3038587
3038601
3038602
3038603
3038604
3038605
3038606
3038607
3038608
3038609
3038610
3038611
3038612
3038613
3038614
3038615
3038616
3038618
3038619
3038620
3038626
3038627
3038628
3038629
3038630
3038631
3038632
3038633
3038634
3038637
3038638
3038639
3038640
3038641
3038643
3038644
3038645
3038648
3038649
3038650
3038651
3038661
3038662
3038663
3038664
3038665
3038667
3038668
3038669
3038670
3038671
3038673
3038674
3038675
3038676
3038677
3038678
3038679
3038680
3038681
3038682
3038683
3038684
3038685
3038687
3038688
3038690
3038691
3038692
3038693
3038694
3038695
3038697
3038698
3038699
3038700
3038701
3038702
3038703
3038704
3038705
3038706
3038707
3038709
3038710
3038711
3038713
3038716
3038717
3038718
3038719
3038721
3038722
3038723
3038724
3038727
3038728
3038729
3038730
3038731
3038732
3038733
3038734
3038735
3038736
3038737
3038738
3038739
3038740
3038741
3038742
3038743
3038744
3038745
3038747
3038748
3038749
3038750
3038751
3038752
3038753
3038754
3038755
3038756
3038757
3038758
3038760
3038761
3038762
3038763
3038764
3038766
3038768
3038769
3038771
3038779
3038984
3038985
3038986
3038987
3038994
3038995
3038996
3038997
3038998
3038999
3039000
3039002
3039003
3039004
3039006
3039150
3039448
3039449
3039450
3039451
3039823
3039825
3039826
3040039
3040112
3040114
3040115
3040117
3040118
3040333
3040504
3040651
3040652
3040667
3040668
3040692
3040944
3041004
3041005
3041028
3041033
3041034
3041035
3041036
3041037
3041094
3041204
3041206
3041211
3041225
3041226
3041227
3041228
3041229
3041230
3041358
3041359
3041360
3041361
3041362
3041363
3041369
3041468
3041487
3041488
3041490
3041491
3041492
3041493
3041494
3041534
3041540
3041541
3041821
3041822
3041831
3041833
3041834
3041913
3042070
3042071
3042073
3042074
3042076
3042094
3042372
3042374
3042376
3042442
3042443
3042444
3042446
3042447
3042448
3042449
3042513
3042735
3043168
3043313
3043315
3043329
3043338
3043339
3043340
3043342
3043421
3043428
3043431
3043484
3043488
3043490
3043491
3043493
3043494
3043509
3043517
3043562
3043570
3043583
3043584
3043586
3043589
3043590
3043592
3043593
3043598
3043599
3043612
3043619
3043620
3043621
3043662
3043671
3043677
3043905
3043906
3043907
3043908
3043911
3043912
3043913
3043914
3043915
3043918
3043919
3043920
3043922
3043923
3043925
3043926
3043927
3043928
3043929
3043930
3043931
3044011
3044021
3044023
3044024
3044025
3044026
3044049
3044050
3044052
3044212
3044213
3044216
3044217
3044218
3044249
3044250
3044251
3044252
3044255
3044256
3044259
3044263
3044265
3044266
3044268
3044327
3044328
3044329
3044330
3044332
3044333
3044334
3044340
3044353
3044355
3044408
3044425
3044426
3044427
3044429
3044430
3044431
3044432
3044452
3044453
3044454
3044455
3044456
3044457
3044458
3044459
3044460
3044461
3044462
3044463
3044464
3044465
3044466
3044467
3044468
3044469
3044471
3044472
3044473
3044475
3044476
3044477
3044479
3044480
3044481
3044597
3044602
3044627
3044638
3044639
3044640
3044641
3044642
3044643
3044644
3044645
3044646
3044647
3044648
3044649
3044650
3044651
3044653
3044654
3044655
3044656
3044657
3044658
3044659
3044661
3044662
3044663
3044664
3044665
3044666
3044667
3044668
3044669
3044670
3044671
3044672
3044673
3044674
3044675
3044676
3044677
3044678
3044679
3044680
3044681
3044682
3044683
3044684
3044685
3044686
3044687
3044688
3044689
3044690
3044691
3044692
3044693
3044694
3044695
3044696
3044697
3044698
3044699
3044700
3044701
3044702
3044703
3044704
3044705
3044706
3044707
3044708
3044709
3044710
3044711
3044712
3044713
3044714
3044715
3044716
3044718
3044719
3044720
3044721
3044723
3044724
3044725
3044726
3044727
3044728
3044729
3044730
3044731
3044732
3044733
3044734
3044735
3044736
3044737
3044738
3044739
3044741
3044742
3044743
3044744
3044745
3044746
3044747
3044748
3044749
3044750
3044751
3044752
3044753
3044754
3044755
3044757
3044758
3044759
3044760
3044761
3044762
3044763
3044764
3044765
3044766
3044767
3044768
3044769
3044770
3044771
3044772
3044773
3044774
3044775
3044777
3044778
3044779
3044780
3044781
3044782
3044783
3044784
3044785
3044786
3044787
3044788
3044789
3044790
3044791
3044792
3044793
3044794
3044795
3044796
3044797
3044798
3044799
3044800
3044801
3044802
3044803
3044804
3044805
3044806
3044807
3044808
3044809
3044810
3044812
3044813
3044814
3044815
3044816
3044817
3044818
3044820
3044821
3044823
3044824
3044825
3044826
3044827
3044828
3044829
3044830
3044831
3044832
3044833
3044834
3044835
3044836
3044838
3044839
3044840
3044842
3044843
3044844
3044845
3044846
3044847
3044848
3044849
3044850
3044851
3044852
3044853
3044854
3044855
3044856
3044857
3044858
3044859
3044861
3044863
3044864
3044865
3044866
3044867
3044868
3044869
3044870
3044964
3045048
3045168
3045169
3045171
3045328
3045933
3045952
3045953
3046182
3046263
3046275
3046277
3046431
3046621
3046682
3046814
3046816
3046820
3046821
3046822
3046823
3047136
3047147
3047149
3047159
3047160
3047172
3047277
3047279
3047281
3047343
3047345
3047346
3047347
3047348
3047349
3047350
3047351
3047352
3047353
3047354
3047355
3047356
3047357
3047358
3047359
3047360
3047361
3047362
3047363
3047364
3047365
3047366
3047368
3047369
3047370
3047371
3047372
3047373
3047374
3047375
3047377
3047379
3047380
3047381
3047382
3047383
3047384
3047385
3047386
3047387
3047388
3047389
3047390
3047391
3047392
3047393
3047394
3047395
3047396
3047397
3047399
3047400
3047401
3047402
3047404
3047405
3047537
3047551
3047552
3047553
3047554
3047555
3047556
3047557
3047559
3047560
3047561
3047676
3047677
3047678
3047679
3047680
3047681
3047682
3047683
3047684
3047685
3047686
3047687
3047688
3047689
3047690
3047691
3047692
3047693
3047694
3047695
3047696
3047697
3047698
3047699
3047700
3047701
3047702
3047703
3047704
3047705
3047706
3047707
3047708
3047709
3047710
3047711
3047712
3047713
3047714
3047715
3047716
3047717
3047719
3047720
3047721
3047722
3047723
3047724
3047725
3047726
3047727
3047728
3047729
3047730
3047731
3047732
3047733
3047735
3047736
3047737
3047738
3047739
3047740
3047741
3047742
3047743
3047744
3047745
3047747
3047748
3047749
3047750
3047751
3047752
3047753
3047754
3047755
3047756
3047757
3047758
3047759
3047760
3047761
3047762
3047763
3047764
3047765
3047766
3047767
3047768
3047769
3047770
3047771
3047772
3047773
3047774
3047776
3047778
3047779
3047780
3047781
3047782
3047783
3047785
3047786
3047787
3047788
3047789
3047790
3047791
3047792
3047793
3047794
3047795
3047796
3047797
3047798
3047800
3047801
3047803
3047804
3047807
3047808
3047809
3047810
3047811
3047812
3047813
3047814
3047815
3047816
3047817
3047818
3047819
3047820
3047821
3047823
3047824
3047825
3047827
3047828
3047829
3047830
3047831
3047832
3047833
3047834
3047835
3047836
3047837
3047838
3047839
3047840
3047842
3047843
3047844
3047845
3047846
3047847
3047848
3047849
3047850
3047851
3047852
3047853
3047854
3047855
3047856
3047857
3047858
3047859
3047860
3047861
3047862
3047863
3047946
3047947
3047948
3047949
3047951
3047952
3047953
3047954
3047955
3047956
3047957
3047958
3047959
3047960
3047961
3047962
3047963
3047964
3047965
3047966
3047967
3048036
3048148
3048149
3048150
3048151
3048152
3048153
3048154
3048155
3048156
3048157
3048158
3048160
3048161
3048162
3048163
3048164
3048165
3048166
3048167
3048168
3048169
3048170
3048171
3048172
3048173
3048174
3048175
3048176
3048178
3048179
3048181
3048182
3048183
3048184
3048186
3048187
3048188
3048189
3048190
3048191
3048192
3048193
3048194
3048195
3048196
3048197
3048198
3048199
3048200
3048202
3048203
3048204
3048205
3048206
3048207
3048208
3048209
3048210
3048211
3048212
3048213
3048215
3048217
3048218
3048219
3048220
3048221
3048222
3048223
3048224
3048225
3048226
3048227
3048228
3048229
3048230
3048231
3048232
3048233
3048234
3048235
3048236
3048237
3048238
3048239
3048241
3048242
3048243
3048244
3048245
3048246
3048247
3048250
3048251
3048252
3048254
3048255
3048256
3048257
3048258
3048259
3048260
3048261
3048262
3048263
3048265
3048266
3048267
3048268
3048269
3048270
3048271
3048272
3048273
3048274
3048275
3048276
3048277
3048278
3048279
3048280
3048281
3048282
3048283
3048284
3048285
3048286
3048287
3048288
3048290
3048291
3048292
3048293
3048294
3048295
3048296
3048297
3048298
3048299
3048300
3048301
3048302
3048303
3048304
3048305
3048306
3048307
3048308
3048309
3048310
3048311
3048312
3048313
3048314
3048315
3048316
3048317
3048318
3048319
3048320
3048321
3048322
3048323
3048324
3048325
3048326
3048327
3048328
3048330
3048331
3048332
3048333
3048334
3048335
3048336
3048337
3048338
3048339
3048340
3048341
3048342
3048343
3048344
3048345
3048346
3048347
3048348
3048349
3048350
3048351
3048352
3048353
3048354
3048355
3048356
3048357
3048358
3048359
3048360
3048361
3048363
3048365
3048366
3048367
3048368
3048369
3048370
3048371
3048372
3048373
3048374
3048375
3048376
3048377
3048378
3048379
3048380
3048381
3048382
3048383
3048384
3048385
3048386
3048387
3048388
3048389
3048390
3048391
3048392
3048393
3048394
3048395
3048396
3048397
3048398
3048399
3048400
3048401
3048402
3048403
3048404
3048405
3048406
3048407
3048408
3048409
3048410
3048411
3048412
3048413
3048414
3048415
3048416
3048417
3048418
3048419
3048420
3048421
3048422
3048423
3048424
3048425
3048426
3048427
3048428
3048429
3048430
3048431
3048432
3048433
3048434
3048435
3048436
3048437
3048438
3048439
3048440
3048442
3048443
3048444
3048446
3048447
3048448
3048449
3048450
3048451
3048452
3048453
3048454
3048455
3048456
3048457
3048458
3048459
3048460
3048461
3048462
3048512
3048513
3048655
3048684
3048687
3048756
3048757
3048758
3048761
3048765
3048766
3049138
3049197
3049362
3049363
3049364
3049365
3049366
3049367
3049368
3049369
3049370
3049371
3049372
3049468
3049469
3049511
3049523
3049524
3049675
3049681
3049743
3049744
3049951
3049952
3049953
3049954
3049960
3049961
3049963
3049964
3049966
3049969
3049972
3049973
3049974
3049978
3049979
3049980
3049982
3049984
3050019
3050039
3050124
3050125
3050133
3050134
3050135
3050136
3050137
3050138
3050139
3050140
3050240
3050241
3050242
3050243
3050244
3050245
3050246
3050247
3050248
3050249
3050250
3050251
3050252
3050253
3050254
3050255
3050256
3050257
3050258
3050259
3050260
3050261
3050262
3050267
3050268
3050269
3050270
3050271
3050272
3050273
3050276
3050277
3050278
3050279
3050280
3050281
3050282
3050283
3050284
3050285
3050286
3050287
3050288
3050289
3050290
3050292
3050293
3050294
3050295
3050296
3050297
3050298
3050299
3050300
3050301
3050302
3050303
3050304
3050305
3050308
3050309
3050310
3050311
3050312
3050313
3050314
3050315
3050316
3050317
3050318
3050319
3050320
3050321
3050322
3050323
3050324
3050326
3050327
3050328
3050329
3050330
3050331
3050332
3050333
3050334
3050335
3050336
3050337
3050339
3050340
3050341
3050342
3050343
3050344
3050345
3050346
3050347
3050348
3050349
3050350
3050351
3050352
3050353
3050355
3050356
3050357
3050358
3050359
3050360
3050361
3050362
3050363
3050367
3050369
3050370
3050371
3050405
3050406
3050407
3050482
3050505
3050506
3050507
3050508
3050965
3051100
3051102
3051134
3051135
3051136
3051319
3051320
3051324
3051325
3051326
3051365
3051366
3051367
3051368
3051369
3051370
3051371
3051372
3051373
3051374
3051375
3051376
3051377
3051378
3051379
3051380
3051381
3051383
3051403
3051410
3051411
3051412
3051416
3051417
3051418
3051419
3051421
3051505
3051521
3051522
3051523
3051524
3051526
3051527
3051528
3051529
3051530
3051531
3051532
3051533
3051534
3051535
3051615
3051616
3051617
3051618
3051619
3051620
3051621
3051622
3051623
3051624
3051625
3051626
3051627
3051628
3051685
3051686
3051689
3051690
3051691
3051692
3051693
3051695
3051696
3051699
3051701
3051702
3051703
3051704
3051762
3051763
3051764
3051765
3051766
3051767
3051860
3051972
3051973
3051974
3051976
3051977
3051980
3051981
3051982
3051983
3051984
3051985
3051986
3051987
3051988
3051989
3051991
3051992
3051993
3051994
3051995
3051996
3051997
3051998
3051999
3052000
3052001
3052003
3052004
3052006
3052007
3052008
3052010
3052011
3052013
3052014
3052015
3052016
3052018
3052019
3052020
3052021
3052022
3052023
3052024
3052025
3052026
3052027
3052028
3052029
3052030
3052031
3052032
3052033
3052034
3052035
3052036
3052037
3052038
3052039
3052040
3052041
3052042
3052043
3052044
3052045
3052046
3052047
3052048
3052049
3052050
3052051
3052058
3052098
3052099
3052100
3052104
3052106
3052107
3052108
3052109
3052110
3052113
3052114
3052115
3052116
3052118
3052121
3052123
3052124
3052125
3052126
3052127
3052128
3052131
3052133
3052135
3052136
3052138
3052139
3052140
3052142
3052143
3052144
3052145
3052146
3052148
3052150
3052151
3052152
3052154
3052155
3052156
3052157
3052158
3052159
3052160
3052161
3052162
3052163
3052164
3052165
3052166
3052167
3052168
3052169
3052170
3052171
3052172
3052174
3052175
3052176
3052177
3052178
3052179
3052180
3052181
3052182
3052183
3052184
3052186
3052187
3052188
3052189
3052190
3052191
3052192
3052193
3052194
3052195
3052196
3052197
3052198
3052199
3052200
3052201
3052202
3052203
3052204
3052205
3052206
3052207
3052209
3052210
3052211
3052212
3052213
3052214
3052215
3052217
3052220
3052221
3052222
3052223
3052224
3052225
3052226
3052227
3052228
3052229
3052230
3052231
3052232
3052233
3052234
3052236
3052237
3052238
3052239
3052240
3052241
3052242
3052243
3052244
3052245
3052248
3052249
3052250
3052251
3052253
3052254
3052255
3052256
3052257
3052258
3052259
3052260
3052261
3052262
3052263
3052264
3052265
3052266
3052267
3052268
3052269
3052273
3052274
3052275
3052276
3052277
3052279
3052280
3052281
3052282
3052283
3052284
3052290
3052291
3052292
3052293
3052294
3052295
3052296
3052297
3052298
3052299
3052300
3052301
3052302
3052303
3052304
3052305
3052306
3052307
3052308
3052310
3052311
3052312
3052313
3052314
3052315
3052316
3052317
3052318
3052319
3052320
3052321
3052322
3052323
3052324
3052325
3052326
3052327
3052328
3052329
3052330
3052331
3052333
3052334
3052335
3052337
3052338
3052339
3052340
3052341
3052342
3052343
3052344
3052345
3052346
3052347
3052348
3052349
3052350
3052351
3052352
3052353
3052354
3052356
3052357
3052358
3052359
3052360
3052361
3052362
3052363
3052364
3052366
3052368
3052369
3052370
3052371
3052372
3052373
3052374
3052375
3052377
3052378
3052379
3052380
3052381
3052382
3052383
3052384
3052385
3052386
3052387
3052388
3052389
3052390
3052391
3052392
3052393
3052394
3052395
3052396
3052397
3052398
3052399
3052400
3052401
3052402
3052403
3052404
3052405
3052406
3052407
3052408
3052409
3052410
3052411
3052412
3052413
3052414
3052415
3052416
3052417
3052418
3052419
3052420
3052421
3052422
3052423
3052424
3052425
3052426
3052428
3052429
3052430
3052431
3052432
3052433
3052434
3052435
3052436
3052437
3052438
3052439
3052440
3052441
3052442
3052443
3052444
3052445
3052446
3052447
3052448
3052449
3052450
3052451
3052452
3052453
3052454
3052455
3052456
3052457
3052458
3052459
3052460
3052461
3052462
3052463
3052464
3052465
3052466
3052467
3052468
3052469
3052470
3052471
3052472
3052473
3052474
3052475
3052476
3052477
3052478
3052479
3052480
3052481
3052482
3052483
3052484
3052485
3052486
3052487
3052488
3052489
3052490
3052491
3052492
3052493
3052495
3052496
3052498
3052499
3052500
3052501
3052502
3052503
3052504
3052505
3052506
3052507
3052508
3052509
3052510
3052511
3052514
3052515
3052516
3052517
3052518
3052519
3052520
3052521
3052522
3052523
3052524
3052525
3052526
3052527
3052528
3052529
3052530
3052531
3052532
3052534
3052535
3052536
3052537
3052538
3052539
3052540
3052541
3052542
3052543
3052544
3052545
3052546
3052547
3052549
3052550
3052551
3052553
3052554
3052555
3052556
3052557
3052558
3052559
3052560
3052561
3052562
3052563
3052564
3052565
3052566
3052567
3052568
3052569
3052570
3052571
3052572
3052573
3052574
3052575
3052576
3052577
3052578
3052579
3052581
3052582
3052583
3052584
3052585
3052586
3052587
3052588
3052589
3052591
3052592
3052593
3052594
3052595
3052596
3052597
3052598
3052599
3052600
3052601
3052602
3052603
3052604
3052605
3052606
3052607
3052608
3052609
3052610
3052611
3052612
3052613
3052614
3052615
3052616
3052617
3052618
3052619
3052620
3052621
3052622
3052623
3052624
3052625
3052626
3052627
3052629
3052631
3052632
3052633
3052634
3052635
3052636
3052637
3052638
3052639
3052640
3052641
3052642
3052643
3052644
3052645
3052646
3052647
3052650
3052652
3052653
3052654
3052655
3052656
3052657
3052660
3052661
3052662
3052663
3052664
3052665
3052666
3052667
3052669
3052670
3052671
3052672
3052674
3052675
3052676
3052677
3052678
3052679
3052680
3052681
3052682
3052683
3052684
3052685
3052686
3052687
3052688
3052689
3052690
3052692
3052699
3052700
3052701
3052702
3052703
3052704
3052705
3052706
3052707
3052709
3052710
3052711
3052712
3052713
3052715
3052716
3052717
3052718
3052719
3052720
3052721
3052725
3052726
3052727
3052728
3052729
3052730
3052731
3052732
3052733
3052734
3052735
3052736
3052737
3052738
3052739
3052740
3052742
3052743
3052744
3052746
3052748
3052749
3052750
3052751
3052753
3052754
3052755
3052756
3052757
3052759
3052760
3052761
3052762
3052763
3052764
3052765
3052766
3052767
3052768
3052769
3052770
3052771
3052772
3052773
3052774
3052775
3052776
3052777
3052778
3052779
3052780
3052783
3052788
3052789
3052797
3052798
3052802
3052803
3052804
3052805
3052806
3052807
3052808
3052809
3052811
3052812
3052813
3052814
3052815
3052816
3052817
3052819
3052821
3052822
3052826
3052827
3052828
3052829
3052830
3052842
3052843
3052844
3053249
3053250
3053254
3053255
3053256
3053257
3053258
3053259
3053260
3053378
3053430
3053432
3053433
3053434
3053435
3053436
3053437
3053438
3053439
3053441
3053442
3053480
3053519
3053650
3053652
3053653
3053654
3053731
3053732
3053733
3053734
3053735
3053736
3053737
3053739
3053743
3053824
3053828
3053830
3053831
3053833
3053861
3053863
3053864
3053870
3053873
3053874
3053875
3053877
3053879
3053881
3054435
3054764
3054915
3055449
3055450
3055744
3055745
3055746
3055747
3055748
3055749
3055752
3055758
3055872
3055873
3056110
3056112
3056113
3056114
3056115
3056116
3056163
3056165
3056211
3056214
3056215
3056216
3056220
3056221
3056222
3056223
3056224
3056225
3056226
3056227
3056228
3056358
3056366
3056368
3056369
3056370
3056377
3056378
3056379
3056380
3056388
3056389
3056390
3056391
3056392
3056393
3056394
3056395
3056396
3056397
3056398
3056399
3056400
3056401
3056402
3056403
3056404
3056405
3056485
3056489
3056490
3056491
3056492
3056594
3056595
3056596
3056597
3056598
3056599
3056600
3056601
3056602
3056603
3056604
3056606
3056759
3056793
3056794
3056795
3056796
3056797
3056798
3056917
3056952
3056957
3056958
3057100
3057101
3057102
3057103
3057169
3057492
3057969
3057970
3058115
3058116
3058117
3058118
3058119
3058120
3058121
3058122
3058123
3058124
3058125
3058128
3058190
3058423
3058444
3058446
3058613
3058614
3058619
3058626
3058627
3058783
3058784
3058828
3058839
3058840
3058943
3058947
3058956
3058957
3058958
3058959
3058960
3058961
3058969
3058994
3059009
3059011
3059012
3059013
3059014
3059015
3059016
3059019
3059020
3059021
3059064
3059065
3059066
3059067
3059191
3059230
3059231
3059232
3059233
3059248
3059436
3059530
3059687
3059688
3059689
3059690
3059691
3059692
3059694
3059695
3059696
3059697
3059698
3059699
3059700
3059701
3059702
3059703
3059704
3059705
3059706
3059707
3059708
3059710
3059711
3059712
3059713
3059714
3059715
3059716
3059718
3059719
3059720
3059722
3059723
3059724
3059725
3059726
3059727
3059729
3059730
3059731
3059732
3059735
3059736
3059738
3059739
3059740
3059744
3059745
3059746
3059747
3059748
3059749
3059752
3059753
3059754
3059755
3059756
3059757
3059758
3059759
3059760
3059761
3059762
3059763
3059764
3059765
3059766
3059767
3059768
3059769
3059770
3059771
3059772
3059773
3059777
3059778
3059779
3059780
3059781
3059782
3059784
3059786
3059787
3059788
3059789
3059790
3059791
3059792
3059793
3059795
3059796
3059797
3059798
3059799
3059800
3059801
3059802
3059803
3059804
3059807
3059808
3059809
3059810
3059811
3059812
3059813
3059814
3059815
3059817
3059818
3059819
3059820
3059821
3059822
3059823
3059825
3059827
3059830
3059832
3059833
3059834
3059837
3059838
3059841
3059842
3059846
3059850
3059851
3059852
3059853
3059854
3059855
3059856
3059857
3059858
3059859
3059860
3059861
3059862
3059869
3059870
3059872
3059873
3059874
3059879
3059880
3059885
3059886
3059887
3059888
3059889
3059891
3059892
3059893
3059894
3059895
3059896
3059897
3059898
3059899
3059900
3059902
3059903
3059904
3059905
3059906
3059907
3059908
3059909
3059910
3059911
3059912
3059913
3059916
3059918
3059921
3059922
3059925
3059928
3059936
3059937
3059944
3059948
3059949
3059950
3059953
3059954
3059955
3059956
3059957
3059959
3059960
3059961
3059963
3059964
3059965
3059967
3059968
3059970
3059971
3059972
3059973
3059974
3059975
3059976
3059977
3059978
3059979
3059980
3059982
3059983
3059984
3059985
3059986
3059987
3059988
3059990
3059991
3059992
3059993
3059994
3059995
3059996
3059997
3059998
3059999
3060000
3060006
3060007
3060008
3060009
3060010
3060011
3060012
3060013
3060014
3060015
3060016
3060017
3060018
3060020
3060021
3060022
3060024
3060025
3060026
3060027
3060029
3060030
3060031
3060033
3060034
3060036
3060037
3060039
3060040
3060041
3060044
3060045
3060046
3060047
3060048
3060049
3060050
3060051
3060052
3060053
3060055
3060057
3060058
3060059
3060060
3060061
3060062
3060063
3060064
3060065
3060066
3060067
3060068
3060069
3060070
3060071
3060072
3060073
3060074
3060076
3060077
3060078
3060079
3060080
3060081
3060082
3060083
3060084
3060159
3060160
3060163
3060164
3060165
3060166
3060168
3060169
3060170
3060171
3060172
3060173
3060174
3060175
3060177
3060179
3060180
3060181
3060183
3060185
3060186
3060187
3060188
3060189
3060190
3060193
3060196
3060301
3060302
3060303
3060304
3060305
3060306
3060307
3060308
3060309
3060310
3060311
3060313
3060314
3060315
3060316
3060317
3060318
3060319
3060320
3060321
3060322
3060323
3060324
3060325
3060326
3060327
3060328
3060329
3060330
3060331
3060332
3060333
3060334
3060335
3060337
3060338
3060339
3060340
3060341
3060342
3060343
3060344
3060345
3060346
3060347
3060348
3060350
3060351
3060352
3060353
3060354
3060355
3060356
3060357
3060358
3060359
3060360
3060361
3060362
3060363
3060364
3060365
3060366
3060367
3060368
3060369
3060370
3060371
3060372
3060373
3060374
3060375
3060376
3060377
3060378
3060379
3060380
3060381
3060382
3060383
3060384
3060385
3060387
3060388
3060389
3060390
3060391
3060392
3060394
3060395
3060397
3060398
3060399
3060400
3060401
3060402
3060403
3060404
3060405
3060406
3060407
3060408
3060413
3060414
3060415
3060416
3060417
3060418
3060420
3060421
3060422
3060423
3060424
3060426
3060427
3060428
3060429
3060430
3060432
3060433
3060434
3060435
3060436
3060461
3060463
3060464
3060467
3060472
3060477
3060493
3060502
3060504
3060505
3060506
3060507
3060508
3060509
3060512
3060513
3060514
3060515
3060516
3060517
3060518
3060519
3060520
3060521
3060522
3060523
3060524
3060528
3060529
3060532
3060534
3060535
3060536
3060537
3060538
3060539
3060540
3060541
3060542
3060545
3060549
3060550
3060551
3060623
3060624
3060625
3060626
3060627
3060628
3060629
3060630
3060632
3060633
3060634
3060635
3060637
3060638
3060639
3060640
3060641
3060642
3060644
3060645
3060646
3060647
3060648
3060649
3060650
3060651
3060653
3060656
3060659
3060661
3060664
3060665
3060666
3060667
3060668
3060669
3060670
3060671
3060672
3060673
3060674
3060675
3060676
3060678
3060679
3060680
3060681
3060685
3060688
3060689
3060690
3060691
3060692
3060693
3060695
3060697
3060698
3060700
3060701
3060702
3060703
3060704
3060705
3060706
3060708
3060710
3060711
3060712
3060713
3060714
3060715
3060716
3060717
3060721
3060722
3060723
3060725
3060726
3060727
3060728
3060729
3060736
3060737
3060738
3060739
3060741
3060743
3060744
3060746
3060747
3060749
3060750
3060751
3060752
3060753
3060754
3060755
3060756
3060757
3060758
3060771
3060772
3060773
3060774
3060775
3060776
3060777
3060778
3060780
3060781
3060782
3060783
3060784
3060785
3060787
3060788
3060789
3060790
3060792
3060795
3060796
3060797
3060798
3060799
3060800
3060801
3060802
3060803
3060804
3060805
3060806
3060807
3060808
3060809
3060810
3060811
3060812
3060813
3060814
3060815
3060816
3060818
3060821
3060822
3060823
3060824
3060825
3060826
3060827
3060828
3060829
3060830
3060961
3061015
3061041
3061042
3061070
3061174
3061231
3061287
3061288
3061294
3061295
3061297
3061299
3061300
3061301
3061309
3061624
3061633
3061635
3061636
3061645
3061650
3061651
3061652
3061759
3061950
3061951
3061952
3061953
3061954
3061955
3061956
3061987
3061988
3061992
3061993
3061994
3062017
3062018
3062021
3062022
3062246
3062248
3062249
3062347
3062544
3062763
3062764
3062765
3062766
3062768
3062769
3062770
3062771
3062772
3062773
3062775
3062776
3062814
3062821
3062822
3062823
3062824
3062825
3062826
3062829
3062831
3062832
3062833
3062834
3062835
3062836
3062837
3062838
3062840
3062841
3062842
3062843
3062844
3062845
3062848
3062869
3062870
3062871
3062872
3062873
3062874
3062876
3062877
3062878
3062879
3062880
3062881
3062882
3062883
3062884
3062885
3062886
3062887
3062888
3062889
3062890
3062891
3062892
3062893
3062894
3062895
3062896
3062897
3062898
3062899
3062900
3062901
3062902
3062903
3062904
3062905
3062906
3062907
3062908
3062909
3062910
3062911
3062912
3062913
3062914
3062915
3062916
3062917
3062918
3062919
3062920
3062921
3062922
3062923
3062924
3062925
3062926
3062927
3062928
3062929
3062930
3062931
3062932
3062933
3062934
3062935
3062936
3062937
3062938
3062939
3062940
3062941
3062942
3062943
3062944
3062945
3062946
3062947
3062948
3062949
3062950
3062951
3062952
3062953
3062954
3062955
3062957
3062958
3062959
3062960
3062961
3062962
3062963
3062964
3062965
3062966
3062967
3062969
3062970
3062971
3062972
3062973
3062974
3062975
3062976
3062978
3062979
3062980
3062981
3062982
3062983
3062984
3062985
3062986
3062987
3062988
3062989
3062990
3062991
3062992
3062993
3062994
3062995
3062996
3062997
3062998
3063000
3063001
3063002
3063003
3063004
3063005
3063006
3063007
3063008
3063009
3063010
3063011
3063012
3063013
3063014
3063015
3063016
3063017
3063018
3063019
3063020
3063021
3063022
3063023
3063024
3063025
3063027
3063028
3063029
3063030
3063031
3063032
3063033
3063034
3063035
3063036
3063037
3063038
3063039
3063040
3063041
3063042
3063043
3063044
3063045
3063046
3063047
3063048
3063049
3063050
3063051
3063052
3063053
3063054
3063055
3063056
3063057
3063058
3063059
3063060
3063061
3063062
3063063
3063064
3063065
3063066
3063067
3063068
3063069
3063070
3063071
3063072
3063073
3063074
3063075
3063076
3063077
3063078
3063079
3063080
3063081
3063082
3063083
3063084
3063085
3063086
3063087
3063088
3063089
3063091
3063092
3063093
3063094
3063095
3063096
3063098
3063099
3063100
3063101
3063102
3063103
3063105
3063106
3063107
3063108
3063109
3063110
3063111
3063112
3063113
3063114
3063115
3063116
3063118
3063119
3063120
3063121
3063122
3063123
3063124
3063125
3063126
3063127
3063128
3063129
3063130
3063131
3063132
3063133
3063134
3063138
3063139
3063140
3063141
3063143
3063144
3063145
3063146
3063147
3063149
3063150
3063209
3063210
3063211
3063212
3063213
3063214
3063215
3063216
3063217
3063218
3063219
3063220
3063222
3063223
3063224
3063225
3063226
3063227
3063228
3063229
3063230
3063231
3063232
3063233
3063234
3063235
3063236
3063237
3063238
3063239
3063240
3063241
3063242
3063243
3063244
3063245
3063246
3063247
3063248
3063249
3063250
3063253
3063254
3063255
3063256
3063257
3063258
3063259
3063260
3063261
3063262
3063263
3063264
3063266
3063267
3063268
3063271
3063272
3063273
3063274
3063275
3063276
3063277
3063278
3063279
3063280
3063281
3063282
3063283
3063285
3063286
3063287
3063289
3063336
3063337
3063338
3063339
3063340
3063341
3063342
3063344
3063345
3063346
3063348
3063349
3063351
3063352
3063353
3063354
3063355
3063356
3063358
3063359
3063361
3063363
3063364
3063365
3063367
3063368
3063369
3063370
3063371
3063372
3063373
3063374
3063375
3063376
3063378
3063379
3063380
3063382
3063383
3063384
3063385
3063386
3063388
3063389
3063390
3063392
3063393
3063394
3063395
3063397
3063398
3063399
3063400
3063401
3063402
3063403
3063404
3063405
3063406
3063407
3063408
3063409
3063410
3063411
3063412
3063414
3063418
3063419
3063420
3063421
3063422
3063423
3063424
3063425
3063426
3063427
3063428
3063430
3063431
3063432
3063433
3063434
3063435
3063436
3063437
3063438
3063439
3063440
3063441
3063444
3063446
3063447
3063448
3063449
3063450
3063451
3063452
3063453
3063454
3063455
3063456
3063459
3063460
3063462
3063463
3063464
3063465
3063466
3063470
3063471
3063473
3063474
3063476
3063477
3063478
3063479
3063480
3063481
3063482
3063484
3063485
3063489
3063490
3063491
3063492
3063493
3063494
3063495
3063496
3063497
3063499
3063500
3063501
3063502
3063503
3063504
3063505
3063506
3063507
3063508
3063509
3063510
3063511
3063512
3063513
3063514
3063515
3063516
3063517
3063518
3063519
3063761
3063767
3063814
3063959
3063960
3064020
3064026
3064037
3064049
3064050
3064051
3064052
3064053
3064054
3064055
3064056
3064057
3064058
3064082
3064083
3064084
3064085
3064086
3064087
3064088
3064090
3064092
3064111
3064113
3064166
3064179
3064180
3064181
3064182
3064185
3064186
3064243
3064271
3064291
3064292
3064295
3064722
3064723
3064725
3064726
3064729
3064730
3064808
3064989
3065014
3065016
3065043
3065047
3065050
3065051
3065052
3065053
3065054
3065055
3065057
3065060
3065069
3065070
3065071
3065074
3065077
3065167
3065243
3065244
3065246
3065247
3065250
3065252
3065253
3065254
3065256
3065257
3065258
3065260
3065398
3065407
3065408
3065409
3065410
3065411
3065412
3065413
3065414
3065415
3065416
3065417
3065418
3065421
3065430
3065431
3065432
3065433
3065434
3065646
3065691
3065692
3065693
3065694
3065695
3065696
3065697
3065698
3065699
3065700
3065701
3065702
3065703
3065704
3065879
3066367
3066377
3066385
3066400
3066414
3066423
3066429
3066430
3066436
3066444
3066445
3066446
3066448
3066450
3066451
3066452
3066453
3066458
3066462
3066463
3066464
3066473
3066475
3066476
3066477
3066478
3066480
3066482
3066483
3066486
3066491
3066492
3066493
3066495
3066496
3066499
3066502
3066504
3066507
3066509
3066511
3066513
3066514
3066515
3066516
3066518
3066519
3066520
3066523
3066525
3066526
3066527
3066528
3066530
3066533
3066534
3066537
3066538
3066541
3066542
3066543
3066544
3066545
3066549
3066550
3066553
3066554
3066559
3066562
3066563
3066566
3066568
3066569
3066571
3066573
3066577
3066581
3066585
3066586
3066589
3066591
3066597
3066598
3066600
3066601
3066606
3066608
3066609
3066616
3066620
3066621
3066622
3066623
3066624
3066630
3066633
3066635
3066639
3066644
3066648
3066650
3066652
3066653
3066657
3066658
3066666
3066667
3066673
3066676
3066678
3066679
3066680
3066681
3066683
3066686
3066687
3066688
3066689
3066691
3066694
3066695
3066696
3066697
3066699
3066702
3066708
3066713
3066717
3066719
3066721
3066723
3066727
3066730
3066731
3066732
3066733
3066736
3066738
3066741
3066742
3066745
3066750
3066751
3066752
3066753
3066759
3066761
3066763
3066764
3066766
3066768
3066770
3066771
3066772
3066773
3066774
3066777
3066779
3066784
3066787
3066789
3066791
3066794
3066795
3066796
3066798
3066799
3066800
3066803
3066804
3066806
3066807
3066809
3066810
3066811
3066813
3066814
3066818
3066825
3066828
3066830
3066833
3066834
3066836
3066841
3066842
3066848
3066849
3066850
3066851
3066852
3066853
3066855
3066856
3066858
3066859
3066860
3066862
3066863
3066864
3066865
3066866
3066867
3066868
3066869
3066870
3066871
3066872
3066874
3066876
3066878
3066879
3066880
3066881
3066882
3066884
3066886
3066887
3066888
3066889
3066890
3066892
3066894
3066895
3066896
3066898
3066899
3066900
3066901
3066902
3066903
3066904
3066906
3066907
3066908
3066909
3066911
3066912
3066914
3066915
3066916
3066917
3066918
3066921
3066923
3066925
3066926
3066927
3066928
3066930
3066932
3066933
3066934
3066935
3066937
3066938
3066939
3066940
3066941
3066942
3066944
3066945
3066946
3066947
3066948
3066949
3066951
3066952
3066953
3066955
3066958
3066959
3066960
3066961
3066962
3066963
3066964
3066969
3066970
3066972
3066973
3066974
3066975
3066976
3066978
3066979
3066981
3066982
3066983
3066984
3066985
3066986
3066987
3066988
3066990
3066991
3066992
3066995
3066997
3067001
3067002
3067004
3067005
3067006
3067009
3067011
3067012
3067013
3067014
3067015
3067016
3067018
3067019
3067023
3067024
3067025
3067027
3067030
3067035
3067036
3067037
3067041
3067042
3067044
3067045
3067046
3067047
3067048
3067049
3067050
3067051
3067053
3067055
3067056
3067057
3067058
3067059
3067060
3067061
3067062
3067063
3067064
3067065
3067066
3067067
3067068
3067070
3067071
3067072
3067073
3067074
3067075
3067077
3067078
3067079
3067081
3067082
3067083
3067084
3067086
3067087
3067088
3067089
3067090
3067092
3067093
3067094
3067095
3067098
3067099
3067100
3067103
3067104
3067107
3067108
3067110
3067111
3067112
3067113
3067114
3067115
3067117
3067119
3067130
3067141
3067146
3067150
3067157
3067160
3067162
3067166
3067169
3067173
3067174
3067204
3067208
3067209
3067210
3067211
3067214
3067216
3067217
3067218
3067222
3067223
3067232
3067233
3067234
3067236
3067240
3067241
3067242
3067243
3067246
3067247
3067252
3067257
3067264
3067266
3067270
3067296
3067641
3067642
3067656
3067670
3067671
3067704
3067716
3067724
3067734
3067737
3067740
3067746
3067783
3067788
3067796
3067797
3067798
3067799
3067800
3067801
3067802
3067803
3067804
3067806
3067807
3067808
3067809
3067810
3067811
3067812
3067813
3067814
3067815
3067816
3067817
3067818
3067819
3067820
3067821
3067822
3067823
3067824
3067825
3067826
3067827
3067830
3067831
3067841
3067845
3067846
3067850
3067854
3067881
3067896
3067899
3067900
3068222
3068237
3068240
3068245
3068252
3068253
3068353
3068354
3068355
3068356
3068357
3068358
3068359
3068360
3068361
3068362
3068363
3068364
3068365
3068366
3068367
3068369
3068370
3068371
3068372
3068373
3068375
3068377
3068378
3068383
3068396
3068402
3068424
3068448
3068457
3068460
3068463
3068465
3068466
3068507
3068508
3068509
3068512
3068524
3068537
3068538
3068539
3068605
3068663
3068664
3068666
3068667
3068668
3068669
3068670
3068671
3068672
3068673
3068685
3068686
3068690
3068694
3068780
3068783
3068784
3068787
3068788
3068790
3068799
3068806
3068818
3068821
3068822
3068840
3068888
3069078
3069117
3069272
3069505
3069506
3069507
3069508
3069509
3069510
3069511
3069512
3069513
3069514
3069515
3069516
3069518
3069585
3069600
3069714
3069975
3069976
3070156
3070170
3070171
3070172
3070173
3070179
3070189
3070198
3070199
3070201
3070299
3070616
3070621
3070622
3070623
3070624
3070625
3070626
3070627
3070628
3070632
3070633
3070700
3070776
3070777
3070778
3070807
3070808
3070809
3070820
3070825
3070841
3070842
3070845
3070912
3070917
3070923
3071005
3071007
3071075
3071093
3071097
3071141
3071142
3071143
3071144
3071145
3071146
3071147
3071148
3071149
3071150
3071152
3071153
3071154
3071156
3071157
3071159
3071160
3071161
3071162
3071164
3071165
3071166
3071167
3071168
3071169
3071171
3071172
3071173
3071174
3071175
3071176
3071177
3071178
3071179
3071180
3071182
3071183
3071184
3071185
3071186
3071187
3071188
3071189
3071191
3071192
3071193
3071194
3071195
3071196
3071197
3071199
3071200
3071201
3071202
3071203
3071204
3071205
3071206
3071210
3071212
3071213
3071214
3071215
3071225
3071229
3071234
3071241
3071279
3071280
3071284
3071285
3071295
3071296
3071303
3071304
3071306
3071307
3071308
3071309
3071324
3071325
3071326
3071459
3071548
3071606
3071607
3071609
3071610
3071611
3071612
3071613
3071614
3071616
3071617
3071618
3071619
3071620
3071621
3071622
3071623
3071624
3071625
3071626
3071627
3071628
3071630
3071631
3071632
3071633
3071634
3071635
3071636
3071637
3071638
3071639
3071640
3071641
3071643
3071644
3071645
3071646
3071647
3071648
3071650
3071651
3071652
3071653
3071654
3071655
3071656
3071657
3071658
3071659
3071660
3071661
3071662
3071663
3071664
3071665
3071666
3071667
3071668
3071669
3071670
3071671
3071672
3071673
3071674
3071676
3071677
3071678
3071679
3071680
3071681
3071797
3071798
3071799
3072188
3072190
3072192
3072193
3072194
3072195
3072196
3072197
3072199
3072200
3072201
3072202
3072204
3072206
3072208
3072212
3072213
3072216
3072217
3072219
3072220
3072224
3072303
3072331
3072484
3072801
3072821
3072822
3072833
3072834
3072835
3072836
3072837
3072838
3072839
3072840
3072841
3072842
3072843
3072844
3072845
3072846
3072847
3072848
3072849
3072850
3072933
3072949
3073016
3073017
3073018
3073024
3073028
3073039
3073040
3073043
3073044
3073046
3073059
3073124
3073126
3073259
3073343
3073354
3073430
3073432
3073433
3073434
3073435
3073608
3073747
3073886
3073889
3073943
3073945
3073993
3073996
3074122
3074150
3074151
3074152
3074153
3074154
3074155
3074156
3074157
3074158
3074266
3074277
3074303
3074314
3074381
3074390
3074391
3074392
3074393
3074394
3074395
3074438
3074475
3074486
3074487
3074490
3074491
3074492
3074535
3074536
3074537
3074538
3074540
3074846
3074847
3074848
3074901
3075035
3075036
3075041
3075042
3075072
3075080
3075081
3075087
3075088
3075089
3075108
3075109
3075110
3075128
3075129
3075130
3075134
3075136
3075145
3075146
3075157
3075159
3075160
3075162
3075163
3075164
3075165
3075166
3075167
3075168
3075169
3075170
3075171
3075173
3075174
3075176
3075177
3075178
3075180
3075181
3075183
3075184
3075186
3075187
3075188
3075189
3075194
3075195
3075233
3075320
3075344
3075374
3075435
3075436
3075443
3075444
3075447
3075549
3075566
3075567
3075568
3075581
3075679
3075854
3075855
3075856
3075860
3075862
3075865
3075866
3075925
3075938
3075939
3075950
3075951
3075953
3075954
3075955
3075956
3075957
3075958
3075959
3075960
3075962
3075963
3075964
3075965
3075966
3075968
3075969
3075970
3075971
3075972
3075973
3075974
3075975
3076127
3076128
3076129
3076135
3076136
3076137
3076163
3076194
3076392
3076548
3076561
3076562
3076563
3076564
3076566
3076567
3076568
3076569
3076570
3076571
3076572
3076573
3076575
3076580
3076582
3076583
3076584
3076585
3076586
3076587
3076588
3076589
3076590
3076591
3076592
3076593
3076594
3076597
3076598
3076600
3076601
3076602
3076663
3076665
3076717
3076763
3076770
3076780
3076781
3076786
3076787
3076790
3076791
3076793
3076795
3076796
3076797
3076798
3076801
3076807
3076808
3076809
3076812
3076816
3076817
3076820
3076821
3076822
3076825
3076974
3076977
3076992
3076993
3077006
3077030
3077031
3077032
3077033
3077036
3077037
3077043
3077044
3077045
3077114
3077134
3077135
3077141
3077142
3077143
3077144
3077145
3077146
3077147
3077148
3077150
3077152
3077153
3077154
3077155
3077156
3077157
3077158
3077159
3077160
3077161
3077162
3077163
3077164
3077166
3077167
3077168
3077169
3077170
3077171
3077172
3077174
3077175
3077176
3077177
3077179
3077180
3077242
3077243
3077244
3077245
3077248
3077249
3077250
3077251
3077252
3077253
3077254
3077255
3077256
3077257
3077258
3077259
3077260
3077261
3077262
3077263
3077265
3077266
3077267
3077268
3077269
3077270
3077271
3077272
3077273
3077274
3077297
3077351
3077352
3077354
3077355
3077356
3077357
3077358
3077359
3077360
3077361
3077362
3077363
3077364
3077365
3077385
3077386
3077387
3077388
3077389
3077391
3077392
3077393
3077394
3077395
3077396
3077397
3077406
3077407
3077408
3077409
3077410
3077411
3077412
3077413
3077421
3077422
3077423
3077424
3077425
3077426
3077427
3077428
3077429
3077430
3077431
3077433
3077434
3077436
3077437
3077439
3077440
3077441
3077470
3077473
3077475
3077479
3077480
3077481
3077482
3077484
3077485
3077486
3077487
3077488
3077489
3077490
3077491
3077492
3077493
3077494
3077495
3077496
3077497
3077498
3077500
3077505
3077506
3077508
3077514
3077515
3077516
3077517
3077518
3077521
3077522
3077523
3077525
3077539
3077544
3077555
3077558
3077560
3077566
3077568
3077580
3077593
3077594
3077595
3077596
3077598
3077599
3077600
3077601
3077602
3077603
3077606
3077790
3077791
3077792
3077793
3077796
3077797
3077798
3077799
3077800
3077801
3077802
3077803
3077804
3077805
3077806
3077807
3077808
3077809
3077810
3077813
3077814
3077815
3077816
3077817
3077820
3077821
3077822
3077825
3077826
3077827
3077829
3077833
3077841
3077848
3077850
3077852
3077853
3077861
3077862
3077879
3077958
3077960
3078204
3078267
3078269
3078270
3078271
3078272
3078273
3078276
3078278
3078282
3078283
3078285
3078287
3078288
3078289
3078291
3078292
3078294
3078295
3078297
3078298
3078299
3078300
3078301
3078302
3078305
3078307
3078309
3078310
3078311
3078312
3078313
3078315
3078316
3078317
3078321
3078322
3078323
3078324
3078326
3078331
3078332
3078333
3078334
3078335
3078336
3078339
3078340
3078342
3078344
3078345
3078346
3078348
3078349
3078350
3078352
3078353
3078356
3078359
3078360
3078361
3078362
3078363
3078364
3078365
3078366
3078374
3078375
3078376
3078377
3078381
3078384
3078385
3078386
3078388
3078389
3078393
3078394
3078397
3078401
3078405
3078412
3078437
3078440
3078441
3078442
3078443
3078460
3078488
3078550
3078569
3078571
3078572
3078573
3078574
3078575
3078576
3078577
3078578
3078579
3078580
3078811
3078847
3078858
3078859
3078973
3078974
3078977
3078979
3079056
3079361
3079362
3079363
3079364
3079365
3079366
3079517
3079518
3079519
3079520
3079521
3079522
3079523
3079524
3079525
3079527
3079557
3079558
3079559
3079561
3079563
3079564
3079566
3079567
3079568
3079569
3079570
3079571
3079573
3079576
3079577
3079578
3079579
3079580
3079581
3079583
3079584
3079585
3079586
3079587
3079598
3079599
3079602
3079603
3079604
3079605
3079606
3079607
3079656
3079657
3079663
3079664
3079665
3079683
3079684
3079686
3079687
3079707
3079710
3079711
3079712
3079799
3079816
3079817
3079863
3079864
3079865
3079971
3080342
3080343
3080344
3080522
3080759
3080760
3080761
3080769
3080770
3080801
3080824
3080879
3080959
3080962
3081027
3081028
3081042
3081043
3081044
3081045
3081046
3081047
3081048
3081137
3081314
3081628
3081629
3081631
3081632
3081665
3081666
3081823
3081824
3081825
3081827
3081987
3082023
3082040
3082114
3082115
3082116
3082137
3082140
3082142
3082143
3082145
3082258
3082260
3082270
3082392
3082396
3082892
3082893
3083271
3083291
3083292
3083293
3083295
3083299
3083300
3083301
3083302
3083303
3083305
3083307
3083308
3083310
3083311
3083312
3083313
3083318
3083323
3083327
3083328
3083329
3083330
3083332
3083333
3083335
3083336
3083337
3083338
3083339
3083340
3083341
3083342
3083343
3083345
3083346
3083348
3083349
3083350
3083352
3083353
3083355
3083356
3083357
3083358
3083360
3083428
3083429
3083430
3083431
3083432
3083433
3083436
3083437
3083438
3083439
3083440
3083441
3083442
3083444
3083446
3083447
3083448
3083450
3083451
3083454
3083456
3083457
3083458
3083537
3083539
3083541
3083644
3083648
3083650
3083651
3083652
3083654
3083655
3083656
3083657
3083658
3083661
3083662
3083665
3083667
3083668
3083669
3083670
3083672
3083780
3083781
3083782
3083783
3083785
3083788
3083791
3083792
3083793
3083794
3083795
3083796
3083948
3083949
3083952
3083953
3083954
3083955
3083957
3083958
3083959
3083961
3083968
3083970
3083972
3083973
3083976
3083979
3084060
3084062
3084063
3084064
3084069
3084072
3084073
3084074
3084075
3084077
3084083
3084090
3084631
3084632
3084634
3084637
3084638
3084640
3084643
3084645
3084647
3084648
3084649
3084651
3084652
3084653
3084654
3084656
3084657
3084658
3084666
3084671
3084672
3084675
3084676
3084678
3084681
3084682
3084683
3084685
3084686
3084687
3084689
3084692
3084693
3084694
3084695
3084696
3084697
3084698
3084699
3084702
3084708
3084711
3084714
3084716
3084718
3084722
3084723
3084725
3084730
3084731
3084732
3084735
3084736
3084741
3084742
3084750
3084751
3084754
3084757
3084758
3084763
3084765
3084768
3084770
3084771
3084772
3084773
3084774
3084775
3084776
3084777
3084779
3084781
3084786
3084787
3084788
3084791
3084792
3084794
3084797
3084799
3084801
3084802
3084804
3084805
3084809
3084810
3084811
3084813
3084814
3084815
3084818
3084819
3084820
3084824
3084826
3084828
3084829
3084831
3084832
3084833
3084834
3084835
3084837
3084838
3084839
3084842
3084843
3084860
3084861
3084863
3084865
3084868
3084872
3084876
3084880
3084884
3084887
3084890
3084891
3084892
3084895
3084898
3084905
3084907
3084911
3084913
3084914
3084917
3084918
3084926
3084927
3084928
3084930
3084931
3084935
3084936
3084938
3084939
3084944
3084945
3084954
3084962
3084963
3084964
3084988
3084989
3085092
3085107
3085163
3085220
3085221
3085222
3085316
3085898
3085899
3086082
3086109
3086114
3086115
3086116
3086117
3086118
3086119
3086120
3086121
3086125
3086126
3086127
3086128
3086129
3086130
3086131
3086132
3086988
3087168
3088121
3088146
3088339
3088344
3088363
3088761
3088762
3088763
3088876
3088877
3088885
3088886
3088887
3090671
3090672
3090673
3090679
3090680
3090775
3090776
3090777
3090830
3090831
3090860
3090866
3090867
3090868
3090917
3092169
3092170
3092174
3092175
3092176
3092177
3092178
3092179
3092208
3092209
3092212
3092266
3092267
3092268
3092269
3092332
3092344
3092518
3092519
3092520
3092521
3092522
3092523
3092524
3092525
3092526
3092552
3092553
3092555
3092557
3092583
3092584
3092589
3092590
3092591
3092593
3092598
3092600
3092601
3092602
3092603
3092605
3092638
3092639
3092641
3092642
3092670
3092671
3092672
3092754
3093636
3093637
3093639
3093644
3093645
3093646
3093647
3093648
3093649
3093650
3093715
3093730
3093841
3093888
3093889
3093890
3093891
3093892
3093914
3093916
3093917
3093924
3093925
3093926
3093927
3093928
3093929
3093932
3093933
3093937
3093939
3093940
3093941
3093946
3093947
3093951
3093952
3093953
3093956
3093958
3094169
3094170
3094171
3094172
3094176
3094177
3094179
3094180
3094181
3094182
3094183
3094184
3094185
3094186
3094187
3094188
3094190
3094191
3094192
3094193
3094195
3094196
3094197
3094198
3094199
3094200
3094201
3094203
3094205
3094206
3094207
3094208
3094209
3094210
3094211
3094212
3094213
3094214
3094215
3094216
3094217
3094218
3094219
3094220
3094221
3094223
3094224
3094226
3094227
3094228
3094230
3094231
3094232
3094233
3094235
3094237
3094238
3094239
3094240
3094241
3094242
3094243
3094244
3094245
3094246
3094247
3094248
3094249
3094250
3094252
3094253
3094257
3094258
3094259
3094260
3094261
3094262
3094263
3094264
3094265
3094267
3094268
3094269
3094270
3094271
3094272
3094273
3094274
3094275
3094276
3094277
3094278
3094279
3094280
3094281
3094845
3094855
3094918
3095168
3095171
3095218
3095219
3095220
3095221
3095222
3095223
3095229
3095240
3095284
3095287
3095288
3095289
3095290
3095295
3095299
3095300
3095306
3095307
3095308
3095309
3095313
3095316
3095318
3095319
3095320
3095321
3095439
3095895
3095964
3096002
3096003
3096073
3096078
3096122
3096123
3096133
3096134
3096143
3096144
3096149
3096150
3096151
3096152
3096153
3096167
3096168
3096169
3096170
3096171
3096172
3096173
3096174
3096258
3096544
3096545
3096622
3096631
3096983
3096984
3096985
3096986
3096999
3097000
3097002
3097004
3097005
3097009
3097013
3097363
3097364
3097365
3097366
3097436
3097437
3097441
3097445
3097458
3097467
3097468
3097469
3097470
3097471
3097472
3097473
3097474
3097475
3097476
3097477
3097491
3098095
3098249
3098252
3098253
3098254
3098255
3098256
3098257
3098259
3098260
3098261
3098262
3098263
3098264
3098265
3098266
3098267
3098268
3098269
3098270
3098271
3098272
3098273
3098276
3098277
3098278
3098279
3098280
3098281
3098282
3098283
3098284
3098286
3098653
3098678
3098933
3098934
3098937
3098938
3098939
3098948
3098949
3098951
3098954
3098956
3099820
3099827
3099830
3099832
3099841
3099843
3099845
3099848
3099849
3099851
3099864
3099867
3099878
3099881
3099891
3099894
3099902
3099903
3099913
3099915
3099916
3099917
3099918
3099923
3099946
3099947
3099956
3099966
3099973
3099977
3101553
3101568
3101570
3101571
3101595
3101596
3101597
3101598
3101599
3101602
3101603
3101604
3101605
3101606
3101607
3101705
3101706
3101754
3101755
3101756
3102702
3102707
3102713
3102987
3102988
3102989
3103121
3103131
3103160
3104005
3104226
3104297
3104531
3104547
3104549
3104553
3104554
3104555
3104556
3104557
3104559
3104761
3104762
3104763
3104764
3104765
3104770
3104771
3104774
3104883
3104918
3104925
3104936
3104974
3104997
3105002
3105011
3105016
3105031
3105165
3105211
3105241
3105242
3105243
3105244
3105247
3105248
3105251
3105253
3105269
3105272
3105274
3105279
3105283
3105286
3105287
3105289
3105291
3105312
3105346
3105354
3105356
3105358
3105393
3105395
3105396
3105533
3105651
3105654
3105671
3105672
3105684
3105699
3105717
3105721
3105745
3105752
3105760
3105770
3105771
3105776
3105797
3105821
3105839
3106170
3106171
3107888
3107921
3108088
3108091
3108092
3108093
3108094
3108095
3108096
3108097
3108100
3108101
3108102
3108103
3108104
3108105
3108106
3108107
3108108
3108109
3108110
3108111
3108112
3108113
3108114
3108115
3108116
3108117
3108118
3108119
3108120
3108121
3108122
3108123
3108124
3108125
3108126
3108127
3108128
3108129
3108130
3108131
3108132
3108133
3108134
3108135
3108136
3108137
3108138
3108139
3108140
3108141
3108142
3108143
3108144
3108145
3108146
3108147
3108148
3108149
3108150
3108151
3108152
3108153
3108154
3108155
3108156
3108157
3108158
3108159
3108160
3108161
3108162
3108354
3108355
3108408
3108410
3108545
3108546
3108547
3108755
3108881
3108886
3108887
3108904
3108921
3108922
3108923
3108924
3108955
3108958
3108981
3109000
3109218
3109219
3109224
3109225
3109226
3109227
3109228
3109229
3109398
3109400
3109402
3109404
3109641
3109659
3109717
3109718
3109719
3109968
3109969
3110108
3110221
3110223
3110411
3110414
3110415
3110416
3110417
3110418
3110419
3110481
3110483
3110484
3110486
3110506
3110507
3110509
3110515
3110516
3110517
3110525
3110527
3110530
3110532
3110533
3110534
3110543
3110544
3110545
3110546
3110548
3110550
3110551
3110553
3110554
3110555
3110777
3110778
3110780
3110879
3110880
3110882
3110883
3111469
3111543
3111803
3111804
3111805
3111806
3111814
3111915
3111916
3111957
3111958
3111959
3111960
3111961
3111962
3111964
3111965
3111966
3111968
3111969
3112148
3112377
3112378
3112379
3112592
3112593
3112594
3112595
3112597
3112618
3112633
3112634
3112636
3112637
3112640
3112641
3112642
3112644
3112645
3112648
3112649
3112650
3112651
3112652
3112654
3112655
3112657
3112658
3112659
3112660
3112661
3112662
3112663
3112664
3112667
3112668
3112669
3112670
3112671
3112672
3112673
3112674
3112675
3112676
3112678
3112679
3112680
3112681
3112682
3112683
3112684
3112685
3112686
3112689
3112690
3112691
3112997
3113012
3113346
3113349
3113350
3113351
3113352
3113354
3113356
3113357
3113358
3113360
3113513
3113515
3113517
3113519
3113521
3113565
3113641
3113642
3113643
3113644
3113660
3113733
3113734
3113735
3113736
3113738
3113739
3113740
3113741
3113749
3113796
3113797
3113821
3113822
3113823
3113824
3113825
3114297
3114298
3114388
3114389
3114503
3114684
3114905
3114906
3114919
3114920
3114921
3114929
3115037
3115039
3115046
3115137
3115203
3115367
3115410
3115458
3115459
3115460
3115461
3115468
3115469
3115558
3115559
3115581
3115597
3115662
3115664
3115749
3115753
3115754
3115755
3115757
3115761
3115765
3115766
3115767
3115768
3115769
3115770
3115771
3115772
3115775
3115777
3115779
3115780
3115781
3115782
3115784
3115788
3115791
3115793
3115794
3115797
3115798
3115802
3115803
3115804
3115806
3115807
3115810
3115816
3115817
3115872
3115873
3115874
3115875
3115876
3115877
3115879
3115880
3115882
3115883
3115884
3115885
3115886
3115887
3115888
3115889
3115890
3115891
3115892
3115893
3115894
3115895
3115896
3115897
3115898
3115899
3115900
3115901
3115902
3115903
3115904
3115905
3115906
3115907
3115908
3115909
3115910
3115911
3115912
3115913
3115914
3115915
3115916
3115917
3115919
3115920
3115921
3115922
3115923
3115924
3115925
3115926
3115927
3115928
3115929
3115930
3115931
3115932
3115933
3115934
3115935
3115936
3115937
3115938
3115939
3115940
3115941
3115942
3115943
3115944
3115945
3115946
3115947
3115948
3115949
3115950
3115951
3115952
3115953
3115954
3115955
3115956
3115957
3115958
3115959
3115960
3115961
3115964
3115965
3115966
3115967
3115968
3115969
3115970
3115971
3115972
3115973
3115974
3115975
3115976
3115978
3115979
3115980
3115981
3115982
3115983
3115984
3115986
3115987
3115988
3115989
3115990
3115991
3115992
3115993
3115994
3115995
3115996
3115997
3115999
3116000
3116001
3116002
3116003
3116008
3116010
3116013
3116015
3116017
3116018
3116019
3116020
3116021
3116022
3116023
3116433
3116434
3116453
3116454
3116512
3116513
3116514
3116515
3116671
3116672
3116673
3116674
3116675
3116676
3116677
3116678
3116680
3116682
3116683
3116684
3116685
3116686
3116687
3116688
3116689
3116690
3116691
3116692
3116693
3116694
3116695
3116696
3116697
3116698
3116699
3116700
3116701
3116703
3116705
3116707
3116708
3116710
3116716
3116717
3116718
3116719
3116720
3116721
3116722
3116723
3116724
3116725
3116726
3116727
3116728
3116729
3116730
3116731
3116732
3116733
3116734
3116735
3116736
3116737
3116738
3116739
3116740
3116741
3116742
3116743
3116744
3116745
3116746
3116747
3116748
3116749
3116750
3116753
3116754
3116755
3116757
3116759
3116762
3116769
3116770
3116775
3116810
3116812
3116813
3116814
3116815
3116816
3116823
3116824
3116825
3116827
3116828
3116870
3116878
3116880
3116921
3116922
3116923
3116924
3116925
3116926
3116927
3116941
3116942
3116945
3116946
3116947
3116948
3116949
3116950
3116951
3116952
3116953
3116954
3116955
3116956
3116957
3116959
3116960
3116961
3116962
3116963
3116964
3116965
3116966
3116967
3116968
3116969
3116970
3116971
3116972
3116973
3116974
3116975
3116981
3116983
3116986
3116987
3116988
3116989
3116990
3116991
3116992
3116994
3116999
3117000
3117005
3117008
3117009
3117010
3117033
3117034
3117035
3117038
3117041
3117042
3117043
3117044
3117045
3117046
3117047
3117048
3117049
3117050
3117051
3117053
3117055
3117056
3117057
3117058
3117059
3117060
3117061
3117062
3117063
3117066
3117068
3117072
3117073
3117074
3117075
3117076
3117077
3117078
3117080
3117081
3117082
3117086
3117095
3117098
3117099
3117100
3117101
3117102
3117104
3117105
3117106
3117107
3117108
3117109
3117110
3117113
3117114
3117115
3117116
3117118
3117121
3117122
3117123
3117124
3117125
3117126
3117128
3117129
3117133
3117134
3117135
3117137
3117138
3117139
3117140
3117141
3117142
3117143
3117144
3117145
3117146
3117147
3117150
3117151
3117152
3117153
3117154
3117155
3117156
3117157
3117158
3117159
3117161
3117162
3117163
3117164
3117165
3117166
3117167
3117168
3117169
3117171
3117172
3117174
3117175
3117176
3117177
3117178
3117179
3117180
3117182
3117184
3117185
3117186
3117187
3117188
3117189
3117194
3117195
3117196
3117199
3117200
3117201
3117203
3117204
3117205
3117206
3117208
3117209
3117210
3117214
3117215
3117216
3117217
3117218
3117219
3117220
3117221
3117222
3117223
3117224
3117225
3117226
3117229
3117230
3117231
3117232
3117233
3117234
3117235
3117238
3117239
3117240
3117242
3117243
3117244
3117245
3117246
3117247
3117248
3117249
3117250
3117251
3117252
3117253
3117254
3117255
3117256
3117257
3117262
3117263
3117264
3117265
3117266
3117267
3117268
3117269
3117270
3117272
3117273
3117274
3117276
3117277
3117279
3117282
3117284
3117285
3117286
3117287
3117290
3117291
3117292
3117293
3117294
3117295
3117296
3117297
3117298
3117299
3117300
3117301
3117302
3117303
3117304
3117306
3117307
3117308
3117309
3117310
3117311
3117312
3117313
3117314
3117315
3117316
3117317
3117318
3117319
3117320
3117322
3117323
3117325
3117326
3117328
3117329
3117331
3117332
3117334
3117336
3117337
3117357
3117358
3117359
3117391
3117392
3117412
3117413
3117414
3117415
3117416
3117417
3117419
3117420
3117422
3117423
3117424
3117425
3117427
3117428
3117430
3117431
3117432
3117433
3117453
3117454
3117455
3117464
3117465
3117466
3117467
3117468
3117469
3117470
3117471
3117472
3117473
3117542
3117543
3117544
3117545
3117546
3117547
3117548
3117586
3117587
3117588
3117589
3117680
3117681
3117699
3117704
3117705
3117707
3117708
3118045
3118046
3118047
3118048
3118050
3118051
3118057
3118160
3118303
3118304
3118305
3118306
3118307
3118310
3118527
3118716
3118717
3118720
3118727
3118733
3118735
3118915
3118959
3118971
3118972
3118973
3118974
3118975
3118976
3118977
3118978
3118979
3118980
3118981
3118982
3118983
3118984
3118985
3118987
3119045
3119049
3119059
3119072
3119112
3119327
3119328
3119329
3119341
3119342
3119343
3119344
3119434
3119435
3119436
3119437
3119438
3119439
3119513
3119532
3119555
3119557
3119560
3119561
3119562
3119602
3119603
3119604
3119605
3119620
3119681
3119683
3119686
3119834
3119840
3119841
3119842
3119843
3119844
3119845
3119846
3119865
3119875
3119878
3119881
3119882
3119891
3119892
3119893
3119894
3119895
3119896
3119897
3119898
3119900
3119905
3119906
3119953
3120010
3120033
3120035
3120036
3120038
3120039
3120094
3120095
3120096
3120098
3120099
3120101
3120110
3120178
3120295
3120488
3120489
3120613
3120769
3120871
3120934
3120935
3120936
3121199
3121200
3121209
3121280
3121342
3121343
3121379
3121467
3121468
3121469
3121470
3121471
3122028
3122085
3122505
3122783
3122945
3123101
3123102
3123103
3123104
3123105
3123108
3123109
3123117
3123118
3123325
3123334
3123382
3123383
3123384
3123385
3123386
3123387
3123390
3123391
3123392
3123393
3123394
3123395
3123396
3123397
3123398
3123399
3123400
3123401
3123402
3123403
3123404
3123405
3123406
3123407
3123408
3125768
3125846
3125847
3125848
3125849
3125852
3125854
3125855
3125858
3125908
3125909
3125910
3125915
3125918
3125923
3125928
3125929
3125930
3125931
3125932
3125933
3125934
3125935
3125938
3126011
3126091
3126092
3126093
3126098
3126105
3126158
3126175
3126307
3126494
3126516
3126517
3126522
3126617
3126618
3126619
3126620
3126650
3126652
3126653
3126654
3126655
3126656
3126657
3126658
3126730
3126733
3126752
3126974
3126975
3126977
3126978
3127054
3127058
3127066
3127208
3127217
3127502
3127569
3127570
3127571
3127572
3127573
3127574
3127575
3127576
3127577
3127578
3127580
3127581
3127582
3127583
3127584
3127585
3127586
3127587
3127588
3127589
3127590
3127591
3127592
3127593
3127594
3127595
3127596
3127597
3127598
3127599
3127600
3127601
3127602
3127603
3127604
3127605
3127606
3127607
3127608
3127609
3127610
3127611
3127612
3127613
3127614
3127615
3127616
3127617
3127618
3127619
3127620
3127621
3127622
3127623
3127624
3127625
3127626
3127627
3127628
3127629
3127630
3127671
3127672
3127687
3127688
3127689
3127721
3127723
3127724
3127725
3127726
3127727
3127729
3127730
3127731
3127732
3127733
3127734
3127735
3127736
3127737
3127738
3127739
3127740
3127741
3127742
3127743
3127744
3127745
3127758
3127760
3127762
3127763
3127765
3127766
3127872
3127874
3127876
3127891
3127947
3127948
3127949
3127950
3127951
3127952
3127953
3128044
3128052
3128053
3128054
3128055
3128056
3128057
3128058
3128061
3128062
3128063
3128064
3128065
3128103
3128104
3128105
3128106
3128107
3128108
3128109
3128110
3128113
3128114
3128115
3128116
3128117
3128118
3128130
3128131
3128132
3128133
3128134
3128135
3128136
3128137
3128138
3128139
3128141
3128142
3128143
3128144
3128145
3128146
3128147
3128148
3128149
3128150
3128151
3128152
3128159
3128204
3128205
3128206
3128207
3128208
3128209
3128210
3128211
3128213
3128215
3128228
3128229
3128230
3128231
3128232
3128234
3128235
3128236
3128237
3128238
3128239
3128240
3128241
3128242
3128243
3128244
3128245
3128246
3128247
3128248
3128249
3128250
3128251
3128384
3128385
3128386
3128388
3128389
3128390
3128391
3128392
3128394
3128400
3128403
3128404
3128405
3128406
3128407
3128408
3128410
3128412
3128413
3128414
3128415
3128416
3128418
3128419
3128420
3128421
3128422
3128423
3128424
3128425
3128426
3128427
3128428
3128429
3128430
3128431
3128432
3128433
3128434
3128435
3128436
3128437
3128438
3128440
3128441
3128866
3128867
3128868
3128877
3128878
3128879
3128880
3128881
3128882
3128973
3128976
3128987
3128988
3128989
3129002
3129023
3129029
3129030
3129037
3129038
3129039
3129041
3129114
3129115
3129116
3129138
3129139
3129143
3129220
3129228
3129229
3129242
3129257
3129264
3129265
3129266
3129267
3129299
3129302
3129303
3129304
3129305
3129306
3129309
3129310
3129312
3129313
3129314
3129315
3129316
3129317
3129318
3129320
3129322
3129324
3129326
3129327
3129329
3129333
3129334
3129335
3129336
3129338
3129344
3129345
3129346
3129347
3129349
3129351
3129354
3129355
3129358
3129359
3129360
3129361
3129365
3129366
3129368
3129369
3129370
3129371
3129372
3129373
3129374
3129377
3129378
3129380
3129381
3129382
3129383
3129384
3129385
3129387
3129388
3129391
3129392
3129393
3129394
3129395
3129396
3129397
3129398
3129399
3129400
3129401
3129404
3129405
3129406
3129409
3129410
3129412
3129413
3129415
3129418
3129419
3129420
3129421
3129422
3129424
3129425
3129426
3129427
3129428
3129430
3129432
3129433
3129434
3129436
3129437
3129439
3129440
3129443
3129449
3129450
3129453
3129454
3129455
3129456
3129458
3129459
3129460
3129463
3129464
3129465
3129466
3129468
3129469
3129470
3129471
3129472
3129473
3129474
3129475
3129476
3129478
3129480
3129481
3129482
3129483
3129484
3129485
3129486
3129487
3129488
3129489
3129490
3129491
3129492
3129494
3129498
3129499
3129500
3129501
3129503
3129504
3129505
3129506
3129507
3129508
3129509
3129510
3129512
3129513
3129514
3129517
3129518
3129520
3129522
3129523
3129524
3129525
3129527
3129528
3129529
3129530
3129532
3129533
3129534
3129535
3129536
3129537
3129538
3129539
3129541
3129543
3129544
3129545
3129546
3129548
3129549
3129550
3129551
3129552
3129553
3129554
3129555
3129556
3129557
3129558
3129560
3129562
3129563
3129564
3129567
3129568
3129570
3129571
3129572
3129574
3129575
3129576
3129578
3129579
3129580
3129581
3129582
3129583
3129585
3129586
3129588
3129589
3129591
3129592
3129594
3129595
3129596
3129598
3129600
3129601
3129602
3129603
3129604
3129605
3129607
3129608
3129609
3129610
3129611
3129612
3129613
3129614
3129618
3129619
3129622
3129623
3129624
3129625
3129626
3129627
3129629
3129630
3129631
3129632
3129633
3129634
3129635
3129636
3129637
3129638
3129639
3129640
3129641
3129642
3129643
3129644
3129645
3129647
3129648
3129649
3129650
3129651
3129654
3129655
3129657
3129659
3129660
3129661
3129662
3129663
3129664
3129666
3129668
3129669
3129670
3129671
3129672
3129673
3129674
3129676
3129677
3129679
3129680
3129681
3129683
3129684
3129685
3129686
3129687
3129688
3129689
3129690
3129691
3129692
3129693
3129694
3129695
3129696
3129697
3129698
3129699
3129700
3129701
3129702
3129703
3129704
3129705
3129706
3129707
3129708
3129709
3129710
3129714
3129716
3129717
3129718
3129719
3129720
3129722
3129723
3129733
3129738
3129739
3129749
3129752
3129774
3129778
3129779
3129780
3129781
3129782
3129783
3129784
3129786
3129788
3129789
3129790
3129791
3129792
3129793
3129795
3129796
3129798
3129799
3129801
3129803
3129804
3129807
3129809
3129810
3129812
3129813
3129814
3129815
3129817
3129818
3129819
3129823
3129826
3129827
3129829
3129831
3129832
3129833
3129835
3129836
3129838
3129839
3129840
3129842
3129843
3129844
3129846
3129847
3129848
3129849
3129850
3129851
3129852
3129853
3129854
3129856
3129857
3129858
3129859
3129860
3129862
3129863
3129864
3129865
3129867
3129868
3129869
3129870
3129872
3129873
3129874
3129875
3129876
3129877
3129878
3129879
3129882
3129883
3129885
3129887
3129888
3129889
3129890
3129891
3129892
3129893
3129894
3129895
3129896
3129897
3129898
3129899
3129901
3129902
3129903
3129904
3129905
3129906
3129907
3129908
3129909
3129911
3129912
3129914
3129915
3129916
3129917
3129918
3129919
3129920
3129922
3129923
3129924
3129925
3129927
3129928
3129930
3129931
3129933
3129936
3129937
3129938
3129939
3129940
3129941
3129943
3129944
3129945
3129947
3129948
3129950
3129951
3129952
3129953
3129954
3129955
3129957
3129958
3129961
3129962
3129963
3129964
3129965
3129966
3129967
3129968
3129969
3129970
3129972
3129973
3129974
3129976
3129977
3129978
3129979
3129981
3129983
3129984
3129986
3129987
3129990
3129991
3129992
3129993
3129994
3129995
3129996
3129997
3129999
3130000
3130002
3130003
3130004
3130005
3130007
3130010
3130011
3130015
3130016
3130017
3130018
3130019
3130021
3130023
3130024
3130026
3130027
3130028
3130030
3130031
3130033
3130035
3130037
3130038
3130042
3130044
3130046
3130047
3130048
3130052
3130053
3130054
3130055
3130056
3130057
3130058
3130059
3130060
3130061
3130063
3130064
3130065
3130067
3130069
3130071
3130169
3130170
3130171
3130172
3130173
3130176
3130177
3130181
3130182
3130183
3130184
3130185
3130186
3130189
3130190
3130191
3130192
3130193
3130194
3130196
3130197
3130199
3130203
3130204
3130205
3130207
3130211
3130212
3130213
3130214
3130217
3130218
3130219
3130222
3130223
3130226
3130229
3130231
3130232
3130233
3130235
3130236
3130237
3130239
3130243
3130244
3130247
3130248
3130251
3130252
3130253
3130254
3130255
3130256
3130257
3130258
3130260
3130261
3130264
3130270
3130271
3130273
3130276
3130278
3130281
3130282
3130283
3130284
3130285
3130286
3130287
3130288
3130289
3130290
3130291
3130292
3130293
3130294
3130296
3130297
3130298
3130299
3130300
3130304
3130309
3130310
3130311
3130312
3130313
3130314
3130317
3130320
3130324
3130326
3130327
3130328
3130329
3130330
3130337
3130340
3130344
3130345
3130346
3130353
3130355
3130356
3130357
3130360
3130362
3130363
3130364
3130366
3130367
3130370
3130371
3130373
3130375
3130381
3130382
3130383
3130384
3130386
3130387
3130388
3130389
3130390
3130395
3130397
3130399
3130402
3130403
3130404
3130405
3130407
3130409
3130410
3130411
3130414
3130419
3130420
3130421
3130423
3130424
3130427
3130429
3130430
3130431
3130434
3130435
3130436
3130438
3130441
3130442
3130444
3130445
3130446
3130447
3130450
3130451
3130455
3130456
3130459
3130460
3130461
3130462
3130463
3130467
3130470
3130471
3130472
3130473
3130474
3130475
3130477
3130478
3130479
3130483
3130484
3130486
3130487
3130490
3130492
3130493
3130494
3130501
3130503
3130506
3130508
3130509
3130510
3130512
3130515
3130516
3130519
3130520
3130522
3130523
3130524
3130525
3130526
3130527
3130528
3130529
3130531
3130533
3130534
3130537
3130538
3130542
3130544
3130546
3130551
3130552
3130555
3130556
3130557
3130558
3130560
3130565
3130566
3130567
3130570
3130571
3130572
3130575
3130576
3130577
3130581
3130582
3130583
3130584
3130586
3130587
3130592
3130593
3130596
3130599
3130600
3130601
3130602
3130607
3130609
3130610
3130611
3130612
3130614
3130615
3130617
3130620
3130622
3130625
3130626
3130629
3130631
3130634
3130635
3130636
3130639
3130641
3130643
3130646
3130649
3130650
3130652
3130654
3130655
3130656
3130657
3130658
3130660
3130661
3130665
3130666
3130667
3130669
3130670
3130672
3130673
3130674
3130676
3130681
3130683
3130684
3130685
3130686
3130687
3130690
3130691
3130692
3130693
3130694
3130696
3130697
3130698
3130699
3130703
3130705
3130706
3130707
3130709
3130710
3130711
3130712
3130716
3130719
3130720
3130721
3130722
3130723
3130724
3130725
3130727
3130728
3130729
3130731
3130736
3130737
3130738
3130739
3130741
3130746
3130747
3130750
3130751
3130752
3130753
3130755
3130756
3130758
3130759
3130760
3130761
3130762
3130763
3130765
3130766
3130767
3130768
3130769
3130770
3130771
3130772
3130773
3130775
3130777
3130778
3130779
3130782
3130783
3130784
3130786
3130788
3130789
3130790
3130793
3130794
3130796
3130797
3130798
3130799
3130800
3130802
3130803
3130804
3130806
3130808
3130810
3130811
3130814
3130817
3130818
3130819
3130820
3130821
3130825
3130828
3130829
3130832
3130833
3130834
3130835
3130836
3130837
3130838
3130839
3130841
3130842
3130844
3130845
3130847
3130849
3130851
3130852
3130853
3130854
3130857
3130858
3130859
3130862
3130863
3130865
3130867
3130868
3130869
3130870
3130871
3130872
3130875
3130876
3130877
3130879
3130880
3130881
3130884
3130885
3130886
3130887
3130888
3130889
3130890
3130892
3130897
3130899
3130900
3130901
3130904
3130906
3130907
3130910
3130912
3130914
3130915
3130916
3130920
3130921
3130923
3130924
3130927
3130928
3130929
3130931
3130933
3130935
3130938
3130942
3130943
3130944
3130946
3130948
3130950
3130951
3130952
3130955
3130957
3130958
3130959
3130960
3130961
3130963
3130965
3130967
3130971
3130972
3130974
3130975
3130976
3130977
3130978
3130979
3130983
3130985
3130989
3130990
3130991
3130992
3130993
3130996
3130997
3130998
3130999
3131001
3131003
3131004
3131005
3131006
3131008
3131009
3131010
3131012
3131013
3131014
3131015
3131016
3131017
3131018
3131019
3131020
3131023
3131028
3131030
3131032
3131033
3131034
3131036
3131037
3131038
3131041
3131042
3131044
3131045
3131047
3131048
3131049
3131052
3131055
3131056
3131057
3131058
3131059
3131060
3131062
3131066
3131069
3131075
3131078
3131080
3131081
3131084
3131085
3131086
3131088
3131089
3131091
3131093
3131094
3131095
3131097
3131098
3131099
3131103
3131105
3131108
3131109
3131113
3131118
3131120
3131126
3131128
3131130
3131131
3131132
3131133
3131137
3131138
3131141
3131143
3131144
3131145
3131146
3131149
3131150
3131151
3131153
3131154
3131155
3131158
3131159
3131161
3131162
3131163
3131169
3131170
3131171
3131173
3131175
3131177
3131178
3131179
3131180
3131181
3131182
3131183
3131184
3131185
3131187
3131189
3131190
3131191
3131194
3131201
3131202
3131204
3131205
3131210
3131211
3131212
3131213
3131214
3131217
3131218
3131219
3131220
3131222
3131224
3131225
3131226
3131227
3131229
3131230
3131231
3131232
3131233
3131235
3131236
3131242
3131243
3131245
3131247
3131249
3131255
3131256
3131259
3131260
3131262
3131264
3131265
3131266
3131267
3131268
3131271
3131272
3131274
3131275
3131277
3131278
3131279
3131280
3131281
3131288
3131290
3131291
3131294
3131295
3131296
3131297
3131298
3131303
3131305
3131306
3131307
3131308
3131309
3131311
3131312
3131313
3131316
3131318
3131320
3131322
3131324
3131325
3131327
3131330
3131334
3131335
3131336
3131339
3131340
3131341
3131342
3131345
3131347
3131349
3131351
3131352
3131353
3131358
3131363
3131364
3131367
3131369
3131370
3131371
3131373
3131374
3131376
3131378
3131379
3131384
3131385
3131386
3131387
3131388
3131389
3131390
3131391
3131393
3131396
3131398
3131400
3131401
3131403
3131404
3131405
3131407
3131409
3131411
3131412
3131415
3131416
3131417
3131419
3131422
3131425
3131426
3131427
3131428
3131429
3131430
3131431
3131433
3131434
3131435
3131436
3131437
3131438
3131440
3131441
3131442
3131444
3131445
3131447
3131448
3131449
3131450
3131452
3131453
3131454
3131455
3131456
3131457
3131458
3131461
3131462
3131463
3131464
3131465
3131466
3131467
3131468
3131469
3131471
3131472
3131473
3131474
3131476
3131477
3131479
3131480
3131481
3131482
3131484
3131485
3131488
3131489
3131490
3131491
3131492
3131493
3131494
3131495
3131496
3131497
3131499
3131501
3131502
3131503
3131506
3131507
3131509
3131510
3131511
3131515
3131516
3131519
3131522
3131523
3131524
3131525
3131526
3131528
3131530
3131531
3131534
3131535
3131536
3131537
3131538
3131539
3131541
3131542
3131543
3131545
3131546
3131548
3131550
3131554
3131555
3131557
3131558
3131559
3131560
3131561
3131562
3131564
3131568
3131569
3131571
3131573
3131574
3131576
3131577
3131582
3131583
3131585
3131587
3131590
3131592
3131598
3131600
3131601
3131602
3131603
3131605
3131606
3131607
3131608
3131609
3131610
3131614
3131615
3131616
3131617
3131618
3131619
3131620
3131621
3131622
3131625
3131626
3131627
3131628
3131629
3131630
3131631
3131632
3131633
3131634
3131635
3131637
3131638
3131639
3131641
3131642
3131644
3131645
3131646
3131649
3131651
3131652
3131653
3131655
3131657
3131658
3131660
3131662
3131664
3131665
3131666
3131667
3131668
3131669
3131671
3131672
3131673
3131675
3131678
3131679
3131680
3131681
3131682
3131683
3131684
3131685
3131687
3131688
3131689
3131691
3131692
3131697
3131698
3131700
3131701
3131702
3131704
3131707
3131708
3131710
3131711
3131712
3131713
3131714
3131716
3131720
3131721
3131722
3131723
3131724
3131725
3131726
3131727
3131728
3131730
3131731
3131732
3131735
3131739
3131740
3131741
3131743
3131744
3131745
3131746
3131748
3131749
3131750
3131752
3131754
3131755
3131756
3131757
3131758
3131759
3131760
3131761
3131762
3131763
3131764
3131765
3131766
3131767
3131770
3131771
3131772
3131774
3131775
3131777
3131778
3131781
3131783
3131784
3131785
3131787
3131789
3131790
3131791
3131792
3131793
3131795
3131796
3131797
3131799
3131800
3131801
3131802
3131803
3131805
3131806
3131808
3131810
3131811
3131812
3131813
3131814
3131816
3131818
3131819
3131820
3131821
3131822
3131825
3131826
3131827
3131828
3131829
3131830
3131831
3131833
3131836
3131839
3131841
3131842
3131844
3131845
3131846
3131854
3131856
3131859
3131860
3131862
3131863
3131864
3131867
3131869
3131877
3131879
3131881
3131884
3131885
3131888
3131890
3131891
3131893
3131896
3131898
3131902
3131905
3131906
3131989
3131990
3132040
3132042
3132048
3132051
3132052
3132054
3132057
3132058
3132059
3132060
3132061
3132063
3132065
3132067
3132068
3132069
3132070
3132071
3132072
3132073
3132216
3132217
3132218
3132231
3132232
3132233
3132239
3132240
3132242
3132253
3132525
3132528
3132530
3132531
3132532
3132533
3132534
3132535
3132538
3132539
3132540
3132541
3132542
3132543
3132544
3132545
3132546
3132547
3132549
3132550
3132551
3132552
3132555
3132556
3132557
3132558
3132559
3132561
3132562
3132563
3132564
3132565
3132566
3132567
3132568
3132569
3132570
3132571
3132572
3132574
3132575
3132576
3132577
3132579
3132580
3132581
3132582
3132583
3132584
3132591
3132617
3132618
3132619
3132620
3132621
3132622
3132623
3132624
3132625
3132626
3132627
3132628
3132629
3132630
3132631
3132632
3132633
3132634
3132635
3132636
3132637
3132638
3132639
3132640
3132641
3132642
3132643
3132644
3132645
3132647
3132648
3132649
3132650
3132654
3132655
3132656
3132657
3132658
3132659
3132660
3132661
3132662
3132663
3132665
3132666
3132667
3132668
3132669
3132670
3132671
3132672
3132673
3132674
3132675
3132676
3132677
3132678
3132679
3132680
3132681
3132682
3132683
3132708
3132709
3132805
3132806
3132807
3132810
3132811
3133019
3133021
3133107
3133108
3133206
3133445
3133446
3133447
3133448
3133449
3133450
3133452
3133454
3133466
3133470
3133471
3133472
3133477
3133478
3133480
3133491
3133501
3133504
3133505
3133507
3133524
3133531
3133544
3133546
3133547
3133548
3134012
3134018
3134025
3134030
3134032
3134170
3134182
3134214
3134218
3134219
3134257
3134279
3134281
3134282
3134283
3134284
3134285
3134286
3134287
3134288
3134289
3134290
3134291
3134292
3134293
3134295
3134296
3134297
3134301
3134302
3134303
3134304
3134305
3134307
3134308
3134309
3134310
3134312
3134315
3134316
3134317
3134318
3134319
3134321
3134322
3134323
3134324
3134325
3134326
3134327
3134328
3134329
3134330
3134331
3134332
3134333
3134334
3134335
3134336
3134337
3134338
3134339
3134340
3134341
3134342
3134343
3134344
3134345
3134346
3134347
3134348
3134349
3134350
3134351
3134352
3134353
3134354
3134355
3134356
3134357
3134358
3134359
3134360
3134361
3134362
3134363
3134364
3134365
3134366
3134367
3134368
3134369
3134370
3134371
3134373
3134374
3134375
3134376
3134377
3134378
3134392
3134393
3134394
3134395
3134397
3134398
3134399
3134400
3134401
3134402
3134403
3134481
3134524
3134717
3134737
3134876
3134877
3134903
3134911
3134912
3134913
3134914
3134915
3134916
3134917
3134920
3134921
3134922
3134925
3135017
3135018
3135019
3135020
3135021
3135022
3135196
3135197
3135294
3135295
3135302
3135303
3135305
3135311
3135312
3135327
3135446
3135447
3135448
3135552
3135592
3135593
3135597
3135599
3135601
3135602
3135603
3135604
3135605
3135606
3135607
3135608
3135609
3135610
3135651
3135652
3135653
3135654
3135655
3135656
3135657
3135659
3135660
3135661
3135663
3135664
3135666
3135667
3135668
3135669
3135670
3135671
3135672
3135673
3135674
3135675
3135676
3135677
3135678
3135679
3135680
3135681
3135682
3135683
3135684
3135686
3135688
3135689
3135690
3135692
3135693
3135694
3135695
3135696
3135697
3135702
3135703
3135706
3135707
3135709
3135711
3135713
3135715
3135718
3135722
3135729
3135730
3135732
3135737
3135738
3135741
3135742
3135744
3135746
3135750
3135751
3135752
3135753
3135754
3135970
3135974
3135978
3135980
3135989
3136001
3136002
3136005
3136006
3136007
3136008
3136009
3136015
3136093
3136115
3136119
3136120
3136171
3136172
3136187
3136574
3136605
3136606
3136607
3136608
3136609
3136610
3136611
3136612
3136613
3136614
3136615
3136616
3136617
3136618
3136619
3136620
3136621
3136622
3136624
3136625
3136626
3136627
3136628
3136629
3136630
3136631
3136638
3136639
3136656
3136660
3136680
3136766
3136767
3136768
3137162
3137176
3137282
3137283
3137284
3137285
3137286
3137287
3137289
3137290
3137291
3137292
3137293
3137294
3137295
3137296
3137297
3137348
3137497
3137599
3137611
3137615
3137616
3137617
3137618
3137741
3137742
3137743
3137745
3137793
3137794
3137795
3137906
3137907
3137908
3137909
3137910
3137911
3137912
3137913
3137914
3137915
3137917
3137918
3137919
3137920
3137921
3138021
3138025
3138064
3138180
3138182
3138191
3138283
3138284
3138285
3138287
3138288
3138289
3138290
3138294
3138295
3138296
3138297
3138298
3138299
3138300
3138306
3138309
3138310
3138311
3138312
3138313
3138314
3138315
3138323
3138324
3138325
3138326
3138327
3138331
3138417
3138526
3138527
3138528
3138529
3138533
3138534
3138535
3138536
3138537
3138540
3138541
3138542
3138543
3138545
3138546
3138548
3138549
3138550
3138551
3138561
3138562
3138563
3138814
3138815
3138818
3138820
3138838
3138846
3138860
3138874
3138944
3138951
3138956
3138957
3138958
3138959
3138960
3138964
3138972
3138973
3139126
3139127
3139145
3139146
3139147
3139148
3139149
3139150
3139151
3139152
3139155
3139157
3139158
3139159
3139160
3139161
3139397
3139400
3139422
3139431
3139432
3139433
3139435
3139459
3139461
3139462
3139465
3139466
3139470
3139472
3139480
3139487
3139494
3139495
3139499
3139504
3139507
3139513
3139515
3139516
3139519
3139522
3139529
3139531
3139532
3139534
3139535
3139536
3139538
3139543
3139545
3139546
3139551
3139552
3139553
3139554
3139556
3139560
3139561
3139564
3139566
3139575
3139578
3139580
3139590
3139610
3139611
3139613
3139615
3139867
3139872
3139875
3139877
3139881
3139963
3139967
3139969
3139970
3139971
3139974
3139977
3139978
3139979
3139980
3139981
3139982
3139984
3139986
3139988
3139989
3139990
3139991
3139992
3139993
3139995
3139996
3139997
3139998
3139999
3140000
3140001
3140002
3140003
3140004
3140005
3140006
3140007
3140008
3140012
3140013
3140151
3140152
3140156
3140158
3140159
3140160
3140220
3140275
3140876
3141210
3141211
3141252
3141262
3141436
3141444
3141445
3141489
3141518
3141520
3141526
3141527
3141530
3141558
3141559
3141560
3141563
3141564
3141568
3141569
3141575
3141576
3141577
3141578
3141617
3141618
3141619
3141623
3141624
3141625
3141626
3141627
3141628
3141629
3141630
3141632
3141637
3141638
3141799
3141801
3141804
3141805
3141806
3141807
3141808
3141809
3141811
3141812
3141817
3141818
3141819
3141820
3141821
3141823
3141826
3141829
3141830
3141831
3141832
3141833
3141853
3141855
3141860
3141863
3141865
3141868
3141869
3141876
3141877
3141879
3141880
3141882
3141883
3141884
3141885
3141886
3141887
3141889
3141890
3141892
3141893
3141895
3141896
3141897
3141898
3141900
3141901
3141902
3141903
3141905
3141906
3141909
3141913
3141914
3141915
3141917
3141918
3141922
3141923
3141924
3141925
3141926
3141928
3141931
3141932
3141933
3141934
3141935
3141948
3141950
3141971
3141972
3142239
3142240
3142254
3142491
3142492
3142493
3142494
3142498
3142501
3142663
3142664
3142665
3142666
3142667
3142668
3142669
3142670
3142671
3142672
3142688
3142711
3142712
3142713
3142721
3142731
3142779
3142829
3143011
3143013
3143016
3143020
3143022
3143023
3143025
3143026
3143040
3143133
3143134
3143136
3143138
3143147
3143156
3143157
3143164
3143165
3143166
3143388
3143507
3143880
3143896
3143900
3143901
3143902
3143942
3143943
3143944
3143958
3144072
3144081
3144105
3144107
3144108
3144109
3144110
3144111
3144112
3144113
3144114
3144115
3144116
3144120
3144122
3144124
3144125
3144230
3144278
3144279
3144280
3144281
3144282
3144283
3144506
3144827
3144828
3144829
3144833
3144834
3144836
3144838
3144840
3144865
3144867
3144918
3145020
3145021
3145025
3145029
3145031
3145032
3145033
3145065
3145148
3145149
3145150
3145163
3145173
3145174
3145202
3145203
3145204
3145205
3145206
3145577
3145578
3145579
3145580
3145581
3145582
3145583
3145584
3145585
3145586
3145587
3145588
3145589
3145590
3145591
3145592
3145594
3145595
3145596
3145597
3145598
3145599
3145601
3145602
3145603
3145604
3145605
3145606
3145607
3145608
3145609
3145611
3145612
3145613
3145614
3145615
3145616
3145617
3145618
3145619
3145620
3145621
3145622
3145623
3145624
3145625
3145628
3145629
3145630
3145631
3145632
3145633
3145634
3145635
3145636
3145638
3145639
3145640
3145641
3145642
3145643
3145644
3145646
3145647
3145648
3145649
3145650
3145651
3145652
3145653
3145655
3145656
3145657
3145658
3145659
3145660
3145661
3145663
3145664
3145665
3145666
3145667
3145668
3145669
3145670
3145671
3145672
3145673
3145674
3145675
3145677
3145678
3145679
3145680
3145681
3145683
3145684
3145685
3145686
3145687
3145688
3145689
3145691
3145692
3145693
3145694
3145695
3145696
3145697
3145699
3145700
3145701
3145705
3145706
3145707
3145708
3145710
3145711
3145713
3145714
3145715
3145716
3145718
3145719
3145720
3145721
3145722
3145729
3145730
3145731
3145732
3145733
3145734
3145737
3145738
3145739
3145740
3145744
3145747
3145748
3145749
3145750
3145751
3145752
3145753
3145754
3145755
3145756
3145757
3145758
3145759
3145760
3145761
3145762
3145763
3145764
3145765
3145766
3145767
3145768
3145769
3145770
3145772
3145773
3145775
3145776
3145777
3145780
3145782
3145783
3145784
3145785
3145786
3145788
3145790
3145791
3145795
3145796
3145797
3145798
3145800
3145801
3145802
3145803
3145804
3145806
3145807
3145808
3145809
3145810
3146124
3146125
3146126
3146127
3148917
3148928
3148939
3148942
3148949
3148950
3148951
3149017
3149018
3149139
3149140
3151447
3151618
3151619
3151679
3151691
3151692
3151693
3151837
3151838
3151840
3151843
3151844
3151845
3152091
3152096
3152106
3152107
3152109
3152111
3152112
3152116
3152118
3152119
3152120
3152121
3152124
3152126
3152127
3152128
3152130
3152133
3152137
3152138
3152139
3152140
3152141
3152142
3152143
3152144
3152146
3152147
3152150
3152151
3152154
3152156
3152206
3152207
3152208
3152209
3152210
3152211
3152212
3152215
3152217
3152218
3152219
3152220
3152221
3152223
3152224
3152305
3152306
3152307
3152308
3152309
3152310
3152311
3152314
3152315
3152316
3152317
3152318
3152319
3152320
3152321
3152322
3152323
3152325
3152326
3152327
3152328
3152329
3152330
3152331
3152332
3152333
3152334
3152335
3152336
3152338
3152339
3152340
3152343
3152344
3152345
3152346
3152347
3152348
3152349
3152350
3152351
3152352
3152353
3152354
3152355
3152356
3152357
3152358
3152359
3152473
3152474
3152475
3152477
3152484
3152490
3152491
3152493
3152494
3152495
3152496
3152497
3152501
3152503
3152504
3152507
3152508
3152509
3152510
3152511
3152513
3152524
3152542
3152589
3152590
3152591
3152599
3152600
3152601
3152602
3152603
3152604
3152605
3152606
3152607
3152608
3152609
3152610
3152611
3152612
3152613
3152615
3152616
3152618
3152619
3152621
3152623
3152624
3152625
3152626
3152627
3152628
3152629
3152630
3152631
3152632
3152633
3152634
3152636
3152637
3152638
3152639
3152640
3152641
3152642
3152644
3152645
3152648
3152650
3152653
3152654
3152668
3152670
3152673
3152677
3152680
3152686
3152687
3152688
3152691
3152695
3152697
3152698
3152699
3152700
3152701
3152710
3152712
3152719
3152720
3152721
3152722
3152723
3152724
3152725
3152726
3152727
3152728
3152730
3152731
3152732
3152735
3152753
3152754
3152768
3152771
3152772
3152829
3152861
3152867
3152868
3152870
3152873
3152877
3152878
3152879
3152880
3152884
3152888
3152891
3152892
3152895
3152896
3152897
3152898
3152900
3152902
3152903
3152904
3152905
3152907
3152908
3152909
3152910
3152911
3152912
3152913
3152914
3152915
3152916
3152917
3152919
3152920
3152922
3152923
3152926
3152929
3152930
3152931
3152934
3152936
3152938
3152939
3152940
3152946
3152947
3152950
3152957
3152961
3152962
3152963
3152964
3152965
3152966
3152967
3152968
3152969
3152970
3152971
3152972
3152973
3152974
3152975
3152976
3152977
3152979
3152981
3152983
3152985
3152986
3152987
3152992
3152993
3152994
3152995
3152996
3152997
3152998
3152999
3153000
3153001
3153002
3153003
3153009
3153013
3153014
3153015
3153017
3153018
3153019
3153020
3153021
3153022
3153023
3153026
3153032
3153034
3153039
3153041
3153043
3153056
3153062
3153065
3153066
3153067
3153068
3153070
3153071
3153072
3153073
3153074
3153075
3153077
3153078
3153079
3153080
3153082
3153083
3153087
3153088
3153089
3153090
3153105
3153113
3153127
3153128
3153129
3153200
3153265
3153269
3153270
3153272
3153273
3153274
3153275
3153279
3153280
3153283
3153284
3153285
3153286
3153289
3153297
3153334
3153335
3153336
3153338
3153341
3153342
3153349
3153512
3153513
3153514
3153515
3153516
3153535
3153536
3153537
3153538
3153768
3153892
3153893
3153912
3153913
3153914
3153915
3153916
3153917
3153918
3153919
3153920
3153942
3153943
3153944
3153945
3153946
3154017
3154060
3154074
3154075
3154077
3154078
3154079
3154080
3154081
3154082
3154083
3154084
3154085
3154086
3154087
3154088
3154095
3154096
3154098
3154100
3154101
3154102
3154106
3154107
3154108
3154112
3154113
3154116
3154118
3154120
3154122
3154166
3155224
3155564
3155980
3155981
3155982
3156049
3156055
3156056
3156057
3156075
3156507
3156509
3156515
3156527
3156528
3156529
3156530
3156531
3156532
3156533
3156534
3156535
3156536
3156537
3157661
3157662
3157663
3157664
3157665
3157668
3157753
3157754
3157757
3157766
3157773
3157774
3157778
3157779
3157781
3157782
3157788
3157789
3157800
3157802
3157803
3157829
3157830
3157831
3157832
3157833
3157834
3157835
3157836
3157911
3157912
3157915
3158137
3158138
3158139
3158140
3158141
3158191
3158245
3158377
3158378
3158379
3158380
3158381
3158382
3158384
3158385
3158386
3158414
3158833
3158834
3158836
3158837
3158842
3158843
3158844
3158845
3158853
3158855
3158856
3158857
3158858
3158864
3158876
3158877
3158878
3158879
3158882
3158889
3158890
3158891
3158892
3158893
3158894
3158947
3158948
3158950
3158977
3158978
3159438
3159457
3159470
3159471
3159472
3159473
3159476
3159488
3160781
3160782
3160785
3160822
3160823
3160824
3160827
3160828
3160829
3160836
3161050
3161140
3161141
3161143
3161144
3161145
3161149
3161150
3161157
3161158
3161160
3161161
3161163
3161164
3161165
3161166
3161167
3161169
3161173
3161174
3161175
3161178
3161179
3161180
3161181
3161183
3161184
3161185
3161584
3162000
3162001
3162005
3162012
3162015
3162016
3162017
3162537
3162542
3162543
3162544
3162545
3162549
3162552
3162603
3162627
3162628
3162643
3162769
3162770
3162771
3162772
3162773
3162774
3162775
3162778
3162889
3162890
3162891
3162892
3162893
3162895
3162896
3162898
3162899
3162900
3162901
3162902
3163281
3163392
3163396
3163397
3163398
3163399
3163400
3163401
3163402
3163403
3163404
3163405
3163406
3163407
3163408
3163409
3163410
3163411
3163412
3163413
3163414
3163415
3163416
3163417
3163418
3163419
3163420
3163547
3163548
3163549
3163585
3163621
3163622
3229022
3229023
3229024
3229025
3229026
3229027
3229028
3229029
3229030
3229031
3229032
3229034
3229035
3229036
3229037
3229038
3229040
3229041
3229042
3229044
3229045
3229046
3229077
3229312
3229440
3229443
3229444
3229445
3229446
3229448
3229449
3229450
3229451
3229452
3229454
3229455
3229529
3229530
3229724
3229726
3229727
3229728
3229729
3229730
3229731
3229738
3229739
3229740
3229741
3229742
3229743
3229744
3229745
3229746
3229760
3229777
3229860
3230127
3230128
3230129
3230130
3230132
3230267
3230418
3230419
3230497
3230835
3230836
3230838
3230840
3230841
3230842
3230843
3230844
3230846
3230847
3230848
3230849
3230850
3230851
3230852
3230853
3230855
3230856
3231081
3231233
3231236
3231237
3231239
3231242
3231516
3231627
3231628
3231629
3231630
3231632
3231770
3231771
3231772
3231909
3231912
3231913
3231923
3232012
3232014
3232017
3232020
3232021
3232022
3232023
3232037
3232038
3232042
3232045
3232046
3232047
3232048
3232051
3232176
3232177
3232178
3232179
3232180
3232183
3232185
3232187
3232188
3232189
3232190
3232191
3232192
3232193
3232194
3232195
3232196
3232197
3232199
3232200
3232202
3232203
3232204
3232205
3232210
3232211
3232212
3232213
3232214
3232215
3232216
3232217
3232218
3232219
3232220
3232221
3232222
3232223
3232224
3232225
3232226
3232227
3232228
3232229
3232230
3232231
3232232
3232233
3232234
3232235
3232236
3232239
3232240
3232242
3232303
3233090
3233091
3233114
3233121
3233122
3233123
3233124
3233133
3233134
3233135
3233136
3233137
3233138
3233152
3233246
3233247
3233249
3233362
3233363
3233534
3233536
3233541
3233683
3233684
3233687
3233688
3233689
3233690
3233692
3233693
3233694
3233695
3233696
3233698
3233699
3233701
3233702
3233703
3233704
3233705
3233706
3233707
3233708
3233709
3233710
3233712
3233713
3233850
3233851
3233852
3233853
3233854
3233855
3233856
3233858
3233859
3233861
3233863
3233864
3234008
3234009
3234012
3234013
3234038
3234039
3234040
3234041
3234042
3234043
3234044
3234045
3234046
3234047
3234048
3234051
3234052
3234054
3234056
3234058
3234059
3234060
3234061
3234062
3234063
3234064
3234065
3234066
3234067
3234068
3234069
3234070
3234072
3234074
3234075
3234076
3234077
3234079
3234080
3234081
3234083
3234084
3234085
3234086
3234089
3234093
3234094
3234095
3234102
3234103
3234105
3234106
3234110
3234111
3234113
3234116
3234117
3234118
3234123
3234124
3234125
3234126
3234146
3234149
3234150
3234153
3234285
3234755
3234956
3234957
3234966
3235046
3235047
3235054
3236632
3236633
3236635
3236639
3236641
3236643
3236644
3236645
3236646
3236647
3236688
3236691
3236694
3236696
3236697
3236698
3236699
3236700
3236701
3236707
3236709
3236716
3236746
3236747
3236748
3236750
3236831
3236917
3236922
3236926
3236927
3236928
3236930
3236931
3237097
3237190
3237191
3237192
3237253
3237254
3237255
3237256
3237364
3237373
3237693
3237704
3237932
3237947
3237949
3237951
3237952
3237953
3237955
3237959
3237961
3237962
3237964
3237965
3237966
3237967
3237968
3237969
3237970
3237971
3237972
3237973
3237974
3237975
3237976
3237977
3237980
3237981
3237982
3238289
3238290
3238291
3238292
3238293
3238295
3238334
3238692
3238697
3238780
3238781
3238786
3238787
3238819
3238873
3238874
3238875
3238876
3238968
3238970
3238975
3238977
3238978
3239040
3239043
3239045
3239048
3239049
3239050
3239051
3239052
3239059
3239068
3239069
3239070
3239071
3239072
3239316
3239319
3239320
3239324
3239325
3239328
3239329
3239331
3239332
3239333
3239334
3239335
3239336
3239337
3239817
3239852
3239875
3240092
3240105
3240111
3240121
3240124
3240125
3240126
3240129
3240132
3240134
3240138
3240141
3240145
3240149
3240154
3240155
3240157
3240158
3240160
3240161
3240163
3240165
3240166
3240170
3240175
3240177
3240184
3240186
3240187
3240217
3240218
3240332
3240361
3240362
3240385
3240395
3240396
3240397
3240399
3240400
3240401
3240428
3240445
3240446
3240447
3240464
3240465
3240466
3240469
3240470
3240471
3240472
3240473
3240474
3240476
3240478
3240479
3240480
3240481
3240482
3240483
3240485
3240487
3240488
3240489
3240490
3240491
3240492
3240493
3240494
3240495
3240496
3240497
3240498
3240499
3240500
3240501
3240502
3240503
3240504
3240505
3240506
3240507
3240510
3240512
3240513
3240514
3240515
3240517
3240518
3240520
3240523
3240525
3240527
3240528
3240529
3240530
3240531
3240532
3240534
3240535
3240536
3240537
3240538
3240539
3240540
3240541
3240543
3240544
3240545
3240546
3240548
3240549
3240550
3240551
3240552
3240553
3240554
3240555
3240558
3240560
3240562
3240563
3240564
3240565
3240567
3240568
3240569
3240570
3240571
3240573
3240574
3240575
3240576
3240577
3240578
3240579
3240580
3240581
3240582
3240583
3240584
3240585
3240587
3240588
3240589
3240590
3240591
3240593
3240594
3240595
3240596
3240597
3240598
3240600
3240601
3240602
3240605
3240606
3240607
3240608
3240610
3240612
3240613
3240614
3240616
3240617
3240618
3240619
3240621
3240622
3240624
3240625
3240628
3240629
3240631
3240632
3240633
3240634
3240635
3240636
3240637
3240639
3240640
3240642
3240643
3240644
3240645
3240646
3240679
3240680
3240681
3240685
3240686
3240687
3240689
3240695
3240702
3240722
3240744
3240745
3240798
3240800
3240801
3241050
3241051
3241052
3241059
3241060
3241061
3241062
3241064
3241065
3241066
3241068
3241069
3241070
3241072
3241073
3241075
3241076
3241077
3241080
3241081
3241083
3241086
3241087
3241105
3241136
3241176
3241177
3241180
3241185
3241187
3241188
3241189
3241299
3241300
3241302
3241303
3241304
3241436
3241437
3241438
3241439
3241440
3241441
3241442
3241516
3241519
3241537
3241708
3241711
3241712
3241713
3241714
3241715
3241717
3241718
3241719
3241720
3241721
3241722
3241723
3241724
3241725
3241726
3241727
3241728
3241729
3241730
3241731
3241732
3241735
3241736
3241737
3241741
3241745
3241746
3241747
3241750
3241751
3241752
3241754
3241755
3241756
3241758
3241761
3241762
3241765
3241767
3241768
3241770
3241771
3241772
3241773
3241775
3241776
3241777
3241778
3241779
3241780
3241781
3241782
3241783
3241784
3241786
3241787
3241788
3241789
3241790
3241791
3241793
3241794
3241795
3241796
3241797
3241798
3241799
3241800
3241863
3242737
3242747
3242748
3242749
3242750
3242813
3242814
3242815
3242816
3242858
3243097
3243098
3243099
3243415
3243423
3243724
3243725
3243726
3243727
3243728
3243730
3243731
3243732
3243733
3243734
3243735
3243736
3243745
3248842
3248862
3248863
3249627
3250149
3250150
3250169
3250170
3250174
3250302
3250803
3250804
3250805
3250806
3250807
3250808
3250809
3250810
3250811
3250812
3250813
3250814
3251000
3251002
3251003
3251004
3251005
3251006
3251007
3251008
3251009
3251010
3251011
3251012
3251013
3251014
3251015
3251016
3251017
3251025
3251029
3251030
3251031
3251032
3251033
3251034
3251035
3251036
3251037
3251038
3251040
3251041
3256998
3279177
3279178
3279179
3279180
3279181
3279182
3279183
3279184
3289857
3289868
3289871
3289872
3289873
3289874
3289875
3289876
3289877
3289878
3289879
3289880
3289881
3298505
3299002
3299035
3299036
3299037
3309003
3309004
3309005
3315595
3317300
3317301
3317305
3317306
3320152
3320157
3322152
3326590
3326591
3331670
3331671
3331673
3331674
3331675
3331676
3331677
3341774
3342088
3342089
3342615
3342778
3342780
3342782
3342783
3342784
3342898
3342899
3342900
3342901
3342903
3342905
3342907
3342910
3342911
3342912
3342914
3342916
3342919
3342922
3342923
3342925
3342926
3342927
3342928
3342929
3342931
3342933
3342935
3342936
3342937
3342938
3342939
3342941
3342943
3342944
3342946
3342947
3342948
3342949
3342951
3342953
3342955
3342956
3342959
3342960
3342963
3342967
3342968
3342969
3342971
3342973
3342974
3342976
3342990
3342991
3342993
3342994
3342996
3342997
3343001
3343002
3343004
3343005
3343006
3343007
3343009
3343010
3343013
3343014
3343015
3343016
3343018
3343020
3343021
3343024
3343026
3343029
3343030
3343032
3343036
3343043
3343045
3343049
3343053
3343056
3343057
3343058
3343060
3343061
3343062
3343065
3343066
3343069
3343071
3343074
3343075
3343081
3343082
3343084
3343090
3343092
3343093
3343094
3343097
3343099
3343100
3343101
3343102
3343103
3343104
3343107
3343109
3343114
3343115
3343116
3343122
3343123
3343127
3343129
3343132
3343133
3343135
3343137
3343139
3343141
3343143
3343144
3343146
3343148
3343149
3343151
3343152
3343156
3343158
3343159
3343161
3343164
3343166
3343167
3343168
3343170
3343303
3343309
3343311
3343312
3343316
3343318
3343320
3343321
3343322
3343326
3343327
3343328
3343329
3343331
3343332
3343338
3343341
3343342
3343344
3343345
3343347
3343348
3343349
3343351
3343354
3343356
3343357
3343358
3343359
3343361
3343367
3343369
3343370
3343372
3343373
3343374
3343375
3343376
3343377
3343378
3343379
3343381
3343385
3343386
3343391
3343392
3343394
3343397
3343398
3343399
3343400
3343403
3343404
3343407
3343408
3343410
3343411
3343413
3343414
3343416
3343417
3343418
3343420
3343421
3343432
3343433
3343434
3343435
3343436
3343437
3343439
3343440
3343441
3343442
3343443
3343444
3343446
3343448
3343449
3343450
3343452
3343453
3343454
3343456
3343458
3343463
3343464
3343465
3343466
3343469
3343471
3343473
3343475
3343477
3343483
3343484
3343485
3343487
3343488
3343489
3343490
3343491
3343492
3343493
3343494
3343495
3343496
3343497
3343499
3343500
3343504
3343505
3343506
3343507
3343508
3343509
3343510
3343511
3343514
3343515
3343516
3343517
3343519
3343520
3343521
3343524
3343528
3343529
3343533
3343537
3343538
3343540
3343541
3343543
3343546
3343549
3343550
3343552
3343553
3343554
3343555
3343556
3343558
3343559
3343561
3343562
3343563
3343564
3343565
3343566
3343567
3343568
3343569
3343570
3343571
3343572
3343573
3343574
3343575
3343576
3343577
3343578
3343579
3343580
3343581
3343582
3343583
3343584
3343585
3343587
3343588
3343593
3343594
3343596
3343598
3343599
3343603
3343604
3343609
3343610
3343611
3343612
3343613
3343615
3343616
3343617
3343618
3343619
3343620
3343622
3343623
3343624
3343625
3343628
3343630
3343631
3343634
3343636
3343639
3343640
3343644
3343645
3343646
3343647
3343648
3343649
3343650
3343651
3343654
3343655
3343656
3343657
3343660
3343662
3343663
3343664
3343666
3343667
3343668
3343669
3343670
3343672
3343673
3343674
3343675
3343677
3343678
3343681
3343685
3343688
3343689
3343690
3343691
3343692
3343693
3343694
3343695
3343696
3343697
3343698
3343701
3343705
3343706
3343707
3343709
3343710
3343712
3343713
3343714
3343715
3343716
3343717
3343719
3343721
3343730
3343731
3343732
3343733
3343734
3343735
3343736
3343737
3343738
3343739
3343740
3343754
3343755
3343759
3343806
3343807
3343808
3343810
3343811
3343812
3343813
3343814
3343815
3343820
3343821
3343822
3343823
3343824
3343827
3343828
3343830
3343831
3343832
3343834
3343835
3343837
3343839
3343840
3343843
3343844
3343845
3343846
3343847
3343848
3343849
3343851
3343853
3343855
3343856
3343859
3343860
3343862
3343863
3343864
3343865
3343866
3343868
3343869
3343870
3343871
3343872
3343873
3343874
3343875
3343876
3343877
3343878
3343880
3343882
3343884
3343885
3343886
3343887
3343888
3343889
3343890
3343891
3343892
3343894
3343895
3343896
3343899
3343900
3343901
3343903
3343904
3343907
3343910
3343911
3343912
3343915
3343916
3343920
3343922
3343924
3343926
3343928
3343930
3343950
3343951
3343954
3343958
3343959
3343961
3343962
3343963
3343964
3343965
3343969
3343971
3343974
3343980
3343984
3343986
3343987
3343990
3343991
3343992
3343993
3343996
3343998
3343999
3344000
3344001
3344002
3344008
3344009
3344010
3344011
3344012
3344015
3344018
3344019
3344021
3344022
3344024
3344026
3344027
3344028
3344031
3344033
3344036
3344039
3344042
3344045
3344047
3344051
3344052
3344065
3344067
3344072
3344073
3344074
3344077
3344079
3344081
3344082
3344083
3344084
3344085
3344088
3344089
3344090
3344098
3344103
3344104
3344106
3344107
3344108
3344111
3344113
3344114
3344115
3344121
3344122
3344123
3344127
3344131
3344136
3344142
3344143
3344144
3344145
3344146
3344147
3344148
3344149
3344150
3344151
3344152
3344153
3344154
3344155
3344156
3344157
3344161
3344163
3344165
3344171
3344173
3344174
3344175
3344176
3344177
3344178
3344180
3344183
3344184
3344186
3344187
3344188
3344190
3344198
3344199
3344201
3344202
3344203
3344204
3344205
3344206
3344207
3344208
3344209
3344210
3344212
3344213
3344214
3344215
3344218
3344219
3344220
3344224
3344225
3344226
3344228
3344229
3344230
3344231
3344232
3344236
3344239
3344241
3344242
3344244
3344245
3344246
3344247
3344248
3344249
3344250
3344251
3344252
3344253
3344254
3344255
3344256
3344258
3344259
3344260
3344261
3344262
3344263
3344264
3344265
3344267
3344268
3344269
3344270
3344271
3344272
3344273
3344274
3344275
3344276
3344277
3344278
3344279
3344280
3344281
3344282
3344284
3344285
3344286
3344287
3344288
3344290
3344291
3344292
3344303
3344307
3344308
3344310
3344311
3344312
3344314
3344315
3344316
3344317
3344318
3344321
3344326
3344327
3344329
3344330
3344334
3344336
3344340
3344341
3344342
3344343
3344344
3344346
3344347
3344348
3344349
3344351
3344354
3344355
3344362
3344366
3344367
3344368
3344369
3344370
3344372
3344374
3344376
3344378
3344379
3344384
3344387
3344390
3344472
3344473
3344475
3344723
3344724
3344725
3344726
3344729
3344731
3344745
3344889
3344919
3344920
3344921
3344925
3344926
3344927
3344929
3344930
3344932
3344933
3344937
3344943
3345006
3345064
3345068
3345069
3345071
3345073
3345076
3345078
3345198
3345199
3345200
3345201
3345202
3345314
3345353
3345358
3345421
3345422
3345423
3345424
3345425
3345426
3345427
3347181
3347182
3347183
3347184
3347185
3347186
3347187
3347189
3347190
3347192
3347193
3347194
3347195
3347196
3347197
3347198
3347200
3347202
3347204
3347208
3347209
3347210
3347211
3347213
3347214
3347216
3347217
3347218
3347219
3347220
3347221
3347222
3347223
3347224
3347225
3347227
3347228
3347229
3347231
3347232
3347233
3347235
3347236
3347239
3347240
3347241
3347242
3347243
3347244
3347245
3347246
3347247
3347248
3347250
3347251
3347252
3347254
3347255
3347257
3347258
3347259
3347260
3347261
3347262
3347263
3347264
3347265
3347266
3347269
3347270
3347271
3347272
3347273
3347274
3347275
3347276
3347277
3347278
3347279
3347280
3347282
3347283
3347284
3347285
3347286
3347288
3347290
3347291
3347293
3347295
3347296
3347297
3347298
3347299
3347303
3347305
3347308
3347310
3347311
3347312
3347315
3347316
3347317
3347318
3347321
3347324
3347325
3347327
3347328
3347329
3347330
3347331
3347332
3347334
3347335
3347336
3347337
3347338
3347339
3347340
3347341
3347343
3347344
3347350
3347351
3347352
3347353
3347354
3347355
3347356
3347357
3347358
3347360
3347361
3347362
3347363
3347364
3347368
3347369
3347370
3347371
3347372
3347373
3347374
3347375
3347377
3347378
3347379
3347380
3347381
3347382
3347383
3347385
3347386
3347387
3347388
3347391
3347393
3347394
3347395
3347396
3347397
3347398
3347399
3347400
3347403
3347404
3347405
3347406
3347407
3347408
3347409
3347410
3347411
3347412
3347414
3347415
3347420
3347421
3347422
3347423
3347429
3347430
3347431
3347432
3347433
3347434
3347435
3347436
3347437
3347438
3347439
3347440
3347441
3347442
3347443
3347444
3347445
3347446
3347447
3347449
3347450
3347451
3347452
3347453
3347454
3347455
3347457
3347458
3347460
3347461
3347462
3347463
3347464
3347465
3347466
3347467
3347468
3347469
3347470
3347471
3347472
3347473
3347474
3347475
3347476
3347477
3347478
3347479
3347480
3347481
3347482
3347483
3347484
3347485
3347486
3347487
3347488
3347489
3347490
3347491
3347492
3347493
3347494
3347495
3347496
3347497
3347498
3347499
3347500
3347501
3347502
3347503
3347504
3347505
3347506
3347507
3347508
3347509
3347510
3347511
3347512
3347513
3347514
3347515
3347516
3347517
3347518
3347519
3347520
3347521
3347522
3347523
3347524
3347525
3347526
3347527
3347528
3347529
3347530
3347531
3347532
3347533
3347535
3347536
3347537
3347539
3347540
3347541
3347542
3347543
3347544
3347545
3347546
3347547
3347548
3347550
3347551
3347552
3347553
3347554
3347555
3347556
3347557
3347558
3347559
3347561
3347562
3347563
3347564
3347565
3347566
3347567
3347568
3347569
3347570
3347572
3347573
3347574
3347576
3347577
3347580
3347581
3347582
3347583
3347584
3347585
3347586
3347588
3347589
3347590
3347591
3347593
3347594
3347595
3347597
3347598
3347599
3347600
3347601
3347602
3347603
3347604
3347605
3347607
3347608
3347609
3347610
3347611
3347612
3347613
3347614
3347615
3347616
3347617
3347618
3347619
3347621
3347622
3347623
3347624
3347625
3347626
3347627
3347629
3347630
3347631
3347632
3347637
3347639
3347640
3347643
3347646
3347647
3347648
3347649
3347650
3347651
3347652
3347653
3347654
3347655
3347656
3347658
3347659
3347660
3347662
3347664
3347665
3347669
3347670
3347671
3347672
3347673
3347674
3347675
3347676
3347677
3347678
3347679
3347680
3347681
3347682
3347684
3347685
3347686
3347687
3347688
3347689
3347690
3347691
3347692
3347693
3347694
3347695
3347696
3347697
3347698
3347699
3347700
3347701
3347702
3347703
3347704
3347705
3347707
3347708
3347709
3347712
3347713
3347714
3347715
3347716
3347717
3347718
3347719
3347720
3347721
3347722
3347723
3347724
3347725
3347726
3347727
3347728
3347729
3347730
3347731
3347732
3347734
3347735
3347736
3347737
3347738
3347739
3347740
3347741
3347742
3347743
3347744
3347745
3347746
3347747
3347748
3347749
3347750
3347757
3347758
3347759
3347760
3347761
3347762
3347763
3347764
3347765
3347767
3347768
3347769
3347770
3347771
3347772
3347773
3347774
3347776
3347777
3347778
3347779
3347780
3347781
3347782
3347783
3347784
3347785
3347786
3347787
3347788
3347789
3347790
3347791
3347792
3347793
3347794
3347796
3347797
3347798
3347801
3347802
3347803
3347804
3347805
3347806
3347807
3347809
3347810
3347811
3347812
3347813
3347814
3347815
3347816
3347817
3347818
3347819
3347820
3347821
3347822
3347823
3347824
3347825
3347826
3347827
3347828
3347829
3347831
3347834
3347835
3347836
3347837
3347838
3347839
3347841
3347842
3347843
3347844
3347845
3347846
3347847
3347848
3347849
3347850
3347851
3347852
3347853
3347854
3347855
3347856
3347858
3347859
3347860
3347862
3347863
3347864
3347865
3347867
3347868
3347869
3347870
3347871
3347872
3347873
3347874
3347875
3347876
3347877
3347878
3347879
3347880
3347881
3347882
3347883
3347884
3347885
3347886
3347887
3347888
3347889
3347890
3347891
3347893
3347894
3347895
3347896
3347897
3347898
3347900
3347901
3347902
3347903
3347904
3347905
3347906
3347907
3347908
3347909
3347910
3347911
3347912
3347913
3347915
3347916
3347917
3347919
3347920
3347922
3347923
3347924
3347925
3347926
3347927
3347928
3347930
3347932
3347933
3347934
3347935
3347936
3347937
3347939
3347940
3347941
3347942
3347943
3347944
3347946
3347947
3347948
3347950
3347951
3347952
3347953
3347955
3347956
3347957
3347958
3347959
3347960
3347962
3347963
3347964
3347965
3347966
3347967
3347968
3347969
3347970
3347971
3347972
3347973
3347974
3347975
3347976
3347977
3347978
3347979
3347980
3347981
3347982
3347983
3347984
3347985
3347986
3347987
3347988
3347989
3347990
3347991
3347992
3347993
3347994
3347995
3347996
3347997
3347998
3348000
3348002
3348003
3348004
3348005
3348007
3348008
3348009
3348010
3348012
3348014
3348015
3348018
3348019
3348021
3348022
3348023
3348024
3348025
3348028
3348029
3348030
3348031
3348032
3348033
3348034
3348036
3348038
3348039
3348040
3348045
3348046
3348047
3348049
3348050
3348051
3348052
3348053
3348054
3348055
3348057
3348058
3348059
3348060
3348061
3348062
3348066
3348067
3348068
3348070
3348072
3348075
3348076
3348077
3348078
3348080
3348083
3348084
3348087
3348088
3348090
3348091
3348092
3348093
3348095
3348096
3348097
3348099
3348100
3348102
3348103
3348104
3348105
3348106
3348107
3348108
3348109
3348110
3348113
3348114
3348115
3348116
3348117
3348118
3348119
3348120
3348121
3348122
3348123
3348124
3348125
3348126
3348127
3348128
3348129
3348130
3348131
3348133
3348134
3348135
3348136
3348137
3348138
3348139
3348140
3348141
3348142
3348143
3348144
3348146
3348147
3348148
3348149
3348150
3348151
3348152
3348153
3348154
3348155
3348156
3348157
3348158
3348159
3348160
3348161
3348162
3348163
3348164
3348165
3348166
3348167
3348168
3348169
3348170
3348171
3348172
3348174
3348175
3348347
3348348
3348349
3348351
3348352
3348354
3348355
3348357
3348361
3348362
3348364
3348365
3348374
3348375
3348376
3348404
3348405
3348409
3348411
3348412
3348414
3348415
3348416
3348417
3348418
3348419
3348420
3348421
3348422
3348423
3348424
3348425
3348426
3348427
3348428
3348429
3348430
3348431
3348432
3348433
3348434
3348435
3348436
3348437
3348438
3348439
3348440
3348441
3348442
3348443
3348444
3348445
3348446
3348447
3348448
3348449
3348450
3348451
3348452
3348453
3348454
3348455
3348456
3348457
3348458
3348460
3348461
3348462
3348463
3348464
3348465
3348466
3348467
3348468
3348470
3348471
3348472
3348476
3348478
3348480
3348481
3348482
3348483
3348484
3348485
3348486
3348487
3348488
3348489
3348490
3348491
3348493
3348494
3348495
3348496
3348497
3348498
3348499
3348500
3348501
3348502
3348503
3348504
3348505
3348506
3348507
3348508
3348509
3348510
3348512
3348513
3348514
3348515
3348516
3348517
3348518
3348519
3348520
3348522
3348523
3348524
3348525
3348526
3348528
3348529
3348530
3348531
3348532
3348533
3348534
3348535
3348536
3348537
3348538
3348540
3348541
3348542
3348543
3348544
3348545
3348546
3348548
3348549
3348550
3348551
3348552
3348553
3348554
3348555
3348556
3348557
3348559
3348561
3348562
3348565
3348566
3348567
3348568
3348570
3348572
3348573
3348575
3348576
3348577
3348578
3348579
3348580
3348583
3348585
3348586
3348587
3348589
3348590
3348591
3348594
3348595
3348596
3348597
3348598
3348600
3348603
3348604
3348605
3348606
3348608
3348609
3348610
3348613
3348614
3348617
3348619
3348620
3348621
3348623
3348624
3348625
3348627
3348628
3348629
3348630
3348631
3348633
3348634
3348635
3348636
3348637
3348638
3348639
3348640
3348642
3348643
3348644
3348646
3348647
3348648
3348649
3348650
3348651
3348652
3348653
3348655
3348656
3348657
3348658
3348659
3348661
3348662
3348663
3348665
3348666
3348668
3348669
3348675
3348676
3348678
3348679
3348680
3348681
3348682
3348683
3348684
3348685
3348689
3348691
3348692
3348693
3348694
3348695
3348697
3348698
3348699
3348700
3348701
3348702
3348703
3348706
3348707
3348709
3348711
3348712
3348713
3348714
3348717
3348718
3348721
3348723
3348725
3348727
3348728
3348731
3348732
3348734
3348736
3348737
3348738
3348739
3348740
3348741
3348742
3348743
3348744
3348745
3348747
3348748
3348749
3348750
3348752
3348753
3348755
3348756
3348758
3348759
3348760
3348761
3348762
3348763
3348764
3348766
3348767
3348768
3348769
3348770
3348771
3348772
3348774
3348775
3348776
3348777
3348778
3348779
3348780
3348781
3348782
3348783
3348784
3348785
3348786
3348787
3348788
3348789
3348790
3348791
3348793
3348795
3348797
3348798
3348801
3348804
3348805
3348806
3348807
3348808
3348809
3348810
3348811
3348812
3348813
3348815
3348816
3348817
3348818
3348819
3348820
3348822
3348823
3348824
3348826
3348827
3348828
3348831
3348832
3348835
3348837
3348839
3348840
3348844
3348846
3348847
3348848
3348851
3348852
3348853
3348854
3348857
3348859
3348860
3348861
3348863
3348864
3348865
3348866
3348867
3348868
3348869
3348870
3348871
3348873
3348874
3348875
3348876
3348878
3348879
3348880
3348881
3348882
3348883
3348884
3348885
3348886
3348889
3348891
3348892
3348894
3348896
3348897
3348898
3348900
3348901
3348928
3348929
3348931
3348932
3348934
3348935
3348936
3348938
3348940
3348941
3348942
3348943
3348944
3348945
3348946
3348947
3348948
3348949
3348950
3348951
3348952
3348953
3348955
3348956
3348957
3348959
3348960
3348961
3348962
3348963
3348965
3348966
3348967
3348968
3348969
3348970
3348971
3348972
3348973
3348974
3348975
3348976
3348977
3348979
3348981
3348982
3348983
3348984
3348985
3348987
3348988
3348989
3348990
3348991
3348993
3348994
3348997
3348998
3349000
3349001
3349002
3349003
3349004
3349005
3349006
3349007
3349008
3349011
3349012
3349013
3349014
3349015
3349017
3349018
3349021
3349024
3349025
3349026
3349027
3349028
3349029
3349030
3349032
3349033
3349034
3349035
3349036
3349038
3349039
3349040
3349041
3349042
3349043
3349044
3349045
3349048
3349049
3349050
3349052
3349053
3349054
3349055
3349056
3349057
3349058
3349059
3349060
3349063
3349064
3349065
3349067
3349068
3349076
3349077
3349078
3349079
3349081
3349083
3349084
3349085
3349086
3349087
3349089
3349090
3349091
3349099
3349101
3349102
3349103
3349104
3349105
3349106
3349107
3349168
3349185
3349224
3349226
3349228
3349238
3349239
3349240
3349241
3349242
3349243
3349245
3349247
3349248
3349249
3349250
3349251
3349252
3349253
3349254
3349255
3349256
3349257
3349258
3349259
3349260
3349261
3349263
3349264
3349265
3349266
3349267
3349268
3349269
3349271
3349272
3349273
3349274
3349275
3349276
3349277
3349279
3349280
3349281
3349282
3349288
3349300
3349301
3349302
3349304
3349305
3349310
3349311
3349312
3349313
3349314
3349354
3349359
3349362
3349365
3349435
3349436
3349437
3349438
3349440
3349441
3349442
3349443
3349445
3349446
3349447
3349448
3349449
3349450
3349451
3349452
3349453
3349454
3349455
3349456
3349457
3349458
3349459
3349460
3349461
3349462
3349463
3349464
3349465
3349466
3349467
3349468
3349469
3349476
3349640
3349641
3349642
3349643
3349783
3349799
3349802
3349807
3349808
3349809
3349909
3349990
3350102
3350120
3350132
3350133
3350135
3350136
3350138
3350144
3350192
3350200
3350209
3350239
3350240
3350327
3350332
3350539
3350564
3350565
3350566
3350578
3350980
3351098
3351099
3351115
3351434
3351437
3351442
3351445
3351446
3351447
3366332
3366563
3366564
3366565
3366567
3366611
3366613
3366621
3366622
3366623
3366628
3366629
3366630
3366631
3366632
3366634
3366635
3366636
3366637
3366639
3366640
3366656
3366657
3366658
3366659
3366660
3366661
3366662
3366663
3366665
3366668
3366957
3366997
3366998
3367306
3367373
3367395
3367396
3367540
3367547
3367557
3367558
3367560
3367562
3367563
3367565
3367566
3367731
3367764
3367765
3367771
3367772
3367773
3367788
3367789
3367790
3367791
3367792
3367793
3367810
3367811
3367812
3367813
3367814
3367815
3367816
3367818
3367820
3367821
3367822
3367823
3367824
3367826
3367828
3367829
3367830
3367831
3367832
3367835
3367838
3367839
3367840
3367841
3367842
3367843
3367844
3367845
3367846
3367848
3367849
3367850
3367851
3367853
3367854
3367855
3367856
3367860
3367861
3367862
3367863
3367864
3367865
3367867
3367868
3367871
3367872
3367874
3367875
3367876
3367877
3367879
3367880
3367881
3367883
3367884
3367885
3367887
3367888
3367889
3367890
3367892
3367893
3367895
3367896
3367899
3367900
3367901
3367902
3367903
3367906
3367907
3367908
3367909
3367910
3367912
3367913
3367915
3367917
3367920
3367921
3367923
3367924
3367925
3367926
3367927
3367928
3367929
3367930
3367931
3367932
3367933
3367934
3367936
3367937
3367938
3367940
3367941
3367944
3367945
3367947
3367948
3367949
3367950
3367951
3367952
3367953
3367955
3367956
3367957
3367958
3367960
3367964
3367965
3367966
3367967
3367968
3367969
3367970
3367971
3367972
3367973
3367974
3367976
3367978
3367979
3367980
3367981
3367984
3367985
3367987
3367988
3367990
3367991
3367992
3367993
3367994
3367995
3367997
3367998
3367999
3368000
3368001
3368002
3368003
3368004
3368005
3368006
3368007
3368008
3368009
3368011
3368012
3368013
3368014
3368015
3368016
3368017
3368018
3368019
3368021
3368022
3368023
3368025
3368028
3368029
3368030
3368031
3368032
3368035
3368036
3368037
3368038
3368039
3368040
3368046
3368047
3368049
3368050
3368051
3368053
3368054
3368055
3368056
3368057
3368058
3368059
3368060
3368061
3368062
3368063
3368065
3368066
3368067
3368068
3368069
3368070
3368071
3368073
3368075
3368077
3368079
3368081
3368083
3368084
3368085
3368086
3368087
3368088
3368089
3368090
3368091
3368094
3368095
3368096
3368097
3368098
3368099
3368103
3368104
3368105
3368106
3368107
3368108
3368109
3368110
3368111
3368112
3368113
3368114
3368116
3368117
3368118
3368119
3368120
3368121
3368122
3368123
3368124
3368125
3368126
3368127
3368128
3368129
3368130
3368133
3368134
3368135
3368136
3368137
3368138
3368139
3368140
3368141
3368142
3368143
3368144
3368145
3368146
3368147
3368148
3368149
3368150
3368151
3368152
3368153
3368154
3368155
3368156
3368157
3368158
3368159
3368160
3368161
3368162
3368163
3368164
3368165
3368167
3368168
3368169
3368170
3368171
3368172
3368173
3368174
3368175
3368176
3368177
3368178
3368179
3368180
3368181
3368183
3368184
3368185
3368186
3368187
3368188
3368189
3368190
3368191
3368192
3368193
3368194
3368195
3368196
3368197
3368198
3368199
3368201
3368202
3368203
3368204
3368205
3368206
3368207
3368208
3368210
3368211
3368212
3368213
3368214
3368216
3368219
3368220
3368221
3368222
3368223
3368224
3368225
3368226
3368227
3368228
3368229
3368230
3368232
3368233
3368234
3368235
3368236
3368237
3368238
3368240
3368242
3368243
3368244
3368245
3368246
3368247
3368248
3368249
3368250
3368251
3368252
3368253
3368254
3368255
3368256
3368257
3368258
3368259
3368260
3368261
3368262
3368263
3368264
3368265
3368266
3368267
3368268
3368269
3368270
3368271
3368272
3368273
3368274
3368275
3368276
3368277
3368278
3368279
3368280
3368281
3368282
3368283
3368284
3368285
3368286
3368287
3368288
3368289
3368290
3368291
3368292
3368293
3368294
3368295
3368296
3368298
3368299
3368300
3368301
3368302
3368303
3368305
3368306
3368307
3368308
3368309
3368310
3368311
3368312
3368313
3368314
3368315
3368316
3368317
3368320
3368322
3368323
3368325
3368326
3368328
3368329
3368331
3368332
3368333
3368334
3368335
3368336
3368337
3368339
3368340
3368342
3368343
3368344
3368345
3368346
3368349
3368350
3368351
3368352
3368353
3368354
3368355
3368356
3368357
3368358
3368359
3368360
3368361
3368362
3368364
3368365
3368366
3368367
3368368
3368369
3368370
3368372
3368373
3368374
3368375
3368376
3368377
3368378
3368379
3368380
3368381
3368382
3368383
3368384
3368385
3368386
3368387
3368388
3368389
3368390
3368391
3368392
3368393
3368394
3368395
3368396
3368397
3368399
3368400
3368401
3368402
3368403
3368405
3368406
3368407
3368408
3368409
3368410
3368411
3368412
3368413
3368414
3368417
3368418
3368419
3368420
3368421
3368422
3368423
3368425
3368491
3368492
3368493
3368494
3368495
3368496
3368497
3368642
3369136
3369137
3369148
3369150
3369151
3369152
3369203
3369487
3369591
3369593
3369597
3369619
3369620
3369621
3369628
3369629
3371239
3371240
3371242
3371243
3371244
3371245
3371246
3371248
3371249
3371250
3371251
3371252
3371253
3371254
3371255
3371256
3371258
3371261
3371262
3371263
3371265
3371267
3371268
3371269
3371270
3371271
3371273
3371275
3371276
3371277
3371278
3371279
3371280
3371282
3371283
3371284
3371285
3371287
3371288
3371290
3371291
3371292
3371294
3371296
3371297
3371298
3372873
3372914
3372916
3372919
3372921
3372922
3372923
3372924
3372925
3372926
3372927
3372928
3373008
3373393
3373398
3373405
3373480
3373484
3373641
3373666
3373667
3373739
3373936
3373939
3374113
3374114
3374116
3374119
3374123
3374124
3374125
3374126
3374127
3374129
3374130
3374131
3374132
3374133
3374244
3374245
3374284
3374285
3374286
3374373
3374577
3374579
3374687
3374688
3374689
3374725
3374726
3374727
3374738
3374742
3374743
3374749
3374761
3374763
3374901
3374908
3374910
3374911
3374930
3374934
3374937
3374938
3374948
3374949
3374950
3374951
3374952
3374953
3374954
3374955
3374957
3374958
3374959
3374960
3374961
3374962
3374963
3374965
3374968
3374969
3374970
3374971
3374972
3374974
3374976
3374977
3374978
3374979
3374980
3374981
3374982
3374983
3374984
3374985
3374986
3374987
3374988
3374989
3374990
3374992
3374993
3374994
3374995
3374996
3374997
3374998
3374999
3375000
3375001
3375002
3375003
3375004
3375005
3375006
3375007
3375008
3375009
3375010
3375011
3375012
3375013
3375014
3375015
3375016
3375017
3375018
3375019
3375452
3375710
3375711
3375764
3375765
3375766
3375767
3375900
3375901
3375903
3375904
3375905
3375906
3375969
3375970
3375972
3375973
3375974
3375997
3376316
3376325
3376326
3376328
3376329
3376332
3376333
3376334
3376335
3376336
3376337
3376339
3376340
3376341
3376344
3376345
3376346
3376348
3376349
3376350
3376351
3376354
3376355
3376357
3376358
3376359
3376360
3376361
3376364
3376365
3376366
3376367
3376368
3376369
3376370
3376371
3376372
3376373
3376374
3376375
3376376
3376379
3376380
3376381
3376382
3376383
3376384
3376385
3376386
3376387
3376388
3376389
3376390
3376391
3376392
3376394
3376395
3376396
3376397
3376399
3376400
3376402
3376403
3376404
3376407
3376408
3376410
3376411
3376412
3376414
3376415
3376417
3376418
3376420
3376421
3376422
3376423
3376424
3376425
3376426
3376428
3376429
3376431
3376434
3376438
3376439
3376442
3376443
3376444
3376446
3376448
3376449
3376450
3376451
3376453
3376454
3376456
3376458
3376459
3376460
3376462
3376463
3376467
3376469
3376470
3376471
3376472
3376473
3376474
3376476
3376477
3376478
3376479
3376480
3376481
3376482
3376483
3376484
3376485
3376486
3376487
3376488
3376489
3376490
3376491
3376493
3376494
3376495
3376496
3376497
3376498
3376499
3376500
3376501
3376502
3376504
3376505
3376506
3376507
3376508
3376509
3376510
3376511
3376512
3376513
3376514
3376515
3376516
3376517
3376518
3376519
3376520
3376521
3376522
3376523
3376524
3376525
3376526
3376527
3376528
3376529
3376530
3376531
3376532
3376533
3376534
3376535
3376536
3376537
3376538
3376540
3376541
3376542
3376543
3376544
3376545
3376546
3376547
3376548
3376549
3376550
3376551
3376552
3376553
3376554
3376555
3376556
3376557
3376559
3376561
3376562
3376563
3376564
3376565
3376566
3376567
3376568
3376569
3376570
3376571
3376572
3376574
3376577
3376578
3376580
3376581
3376582
3376584
3376586
3376587
3376588
3376589
3376590
3376591
3376592
3376593
3376594
3376595
3376596
3376597
3376598
3376599
3376600
3376601
3376603
3376604
3376606
3376607
3376608
3376612
3376699
3376760
3376761
3376889
3376935
3376961
3377088
3377089
3377109
3377119
3377174
3377234
3377338
3377341
3377346
3377347
3377348
3377349
3377350
3377351
3377353
3377357
3377358
3377360
3377396
3377419
3377420
3377594
3377597
3377601
3377605
3377606
3377755
3377756
3377757
3377758
3377759
3377760
3377761
3377762
3377763
3377764
3377765
3377766
3377767
3377770
3377827
3377828
3377829
3377830
3377867
3377868
3377869
3377935
3377936
3377937
3377941
3377942
3377947
3377951
3377956
3377957
3377958
3377959
3377985
3377990
3377992
3377994
3378022
3378093
3378094
3378197
3378198
3378199
3378200
3378211
3378289
3378290
3378293
3378294
3378295
3378296
3378297
3378324
3378326
3378334
3378335
3378338
3378339
3378340
3378341
3378342
3378350
3378351
3378352
3378353
3378357
3378358
3378359
3378361
3378362
3378363
3378364
3378365
3378366
3378367
3378368
3378369
3378370
3378371
3378372
3378373
3378374
3378375
3378590
3378591
3378592
3378593
3378594
3378595
3378598
3378599
3379141
3379845
3380443
3380462
3380469
3380796
3380797
3380798
3381422
3381423
3381477
3381478
3381479
3381480
3381481
3381482
3381483
3381484
3381485
3381486
3381487
3381488
3381489
3381490
3381491
3381492
3381493
3381494
3381495
3381496
3381499
3381500
3381501
3381537
3381780
3381781
3381782
3381912
3381913
3382113
3382195
3382196
3382523
3382652
3382660
3382815
3382838
3382839
3382841
3382842
3382848
3382850
3382851
3382854
3382855
3382858
3382862
3382866
3382877
3382880
3382881
3382888
3382889
3382893
3382963
3383182
3383184
3383186
3383188
3383190
3383191
3383217
3383484
3383507
3384030
3384031
3384106
3384107
3384108
3384113
3384121
3384127
3384147
3384153
3384155
3384265
3384267
3384488
3384638
3384641
3384655
3384656
3384657
3384658
3384659
3384676
3384732
3384733
3384750
3384769
3384770
3384774
3384775
3384776
3384777
3384820
3384822
3384823
3384824
3384835
3384839
3384840
3384841
3384869
3384870
3384871
3384872
3384873
3384874
3384875
3384876
3384877
3384911
3384912
3384914
3384915
3384917
3384930
3384961
3384962
3384964
3384966
3384969
3384973
3384974
3384977
3384979
3384996
3384998
3385009
3385010
3385012
3385013
3385015
3385019
3385020
3385022
3385023
3385024
3385026
3385039
3385040
3385041
3385042
3385044
3385045
3385047
3385048
3385174
3385175
3385181
3385185
3385186
3385187
3385188
3385190
3385191
3385192
3385193
3385194
3385195
3385196
3385207
3385208
3385210
3385211
3385212
3385213
3385214
3385215
3385216
3385217
3385218
3385219
3385220
3385221
3385222
3385223
3385225
3385226
3385227
3385228
3385229
3385230
3385231
3385232
3385233
3385234
3385235
3385236
3385237
3385238
3385239
3385240
3385241
3385242
3385243
3385244
3385245
3385246
3385247
3385248
3385249
3385250
3385251
3385252
3385253
3385254
3385255
3385256
3385257
3385258
3385264
3385267
3385271
3385290
3385293
3385295
3385299
3385300
3385301
3385304
3385305
3385306
3385307
3385310
3385311
3385312
3385313
3385314
3385315
3385316
3385317
3385318
3385319
3385326
3385327
3385328
3385329
3385330
3385331
3385334
3385336
3385338
3385339
3385346
3385347
3385348
3385349
3385350
3385356
3385362
3385364
3385369
3385370
3385546
3386024
3386026
3386028
3386030
3386032
3386054
3386055
3386056
3386057
3386058
3386072
3386078
3386079
3386081
3386086
3386087
3386088
3386091
3386098
3386099
3386100
3386105
3386108
3386111
3386112
3386113
3386122
3386131
3386133
3386135
3386136
3386139
3386145
3386150
3386152
3386157
3386158
3386169
3386170
3386171
3386172
3386173
3386189
3386190
3386193
3386214
3386300
3386301
3386302
3386304
3386305
3386311
3386312
3386313
3386315
3386316
3386317
3386318
3386332
3386333
3386826
3386846
3386912
3386913
3387281
3387283
3387285
3387389
3387390
3387391
3387392
3387393
3387396
3387409
3387410
3387411
3387413
3387415
3387541
3387542
3387543
3387545
3387546
3387547
3387548
3387549
3387697
3388307
3388309
3388310
3388311
3388329
3388331
3388350
3388351
3388352
3388405
3388480
3388483
3388484
3388565
3388584
3388585
3388586
3388587
3388589
3388590
3388591
3388592
3388594
3388596
3388597
3388598
3388599
3388600
3388601
3388603
3388605
3388606
3388610
3388611
3388612
3388738
3388739
3389739
3389871
3389922
3389923
3389924
3389925
3389927
3389928
3389929
3389930
3389938
3389939
3389942
3389943
3389951
3389962
3389963
3389964
3389966
3389967
3390221
3390247
3390259
3390261
3390365
3390366
3390384
3390387
3390388
3390389
3390390
3390391
3390392
3390394
3390395
3390396
3390397
3390399
3390400
3390401
3390402
3390403
3390404
3390495
3390496
3390731
3390732
3390766
3390820
3390826
3390827
3390828
3390838
3390845
3390846
3390848
3390897
3390903
3390904
3390905
3390906
3390993
3391120
3391148
3391471
3391521
3391565
3391566
3391567
3391616
3391617
3391704
3391707
3391820
3392046
3392083
3392206
3393335
3393336
3393471
3393502
3393503
3393506
3393516
3393517
3393935
3393991
3394183
3394184
3394211
3394247
3394248
3394249
3394250
3394602
3394618
3394619
3394620
3394621
3394622
3394623
3394624
3394625
3394640
3394642
3394651
3394917
3394923
3394933
3395268
3395328
3395329
3395330
3395497
3395519
3395899
3396144
3396145
3396151
3396154
3396453
3396465
3396467
3396470
3396564
3396872
3396873
3396921
3396985
3397031
3397037
3397181
3397182
3397502
3397659
3397771
3397798
3397799
3397823
3398194
3398201
3398202
3398389
3398390
3398396
3398403
3398404
3398405
3398406
3398407
3398408
3398410
3398411
3398412
3398413
3398414
3398415
3398416
3398417
3398418
3398419
3398420
3398421
3398422
3398423
3398424
3398425
3398426
3398427
3398428
3398429
3398430
3398431
3398432
3398433
3398434
3398435
3398436
3398437
3398438
3398439
3398618
3398634
3398638
3398639
3398640
3398641
3398645
3398646
3398647
3398648
3398649
3398650
3398651
3398652
3398653
3398654
3398655
3398656
3398657
3398658
3398659
3398660
3398661
3398663
3398664
3398665
3398666
3398668
3398711
3398731
3398822
3398825
3398827
3398828
3398829
3398830
3398832
3399153
3399154
3399155
3399159
3399165
3399167
3399168
3399170
3399171
3399175
3399484
3399485
3399576
3399594
3399595
3399608
3399616
3399662
3399664
3399667
3399668
3399671
3399672
3399673
3399693
3399694
3399695
3399696
3399697
3399699
3399700
3399701
3399702
3399703
3399704
3399706
3399707
3399708
3399709
3399710
3399711
3399712
3399713
3399715
3399716
3399717
3399718
3399719
3399720
3399721
3399722
3399723
3399724
3399725
3399726
3399727
3399728
3399729
3399730
3399731
3399732
3399733
3399734
3399735
3399736
3399737
3399738
3399739
3399740
3399741
3399780
3399781
3399782
3399783
3399784
3399786
3399789
3399790
3399802
3399803
3399804
3400136
3400137
3400155
3400156
3400157
3400160
3400161
3400168
3400169
3400172
3400173
3400174
3400245
3400247
3400317
3400320
3400321
3400413
3400613
3400614
3400616
3400617
3400661
3400662
3400663
3400667
3400668
3400672
3400811
3400824
3400886
3400887
3400888
3400889
3400891
3400895
3400896
3400897
3400926
3400927
3400932
3400944
3400948
3400951
3400952
3401029
3401035
3401036
3401037
3401039
3401043
3401073
3401079
3401080
3401091
3401100
3401101
3401102
3401103
3401104
3401105
3401106
3401107
3401108
3401109
3401119
3401163
3401169
3401225
3401601
3401637
3401639
3401640
3401910
3401912
3401961
3401996
3402096
3402118
3402121
3402122
3402141
3402185
3402189
3402310
3402313
3402314
3402315
3402316
3402317
3402318
3402319
3402320
3402321
3402322
3402323
3402324
3402325
3402326
3402327
3402328
3402329
3402330
3402331
3402332
3402333
3402334
3402335
3402336
3402337
3402338
3402339
3402340
3402341
3402342
3402343
3402344
3402345
3402346
3402347
3402348
3402349
3402350
3402351
3402352
3402353
3402354
3402356
3402359
3402360
3402361
3402362
3402363
3402364
3402365
3402366
3402367
3402368
3402369
3402370
3402623
3402711
3402737
3402744
3402753
3402982
3402986
3403036
3403037
3403038
3403050
3403051
3403052
3403058
3403059
3403061
3403111
3403122
3403148
3403182
3403316
3403317
3403321
3403323
3403325
3403328
3403337
3403339
3403341
3403344
3403346
3403348
3403352
3403353
3403354
3403355
3403356
3403357
3403358
3403360
3403362
3403365
3403366
3403367
3403368
3403373
3403374
3403376
3403377
3403380
3403381
3403384
3403385
3403386
3403388
3403389
3403391
3403393
3403398
3403399
3403400
3403401
3403402
3403433
3403434
3403435
3403442
3403443
3403444
3403470
3403471
3403484
3403488
3403489
3403493
3403494
3403495
3403498
3403499
3403500
3403501
3403502
3403510
3403511
3403512
3403513
3403514
3403515
3403516
3403517
3403518
3403519
3403520
3403521
3403522
3403523
3403524
3403525
3403526
3403527
3403528
3403529
3403530
3403531
3403532
3403533
3403534
3403535
3403536
3403537
3403538
3403539
3403540
3403542
3403543
3403544
3403545
3403546
3403547
3403548
3403549
3403550
3403551
3403562
3403568
3403572
3403575
3403660
3403661
3403662
3403682
3403683
3403684
3403685
3403686
3403687
3403688
3404140
3404141
3404143
3404144
3404147
3404148
3404513
3404699
3404827
3404828
3404831
3404953
3404966
3404969
3404970
3404971
3404974
3405092
3405093
3405094
3405095
3405096
3405097
3405098
3405099
3405100
3405101
3405102
3405103
3405104
3405105
3405106
3405107
3405109
3405110
3405463
3406417
3406585
3406595
3406631
3406649
3407641
3407642
3408556
3408568
3408571
3409718
3409755
3409855
3409856
3409901
3409902
3410102
3410108
3410110
3410870
3410872
3410910
3410912
3410929
3410944
3410945
3410946
3410948
3410951
3410958
3410959
3410970
3410972
3411021
3411022
3411023
3411026
3411027
3411032
3411149
3411150
3411151
3411232
3411239
3411240
3411243
3411245
3411246
3411247
3411248
3411249
3411250
3411252
3411254
3411255
3411257
3411260
3411264
3411269
3411273
3411275
3411315
3411316
3411317
3411318
3411319
3411548
3411653
3411655
3411656
3411657
3411658
3411688
3411754
3411806
3411807
3411808
3411809
3411810
3411814
3411815
3411828
3411829
3411830
3411838
3411839
3411842
3411843
3411844
3411886
3411927
3411929
3411939
3411940
3411941
3411952
3411979
3411980
3411981
3411982
3412304
3412320
3412427
3412435
3412437
3412444
3412525
3412527
3412528
3412532
3412533
3412536
3412574
3412606
3412607
3412608
3412613
3412679
3412694
3412721
3412726
3412729
3412730
3412731
3412779
3412804
3412806
3412811
3412850
3412862
3412880
3412890
3412904
3412905
3412906
3412909
3412911
3412933
3412934
3412935
3412936
3412942
3412947
3412951
3412952
3412954
3412956
3412959
3412960
3412962
3412963
3412966
3412972
3412973
3412984
3413015
3413138
3413141
3413142
3413145
3413151
3413152
3413206
3413207
3413208
3413209
3413222
3413224
3413225
3413226
3413227
3413228
3413229
3413495
3413496
3413498
3413923
3413927
3413930
3413985
3414160
3414161
3414168
3414225
3414226
3414227
3414232
3414235
3414236
3414262
3414531
3414532
3414533
3414534
3414535
3414536
3414537
3414543
3414544
3414660
3414682
3414721
3414722
3414723
3414724
3414725
3414726
3414848
3414884
3414887
3414921
3414927
3414930
3415261
3415262
3415509
3415512
3415513
3415608
3415609
3415610
3415611
3415612
3415613
3415622
3415625
3415626
3415627
3415628
3415633
3415646
3415712
3415713
3415714
3415719
3415720
3415721
3415727
3415728
3415737
3415738
3415739
3415740
3415745
3415975
3415977
3416015
3416016
3416019
3416020
3416021
3416397
3416398
3416399
3416405
3416465
3416466
3416467
3416468
3416472
3416476
3416483
3416486
3416488
3416494
3416499
3416559
3416566
3416569
3416570
3416601
3416602
3416833
3416834
3416932
3416985
3416988
3417000
3417001
3417002
3417009
3417014
3417015
3417017
3417018
3417019
3417223
3417224
3417225
3417226
3417455
3417563
3417627
3417667
3417668
3417738
3417910
3417972
3418187
3418232
3418254
3418341
3418342
3418343
3418344
3418345
3418380
3418381
3418382
3418383
3418509
3418510
3418604
3418615
3418645
3418646
3418647
3418648
3418649
3418650
3418651
3418652
3418653
3418654
3418805
3418806
3418866
3418999
3419000
3419001
3419042
3419777
3419803
3420096
3420192
3420195
3420196
3420198
3420199
3420447
3420448
3420449
3420450
3420451
3420452
3420529
3420539
3420540
3420541
3420543
3420544
3420634
3420803
3420841
3420843
3420845
3420846
3420848
3420849
3420850
3420851
3420852
3420914
3420915
3420960
3420961
3420962
3420965
3420967
3420974
3421139
3421140
3421141
3421142
3421143
3421144
3421145
3421146
3421147
3421148
3421149
3421150
3421151
3421152
3421154
3421155
3421185
3421322
3421660
3421738
3421739
3421740
3421746
3421863
3422009
3422298
3423285
3423310
3423436
3423633
3423634
3423635
3423636
3423637
3423638
3423639
3423640
3423641
3423642
3423644
3423645
3423646
3423647
3423648
3424005
3424015
3424136
3424137
3424297
3424305
3424587
3424590
3424629
3424630
3424631
3424633
3424634
3424635
3424638
3424639
3424640
3424641
3424643
3424644
3424648
3424650
3424652
3424654
3424656
3424658
3424659
3424662
3424664
3424665
3424666
3424668
3424669
3424673
3424678
3424679
3424680
3424681
3424736
3424737
3424738
3424742
3424745
3424746
3424749
3424752
3424753
3424850
3424855
3424860
3424861
3424862
3424863
3424864
3424865
3424870
3424871
3424888
3424889
3424890
3424891
3424892
3424893
3424894
3424895
3424897
3424898
3424899
3424900
3424901
3424902
3424903
3424904
3424905
3424906
3424907
3424908
3424909
3424910
3424911
3424912
3424913
3424914
3424915
3424916
3424917
3424918
3424919
3424920
3424921
3424922
3424923
3424927
3424928
3424929
3424930
3424931
3424932
3424933
3424934
3424935
3424936
3424937
3424938
3424939
3424940
3424943
3424944
3424945
3424946
3424947
3424949
3424950
3424951
3424952
3424953
3424954
3424955
3424956
3424958
3424959
3424960
3424961
3424963
3424964
3424965
3424966
3424967
3424969
3424970
3424973
3424974
3424975
3424976
3424979
3424983
3424986
3424987
3424989
3424990
3424991
3424992
3424993
3424994
3424995
3424996
3424997
3424998
3424999
3425000
3425001
3425002
3425003
3425004
3425005
3425006
3425007
3425008
3425009
3425010
3425011
3425012
3425013
3425014
3425015
3425016
3425017
3425018
3425019
3425020
3425021
3425029
3425030
3425031
3425033
3425034
3425035
3425036
3425038
3425039
3425042
3425047
3425048
3425051
3425052
3425053
3425054
3425056
3425058
3425059
3425060
3425061
3425062
3425064
3425065
3425068
3425069
3425070
3425071
3425072
3425073
3425074
3425075
3425076
3425077
3425078
3425080
3425081
3425082
3425084
3425086
3425087
3425088
3425092
3425093
3425094
3425095
3425096
3425105
3425106
3425108
3425109
3425110
3425111
3425117
3425169
3425670
3425671
3425673
3425674
3425675
3425676
3425677
3425681
3425682
3425683
3425684
3425697
3425732
3425736
3425737
3425738
3425739
3425740
3425741
3425742
3425743
3425744
3425745
3425746
3425748
3425749
3425750
3425751
3425752
3425753
3425754
3425755
3425756
3425757
3425758
3425759
3425760
3425761
3425762
3425763
3425764
3425765
3425766
3425767
3425768
3425769
3425825
3425826
3425839
3425875
3425907
3425908
3425910
3425911
3425912
3425913
3425914
3425915
3425965
3425966
3425969
3425971
3425972
3425973
3425976
3425977
3425978
3425979
3425982
3425984
3425985
3425986
3425988
3425989
3425990
3425994
3425996
3425997
3425999
3426000
3426001
3426003
3426004
3426005
3426071
3426085
3426086
3426088
3426090
3426091
3426092
3426093
3426094
3426095
3426096
3426097
3426101
3426116
3426117
3426124
3426128
3426136
3426138
3426153
3426155
3426160
3426162
3426166
3426168
3426170
3426171
3426172
3426174
3426175
3426176
3426179
3426182
3426183
3426184
3426192
3426194
3426198
3426199
3426204
3426208
3426211
3426213
3426214
3426215
3426216
3426217
3426218
3426219
3426221
3426225
3426226
3426227
3426228
3426231
3426232
3426233
3426235
3426236
3426237
3426238
3426239
3426240
3426242
3426248
3426254
3426255
3426262
3426265
3426266
3426267
3426268
3426270
3426271
3426272
3426273
3426275
3426280
3426284
3426285
3426286
3426287
3426291
3426292
3426294
3426295
3426298
3426300
3426301
3426304
3426305
3426306
3426307
3426308
3426309
3426310
3426311
3426313
3426314
3426315
3426317
3426319
3426325
3426326
3426330
3426337
3426339
3426340
3426341
3426342
3426343
3426345
3426346
3426347
3426348
3426349
3426350
3426351
3426352
3426359
3426360
3426361
3426362
3426377
3426378
3426379
3426381
3426382
3426383
3426386
3426387
3426388
3426393
3426394
3426396
3426399
3426405
3426406
3426407
3426409
3426410
3426411
3426432
3426433
3426435
3426436
3426437
3426439
3426440
3426441
3426442
3426445
3426447
3426449
3426450
3426451
3426452
3426453
3426454
3426455
3426458
3426459
3426460
3426462
3426466
3426467
3426471
3426474
3426484
3426486
3426489
3426490
3426496
3426500
3426505
3426506
3426507
3426520
3426529
3426536
3426542
3426544
3426546
3426548
3426550
3426551
3426552
3426554
3426571
3426579
3426580
3426581
3426582
3426584
3426587
3426588
3426589
3426590
3426592
3426600
3426611
3426613
3426615
3426621
3426623
3426624
3426636
3426653
3426658
3426660
3426665
3426667
3426669
3426671
3426672
3426673
3426674
3426677
3426678
3426679
3426681
3426689
3426690
3426694
3426695
3426696
3426698
3426699
3426700
3426701
3426702
3426703
3426705
3426706
3426707
3426709
3426710
3426711
3426712
3426713
3426714
3426715
3426716
3426717
3426718
3426719
3426720
3426721
3426722
3426725
3426726
3426727
3426729
3426730
3426732
3426735
3426737
3426738
3426741
3426745
3426746
3426747
3426748
3426749
3426750
3426751
3426754
3426755
3426756
3426758
3426759
3426761
3426764
3426770
3426772
3426773
3426776
3426778
3426779
3426782
3426785
3426788
3426789
3426790
3426792
3426793
3426794
3426795
3426797
3426798
3426799
3426805
3426806
3426807
3426808
3426809
3426810
3426811
3426813
3426814
3426816
3426817
3426818
3426819
3426827
3426828
3426829
3426832
3426833
3426834
3426837
3426838
3426839
3426843
3426844
3426845
3426846
3426847
3426850
3426852
3426853
3426855
3426857
3426859
3426860
3426861
3426862
3426864
3426865
3426871
3426872
3426873
3426877
3426882
3426883
3426884
3426886
3426887
3426888
3426892
3426894
3426897
3426898
3426900
3426905
3426909
3426910
3426912
3426915
3426920
3426922
3426925
3426927
3426928
3426929
3426934
3426935
3426940
3426945
3426946
3426950
3426954
3426960
3426962
3426964
3426966
3426967
3426969
3426970
3426972
3426975
3426976
3426979
3426980
3426984
3426985
3426988
3426989
3426993
3426994
3426995
3426997
3426999
3427002
3427003
3427004
3427008
3427010
3427011
3427012
3427013
3427016
3427018
3427021
3427022
3427023
3427024
3427025
3427027
3427028
3427032
3427033
3427035
3427038
3427039
3427040
3427042
3427045
3427047
3427053
3427055
3427058
3427059
3427060
3427062
3427063
3427066
3427067
3427068
3427071
3427072
3427074
3427075
3427077
3427081
3427082
3427083
3427085
3427086
3427090
3427091
3427095
3427104
3427105
3427108
3427121
3427122
3427124
3427125
3427126
3427127
3427128
3427133
3427138
3427139
3427140
3427141
3427142
3427143
3427145
3427146
3427147
3427148
3427150
3427151
3427152
3427153
3427155
3427159
3427161
3427169
3427174
3427181
3427183
3427184
3427188
3427189
3427192
3427193
3427194
3427196
3427199
3427200
3427206
3427210
3427211
3427213
3427215
3427218
3427219
3427226
3427227
3427228
3427229
3427230
3427231
3427232
3427233
3427234
3427236
3427237
3427238
3427239
3427240
3427242
3427246
3427247
3427248
3427250
3427251
3427252
3427253
3427255
3427256
3427257
3427258
3427259
3427260
3427262
3427266
3427294
3427295
3427296
3427297
3427298
3427300
3427301
3427302
3427303
3427304
3427305
3427306
3427307
3427308
3427312
3427317
3427319
3427321
3427322
3427329
3427331
3427333
3427334
3427335
3427338
3427348
3427354
3427355
3427356
3427358
3427359
3427360
3427364
3427371
3427374
3427375
3427377
3427379
3427380
3427382
3427383
3427384
3427385
3427390
3427391
3427393
3427394
3427400
3427405
3427410
3427415
3427416
3427417
3427418
3427419
3427426
3427427
3427429
3427440
3427473
3427474
3427475
3427476
3427485
3427486
3427487
3427490
3427491
3427496
3427519
3427526
3427527
3427528
3427532
3427536
3427537
3427544
3427545
3427546
3427547
3427548
3427550
3427552
3427553
3427562
3427563
3427564
3427565
3427566
3427567
3427568
3427573
3427579
3427580
3427581
3427582
3427583
3427584
3427585
3427586
3427587
3427594
3427602
3427609
3427621
3427622
3427623
3427624
3427625
3427626
3427629
3427643
3427652
3427658
3427663
3427664
3427665
3427666
3427667
3427668
3427670
3427671
3427672
3427673
3427703
3427704
3427705
3427706
3427710
3427711
3427712
3427714
3427717
3427718
3427719
3427722
3427723
3427724
3427725
3427726
3427733
3427734
3427737
3427738
3427740
3427741
3427744
3427747
3427748
3427749
3427751
3427753
3427754
3427758
3427759
3427761
3427762
3427763
3427764
3427765
3427766
3427767
3427768
3427769
3427770
3427771
3427772
3427773
3427774
3427775
3427776
3427777
3427779
3427780
3427782
3427784
3427785
3427786
3427787
3427788
3427789
3427790
3427792
3427793
3427794
3427796
3427797
3427798
3427799
3427800
3427802
3427803
3427804
3427805
3427806
3427807
3427808
3427809
3427810
3427811
3427812
3427814
3427815
3427818
3427824
3427833
3427835
3427836
3427840
3427841
3427843
3427845
3427846
3427847
3427848
3427852
3427860
3427863
3427866
3427870
3427903
3427907
3427923
3427924
3427926
3427927
3427928
3427929
3427930
3427931
3427933
3427934
3427943
3427953
3427954
3427957
3427963
3427964
3427965
3427966
3427967
3427968
3427970
3427971
3427982
3427985
3427986
3427992
3427993
3427996
3428002
3428003
3428006
3428007
3428008
3428009
3428011
3428013
3428014
3428015
3428016
3428019
3428020
3428023
3428024
3428026
3428032
3428037
3428040
3428043
3428048
3428055
3428060
3428071
3428074
3428075
3428078
3428080
3428081
3428082
3428083
3428084
3428085
3428086
3428087
3428088
3428092
3428093
3428099
3428104
3428106
3428108
3428109
3428110
3428113
3428114
3428115
3428116
3428117
3428118
3428119
3428120
3428121
3428124
3428125
3428126
3428127
3428128
3428129
3428130
3428131
3428132
3428133
3428134
3428136
3428138
3428139
3428140
3428141
3428142
3428146
3428157
3428158
3428160
3428164
3428178
3428182
3428183
3428185
3428189
3428191
3428193
3428194
3428195
3428196
3428203
3428206
3428207
3428208
3428209
3428210
3428211
3428212
3428213
3428214
3428217
3428220
3428224
3428231
3428242
3428245
3428246
3428247
3428248
3428250
3428251
3428252
3428253
3428255
3428256
3428257
3428258
3428259
3428261
3428262
3428263
3428264
3428265
3428266
3428267
3428270
3428271
3428272
3428273
3428274
3428275
3428276
3428277
3428278
3428279
3428280
3428281
3428283
3428284
3428285
3428286
3428287
3428288
3428289
3428290
3428291
3428293
3428297
3428298
3428302
3428303
3428304
3428305
3428306
3428307
3428308
3428309
3428310
3428311
3428312
3428314
3428316
3428325
3428328
3428344
3428345
3428346
3428347
3428348
3428350
3428352
3428353
3428354
3428355
3428356
3428357
3428358
3428359
3428360
3428361
3428362
3428363
3428364
3428365
3428366
3428367
3428368
3428369
3428370
3428371
3428372
3428374
3428375
3428376
3428377
3428378
3428379
3428380
3428381
3428382
3428383
3428384
3428385
3428386
3428387
3428388
3428389
3428391
3428392
3428393
3428394
3428395
3428396
3428397
3428398
3428399
3428400
3428401
3428402
3428403
3428404
3428405
3428406
3428407
3428408
3428409
3428410
3428411
3428412
3428413
3428414
3428415
3428416
3428417
3428418
3428419
3428420
3428421
3428428
3428429
3428430
3428431
3428437
3428440
3428441
3428442
3428448
3428449
3428450
3428454
3428456
3428459
3428460
3428461
3428462
3428463
3428465
3428466
3428471
3428472
3428473
3428480
3428481
3428482
3428484
3428485
3428487
3428496
3428515
3428518
3428520
3428521
3428522
3428523
3428524
3428525
3428527
3428528
3428529
3428530
3428531
3428532
3428533
3428534
3428536
3428537
3428539
3428540
3428543
3428545
3428548
3428549
3428550
3428552
3428553
3428554
3428555
3428556
3428557
3428561
3428565
3428575
3428633
3428634
3428636
3428639
3428641
3428661
3428662
3428669
3428678
3428679
3428680
3428681
3428682
3428684
3428686
3428687
3428689
3428690
3428691
3428692
3428693
3428694
3428695
3428696
3428697
3428698
3428699
3428700
3428701
3428702
3428703
3428704
3428705
3428706
3428707
3428708
3428709
3428710
3428711
3428712
3428713
3428714
3428715
3428716
3428717
3428718
3428719
3428720
3428721
3428722
3428723
3428724
3428725
3428726
3428727
3428728
3428729
3428730
3428731
3428732
3428734
3428735
3428736
3428737
3428738
3428739
3428740
3428741
3428742
3428744
3428745
3428746
3428747
3428748
3428750
3428751
3428752
3428753
3428754
3428755
3428756
3428757
3428764
3428768
3428769
3428770
3428771
3428774
3428775
3428776
3428783
3428784
3428786
3428793
3428794
3428795
3428796
3428797
3428798
3428799
3428800
3428804
3428806
3428809
3428810
3428811
3428812
3428813
3428814
3428815
3428816
3428819
3428820
3428821
3428822
3428823
3428824
3428825
3428826
3428827
3428828
3428829
3428830
3428831
3428832
3428833
3428834
3428836
3428837
3428838
3428839
3428840
3428841
3428842
3428843
3428844
3428845
3428846
3428847
3428848
3428849
3428850
3428851
3428852
3428854
3428855
3428856
3428857
3428858
3428859
3428860
3428861
3428862
3428863
3428867
3428868
3428869
3428870
3428873
3428874
3428875
3428876
3428877
3428878
3428879
3428880
3428881
3428882
3428883
3428885
3428888
3428889
3428893
3428897
3428898
3428899
3428900
3428901
3428902
3428904
3428908
3428909
3428912
3428913
3428915
3428916
3428920
3428927
3428931
3428932
3428933
3428934
3428935
3428936
3428938
3428948
3428950
3428951
3428953
3428954
3428955
3428956
3428957
3428958
3428960
3428962
3428964
3428966
3428967
3428968
3428970
3428971
3428972
3428973
3428974
3428975
3428976
3428977
3428978
3428979
3428980
3428981
3428991
3428992
3429000
3429001
3429002
3429004
3429009
3429029
3429070
3429071
3429075
3429076
3429077
3429078
3429079
3429081
3429082
3429083
3429084
3429085
3429086
3429087
3429088
3429089
3429090
3429092
3429093
3429097
3429100
3429102
3429103
3429104
3429105
3429106
3429107
3429110
3429116
3429117
3429119
3429126
3429128
3429129
3429131
3429134
3429136
3429140
3429141
3429143
3429152
3429153
3429154
3429163
3429171
3429173
3429174
3429175
3429176
3429177
3429178
3429179
3429192
3429193
3429203
3429206
3429207
3429210
3429211
3429212
3429224
3429225
3429228
3429233
3429258
3429259
3429265
3429268
3429270
3429272
3429273
3429277
3429280
3429281
3429282
3429776
3429780
3429781
3429782
3429785
3429786
3429788
3429789
3429790
3429794
3429795
3429796
3429798
3429801
3429802
3429807
3429810
3429889
3429897
3429898
3429905
3429907
3429908
3429912
3429913
3429914
3429915
3429916
3429917
3429918
3429919
3429921
3429922
3429923
3429924
3429926
3429927
3429928
3429929
3429930
3429931
3429932
3429935
3429936
3429937
3429938
3429941
3429942
3429943
3429944
3429947
3429950
3429953
3429957
3429958
3429960
3429961
3429962
3429966
3429968
3429972
3429976
3429977
3429979
3429980
3429982
3429983
3429984
3429985
3429987
3429988
3429990
3429992
3429993
3429994
3429995
3429996
3430003
3430010
3430013
3430019
3430021
3430026
3430029
3430032
3430034
3430036
3430037
3430038
3430039
3430041
3430042
3430043
3430044
3430045
3430046
3430048
3430050
3430051
3430052
3430053
3430054
3430056
3430057
3430058
3430061
3430064
3430065
3430067
3430069
3430070
3430072
3430073
3430074
3430076
3430077
3430078
3430079
3430080
3430082
3430083
3430084
3430085
3430086
3430087
3430090
3430094
3430095
3430096
3430097
3430098
3430099
3430100
3430101
3430107
3430108
3430109
3430110
3430111
3430117
3430118
3430119
3430120
3430122
3430123
3430124
3430125
3430126
3430127
3430128
3430129
3430130
3430131
3430132
3430133
3430134
3430135
3430136
3430137
3430138
3430139
3430140
3430141
3430142
3430143
3430144
3430145
3430146
3430147
3430148
3430149
3430150
3430151
3430153
3430154
3430155
3430156
3430157
3430158
3430159
3430162
3430163
3430165
3430166
3430167
3430168
3430169
3430170
3430181
3430192
3430193
3430194
3430195
3430196
3430197
3430201
3430202
3430204
3430205
3430208
3430211
3430212
3430214
3430215
3430228
3430229
3430241
3430242
3430243
3430252
3430272
3430273
3430274
3430276
3430277
3430278
3430283
3430285
3430286
3430294
3430306
3430307
3430308
3430309
3430310
3430311
3430312
3430313
3430315
3430316
3430318
3430324
3430325
3430327
3430329
3430330
3430331
3430333
3430334
3430341
3430342
3430343
3430354
3430355
3430361
3430366
3430367
3430368
3430370
3430386
3430396
3430397
3430398
3430399
3430400
3430405
3430406
3430408
3430430
3430438
3430439
3430466
3430467
3430470
3430471
3430477
3430487
3430534
3430539
3430543
3430549
3430558
3430559
3430560
3430563
3430564
3430565
3430566
3430567
3430570
3430571
3430572
3430578
3430579
3430580
3430581
3430583
3430584
3430585
3430586
3430587
3430591
3430600
3430601
3430602
3430608
3430611
3430612
3430613
3430618
3430621
3430622
3430623
3430625
3430626
3430627
3430629
3430631
3430633
3430634
3430635
3430637
3430638
3430641
3430642
3430647
3430652
3430653
3430654
3430656
3430657
3430658
3430659
3430660
3430666
3430667
3430668
3430669
3430670
3430674
3430683
3430684
3430686
3430687
3430688
3430695
3430699
3430700
3430701
3430706
3430711
3430713
3430714
3430718
3430720
3430727
3430728
3430730
3430734
3430735
3430736
3430739
3430744
3430745
3430746
3430754
3430757
3430758
3430759
3430760
3430761
3430762
3430766
3430767
3430768
3430771
3430773
3430774
3430775
3430776
3430790
3430791
3430792
3430793
3430794
3430795
3430796
3430797
3430798
3430800
3430803
3430809
3430817
3430819
3430821
3430825
3430844
3430845
3430846
3430847
3430867
3430868
3430877
3430878
3430879
3430880
3430884
3430892
3430905
3430918
3430922
3430930
3430931
3430932
3430933
3430934
3430935
3430936
3430937
3430938
3430939
3430940
3430941
3430945
3430948
3430970
3430975
3430979
3430981
3430989
3431036
3431037
3431038
3431039
3431040
3431042
3431043
3431045
3431046
3431047
3431048
3431049
3431050
3431051
3431052
3431058
3431059
3431060
3431062
3431076
3431077
3431081
3431083
3431086
3431103
3431113
3431114
3431115
3431116
3431117
3431118
3431120
3431122
3431123
3431124
3431135
3431154
3431155
3431156
3431158
3431159
3431160
3431169
3431172
3431195
3431196
3431200
3431201
3431202
3431208
3431210
3431211
3431216
3431218
3431220
3431221
3431222
3431223
3431224
3431225
3431228
3431229
3431232
3431233
3431234
3431235
3431236
3431237
3431239
3431240
3431241
3431242
3431247
3431249
3431251
3431252
3431253
3431255
3431256
3431257
3431268
3431269
3431270
3431272
3431284
3431303
3431307
3431317
3431318
3431319
3431323
3431324
3431326
3431327
3431328
3431329
3431330
3431331
3431332
3431333
3431334
3431335
3431336
3431337
3431339
3431341
3431342
3431343
3431345
3431346
3431347
3431348
3431349
3431350
3431356
3431359
3431360
3431364
3431365
3431369
3431379
3431388
3431389
3431390
3431394
3431401
3431403
3431406
3431407
3431408
3431410
3431411
3431412
3431414
3431418
3431419
3431420
3431421
3431422
3431423
3431424
3431426
3431427
3431454
3431455
3431462
3431463
3431468
3431469
3431475
3431479
3431480
3431481
3431482
3431483
3431484
3431485
3431486
3431487
3431488
3431496
3431498
3431501
3431502
3431506
3431510
3431511
3431514
3431515
3431516
3431519
3431520
3431523
3431528
3431529
3431530
3431532
3431533
3431553
3431557
3431558
3431559
3431560
3431564
3431582
3431583
3431584
3431585
3431586
3431592
3431613
3431614
3431615
3431616
3431617
3431618
3431626
3431627
3431629
3431631
3431632
3431634
3431635
3431637
3431638
3431639
3431641
3431642
3431644
3431647
3431653
3431655
3431656
3431657
3431660
3431662
3431664
3431665
3431666
3431676
3431677
3431696
3431703
3431708
3431712
3431713
3431714
3431715
3431716
3431723
3431724
3431725
3431726
3431727
3431729
3431730
3431731
3431732
3431733
3431734
3431737
3431738
3431739
3431740
3431741
3431742
3431744
3431745
3431746
3431748
3431749
3431750
3431751
3431752
3431754
3431755
3431756
3431758
3431759
3431761
3431762
3431763
3431765
3431768
3431770
3431771
3431772
3431774
3431775
3431776
3431777
3431778
3431779
3431781
3431782
3431783
3431785
3431787
3431788
3431790
3431791
3431792
3431793
3431794
3431795
3431796
3431797
3431801
3431802
3431804
3431805
3431809
3431812
3431814
3431815
3431816
3431821
3431822
3431823
3431824
3431825
3431853
3431854
3431856
3431857
3431858
3431859
3431860
3431862
3431863
3431868
3431869
3431870
3431871
3431872
3431875
3431876
3431877
3431878
3431879
3431880
3431881
3431883
3431884
3431885
3431894
3431896
3431898
3431904
3431905
3431907
3431910
3431912
3431917
3431920
3431921
3431922
3431923
3431924
3431925
3431926
3431927
3431928
3431929
3431930
3431934
3431938
3431939
3431940
3431941
3431942
3431943
3431944
3431945
3431946
3431947
3431948
3431949
3431950
3431951
3431952
3431953
3431954
3431955
3431956
3431957
3431958
3431959
3431960
3431961
3431962
3431963
3431965
3431966
3431967
3431968
3431969
3431970
3431971
3431972
3431973
3431974
3431975
3431976
3431977
3431978
3431979
3431980
3431982
3431983
3431984
3431985
3431986
3431987
3431988
3431989
3431990
3431991
3431993
3431994
3431995
3431996
3431997
3431999
3432000
3432001
3432002
3432006
3432007
3432008
3432009
3432010
3432011
3432012
3432013
3432014
3432015
3432016
3432017
3432018
3432019
3432020
3432027
3432031
3432040
3432043
3432044
3432045
3432046
3432047
3432057
3432059
3432060
3432061
3432062
3432063
3432064
3432065
3432068
3432132
3432134
3432137
3432138
3432139
3432144
3432148
3432149
3432150
3432151
3432152
3432156
3432164
3432165
3432167
3432168
3432169
3432172
3432173
3432174
3432175
3432176
3432177
3432180
3432182
3432183
3432185
3432186
3432188
3432192
3432193
3432194
3432195
3432196
3432197
3432198
3432202
3432203
3432204
3432205
3432206
3432207
3432209
3432217
3432219
3432224
3432226
3432232
3432235
3432242
3432244
3432245
3432248
3432253
3432254
3432255
3432256
3432258
3432263
3432265
3432266
3432267
3432269
3432271
3432275
3432276
3432277
3432278
3432279
3432280
3432283
3432284
3432285
3432286
3432287
3432288
3432289
3432290
3432292
3432293
3432295
3432296
3432297
3432298
3432299
3432300
3432301
3432303
3432304
3432310
3432311
3432328
3432329
3432330
3432348
3432349
3432351
3432353
3432355
3432356
3432357
3432362
3432363
3432364
3432367
3432368
3432370
3432371
3432372
3432373
3432375
3432376
3432377
3432380
3432381
3432382
3432383
3432384
3432385
3432386
3432390
3432391
3432396
3432397
3432400
3432402
3432409
3432412
3432415
3432423
3432424
3432425
3432426
3432438
3432440
3432441
3432443
3432445
3432446
3432447
3432467
3432468
3432471
3432472
3432482
3432484
3432485
3432486
3432487
3432492
3432493
3432494
3432495
3432496
3432498
3432500
3432502
3432503
3432504
3432505
3432506
3432507
3432508
3432509
3432510
3432511
3432512
3432513
3432514
3432515
3432516
3432523
3432524
3432525
3432527
3432530
3432533
3432535
3432536
3432539
3432540
3432541
3432543
3432546
3432547
3432548
3432552
3432553
3432565
3432566
3432567
3432569
3432571
3432573
3432574
3432575
3432576
3432577
3432581
3432582
3432583
3432584
3432599
3432619
3432624
3432625
3432626
3432627
3432628
3432629
3432630
3432631
3432632
3432633
3432634
3432635
3432636
3432637
3432638
3432639
3432640
3432644
3432645
3432646
3432647
3432648
3432651
3432652
3432654
3432657
3432663
3432664
3432665
3432666
3432667
3432669
3432670
3432671
3432672
3432673
3432674
3432675
3432677
3432678
3432679
3432680
3432681
3432682
3432683
3432684
3432685
3432686
3432687
3432688
3432689
3432690
3432691
3432692
3432694
3432695
3432696
3432697
3432698
3432699
3432700
3432719
3432720
3432721
3432726
3432729
3432730
3432731
3432732
3432733
3432734
3432735
3432736
3432737
3432738
3432739
3432740
3432741
3432742
3432743
3432744
3432745
3432746
3432747
3432748
3432749
3432750
3432751
3432752
3432753
3432754
3432755
3432756
3432757
3432758
3432759
3432760
3432761
3432762
3432764
3432765
3432771
3432772
3432773
3432774
3432775
3432776
3432777
3432778
3432779
3432780
3432781
3432782
3432783
3432784
3432788
3432789
3432794
3432800
3432802
3432847
3432850
3432851
3432852
3432854
3432856
3432857
3432858
3432859
3432860
3432861
3432862
3432863
3432864
3432865
3432867
3432868
3432869
3432870
3432871
3432872
3432873
3432875
3432876
3432877
3432878
3432879
3432880
3432881
3432883
3432884
3432885
3432886
3432887
3432888
3432889
3432890
3432891
3432892
3432893
3432895
3432896
3432897
3432898
3432899
3432900
3432906
3432908
3432921
3432922
3432924
3432925
3432926
3432928
3432936
3432937
3432939
3432941
3432942
3432943
3432944
3432947
3432951
3432957
3432958
3432959
3432963
3432964
3432965
3432967
3432969
3432971
3432976
3432979
3432980
3432981
3432982
3432983
3432986
3432988
3432989
3432991
3432993
3432997
3432998
3432999
3433000
3433001
3433002
3433003
3433004
3433005
3433006
3433010
3433023
3433024
3433025
3433026
3433027
3433028
3433029
3433030
3433031
3433032
3433038
3433039
3433040
3433046
3433047
3433054
3433055
3433056
3433057
3433058
3433061
3433065
3433068
3433072
3433076
3433091
3433098
3433107
3433111
3433113
3433117
3433118
3433121
3433122
3433124
3433125
3433128
3433129
3433131
3433133
3433134
3433135
3433136
3433137
3433138
3433139
3433141
3433142
3433143
3433144
3433145
3433152
3433153
3433155
3433156
3433157
3433159
3433160
3433162
3433164
3433165
3433166
3433167
3433168
3433169
3433170
3433172
3433174
3433175
3433177
3433178
3433179
3433183
3433184
3433186
3433187
3433189
3433190
3433191
3433198
3433199
3433200
3433201
3433202
3433204
3433205
3433206
3433209
3433210
3433211
3433214
3433216
3433219
3433222
3433223
3433224
3433229
3433231
3433232
3433235
3433239
3433240
3433242
3433250
3433252
3433254
3433255
3433257
3433258
3433260
3433265
3433273
3433274
3433293
3433295
3433333
3433334
3433335
3433340
3433341
3433342
3433343
3433347
3433348
3433349
3433353
3433354
3433355
3433356
3433357
3433358
3433359
3433360
3433361
3433362
3433363
3433365
3433369
3433370
3433371
3433372
3433373
3433374
3433375
3433376
3433377
3433378
3433379
3433381
3433382
3433383
3433384
3433385
3433386
3433389
3433390
3433392
3433393
3433394
3433395
3433396
3433397
3433399
3433400
3433401
3433402
3433403
3433404
3433405
3433407
3433408
3433410
3433411
3433412
3433413
3433414
3433416
3433417
3433418
3433419
3433420
3433421
3433422
3433423
3433424
3433426
3433431
3433433
3433434
3433436
3433453
3433454
3433470
3433471
3433472
3433473
3433474
3433481
3433484
3433488
3433490
3433506
3433523
3433524
3433525
3433531
3433532
3433533
3433534
3433535
3433536
3433537
3433538
3433539
3433540
3433570
3433572
3433577
3433589
3433608
3433609
3433610
3433611
3433612
3433613
3433614
3433615
3433616
3433617
3433618
3433619
3433620
3433621
3433628
3433633
3433635
3433641
3433668
3433670
3433674
3433676
3433679
3433708
3433709
3433710
3433711
3433712
3433713
3433714
3433715
3433718
3433719
3433721
3433722
3433724
3433725
3433726
3433727
3433728
3433729
3433730
3433732
3433736
3433739
3433740
3433741
3433743
3433746
3433747
3433749
3433756
3433758
3433763
3433770
3433771
3433772
3433773
3433774
3433776
3433778
3433779
3433780
3433789
3433792
3433793
3433794
3433798
3433799
3433800
3433804
3433809
3433812
3433819
3433820
3433821
3433822
3433823
3433824
3433825
3433826
3433827
3433829
3433830
3433831
3433832
3433833
3433834
3433835
3433836
3433837
3433838
3433839
3433841
3433842
3433843
3433845
3433846
3433847
3433849
3433850
3433851
3433852
3433853
3433854
3433855
3433856
3433857
3433858
3433859
3433930
3433932
3433933
3433934
3433935
3433938
3433940
3433941
3433942
3433943
3433944
3433955
3434033
3434034
3434334
3434335
3434336
3434656
3434749
3434750
3434751
3434752
3434753
3434754
3434755
3434941
3434949
3434951
3434952
3434954
3434955
3434957
3434958
3434959
3434962
3435198
3435398
3435401
3435627
3435784
3435820
3435821
3435822
3435823
3435824
3436054
3436057
3436063
3436190
3436191
3436192
3436193
3436195
3436546
3436547
3436859
3438238
3438422
3439019
3439020
3439021
3439836
3439837
3439838
